2026.06.03 08:12:51 INFO  Started: Metals version 1.6.7 in folders '/home/santiago/DesarrolloDeSoftwareI/victus-caf' for client Code - OSS 1.121.0.[0m
2026.06.03 08:12:51 INFO  Memory monitor started[0m
2026.06.03 08:12:53 WARN  Using H2 2.4.240 which is newer than the version Flyway has been verified with. The latest verified version of H2 is 2.3.232.[0m
2026.06.03 08:12:55 INFO  no build target found for /home/santiago/DesarrolloDeSoftwareI/victus-caf/victus-caf-backend/src/main/java/com/victuscaf/modules/client/controller/UsuarioSistemaController.java. Using fallback presentation compiler.[0m
jun 03, 2026 8:12:57 A. M. org.eclipse.lsp4j.jsonrpc.RemoteEndpoint handleCancellation
ADVERTENCIA: Unmatched cancel notification for request id 2
2026.06.03 08:12:57 INFO  no build target found for /home/santiago/DesarrolloDeSoftwareI/victus-caf/victus-caf-backend/src/main/java/com/victuscaf/modules/client/controller/UsuarioSistemaController.java. Using fallback presentation compiler.[0m
jun 03, 2026 8:12:58 A. M. org.eclipse.lsp4j.jsonrpc.RemoteEndpoint handleCancellation
ADVERTENCIA: Unmatched cancel notification for request id 7
jun 03, 2026 8:12:58 A. M. org.eclipse.lsp4j.jsonrpc.RemoteEndpoint handleCancellation
ADVERTENCIA: Unmatched cancel notification for request id 4
jun 03, 2026 8:12:58 A. M. org.eclipse.lsp4j.jsonrpc.RemoteEndpoint handleCancellation
ADVERTENCIA: Unmatched cancel notification for request id 6
jun 03, 2026 8:12:58 A. M. org.eclipse.lsp4j.jsonrpc.RemoteEndpoint handleCancellation
ADVERTENCIA: Unmatched cancel notification for request id 1
2026.06.03 08:12:57 INFO  no build target found for /home/santiago/DesarrolloDeSoftwareI/victus-caf/victus-caf-backend/src/main/java/com/victuscaf/modules/client/models/MetaFisica.java. Using fallback presentation compiler.[0m
jun 03, 2026 8:12:58 A. M. org.eclipse.lsp4j.jsonrpc.RemoteEndpoint handleCancellation
ADVERTENCIA: Unmatched cancel notification for request id 8
2026.06.03 08:12:57 INFO  no build target found for /home/santiago/DesarrolloDeSoftwareI/victus-caf/victus-caf-backend/src/main/java/com/victuscaf/modules/client/models/MetaFisica.java. Using fallback presentation compiler.[0m
jun 03, 2026 8:12:58 A. M. org.eclipse.lsp4j.jsonrpc.RemoteEndpoint handleCancellation
ADVERTENCIA: Unmatched cancel notification for request id 11
2026.06.03 08:12:58 INFO  no build target found for /home/santiago/DesarrolloDeSoftwareI/victus-caf/victus-caf-backend/src/main/java/com/victuscaf/modules/client/models/MetaFisica.java. Using fallback presentation compiler.[0m
jun 03, 2026 8:12:59 A. M. org.eclipse.lsp4j.jsonrpc.RemoteEndpoint handleCancellation
ADVERTENCIA: Unmatched cancel notification for request id 10
2026.06.03 08:12:59 INFO  no build target found for /home/santiago/DesarrolloDeSoftwareI/victus-caf/victus-caf-backend/src/main/java/com/victuscaf/modules/client/models/MetaFisica.java. Using fallback presentation compiler.[0m
2026.06.03 08:13:03 INFO  no build target found for /home/santiago/DesarrolloDeSoftwareI/victus-caf/victus-caf-backend/src/main/java/com/victuscaf/modules/client/models/MetaFisica.java. Using fallback presentation compiler.[0m
2026.06.03 08:13:05 INFO  no build target found for /home/santiago/DesarrolloDeSoftwareI/victus-caf/victus-caf-backend/src/main/java/com/victuscaf/modules/client/controller/UsuarioSistemaController.java. Using fallback presentation compiler.[0m
2026.06.03 08:13:11 INFO  no build target found for /home/santiago/DesarrolloDeSoftwareI/victus-caf/victus-caf-backend/src/main/java/com/victuscaf/modules/client/models/MetaFisica.java. Using fallback presentation compiler.[0m
2026.06.03 08:13:14 INFO  no build target found for /home/santiago/DesarrolloDeSoftwareI/victus-caf/victus-caf-backend/src/main/java/com/victuscaf/modules/client/models/MetaFisica.java. Using fallback presentation compiler.[0m
2026.06.03 08:13:16 INFO  no build target found for /home/santiago/DesarrolloDeSoftwareI/victus-caf/victus-caf-backend/src/main/java/com/victuscaf/modules/client/models/MetaFisica.java. Using fallback presentation compiler.[0m
2026.06.03 08:13:19 INFO  no build target found for /home/santiago/DesarrolloDeSoftwareI/victus-caf/victus-caf-backend/src/main/java/com/victuscaf/modules/client/models/MetaFisica.java. Using fallback presentation compiler.[0m
2026.06.03 08:13:21 INFO  no build target found for /home/santiago/DesarrolloDeSoftwareI/victus-caf/victus-caf-backend/src/main/java/com/victuscaf/modules/client/models/MetaFisica.java. Using fallback presentation compiler.[0m
2026.06.03 08:13:24 INFO  no build target found for /home/santiago/DesarrolloDeSoftwareI/victus-caf/victus-caf-backend/src/main/java/com/victuscaf/modules/client/models/MetaFisica.java. Using fallback presentation compiler.[0m
2026.06.03 08:13:25 INFO  no build target found for /home/santiago/DesarrolloDeSoftwareI/victus-caf/victus-caf-backend/src/main/java/com/victuscaf/modules/client/models/MetaFisica.java. Using fallback presentation compiler.[0m
2026.06.03 08:13:28 INFO  no build target found for /home/santiago/DesarrolloDeSoftwareI/victus-caf/victus-caf-backend/src/main/java/com/victuscaf/modules/client/models/MetaFisica.java. Using fallback presentation compiler.[0m
2026.06.03 08:13:28 INFO  no build target found for /home/santiago/DesarrolloDeSoftwareI/victus-caf/victus-caf-backend/src/main/java/com/victuscaf/modules/client/models/MetaFisica.java. Using fallback presentation compiler.[0m
2026.06.03 08:13:30 INFO  no build target found for /home/santiago/DesarrolloDeSoftwareI/victus-caf/victus-caf-backend/src/main/java/com/victuscaf/modules/client/models/MetaFisica.java. Using fallback presentation compiler.[0m
2026.06.03 08:13:32 INFO  no build target found for /home/santiago/DesarrolloDeSoftwareI/victus-caf/victus-caf-backend/src/main/java/com/victuscaf/modules/client/models/MetaFisica.java. Using fallback presentation compiler.[0m
2026.06.03 08:13:34 INFO  no build target found for /home/santiago/DesarrolloDeSoftwareI/victus-caf/victus-caf-backend/src/main/java/com/victuscaf/modules/client/models/MetaFisica.java. Using fallback presentation compiler.[0m
2026.06.03 08:13:34 WARN  no build target for: /home/santiago/DesarrolloDeSoftwareI/victus-caf/victus-caf-backend/src/main/java/com/victuscaf/modules/client/models/MetaFisica.java[0m
jun 03, 2026 8:13:34 A. M. org.eclipse.lsp4j.jsonrpc.RemoteEndpoint handleCancellation
ADVERTENCIA: Unmatched cancel notification for request id 30
2026.06.03 08:13:34 INFO  no build target found for /home/santiago/DesarrolloDeSoftwareI/victus-caf/victus-caf-backend/src/main/java/com/victuscaf/modules/client/models/MetaFisica.java. Using fallback presentation compiler.[0m
2026.06.03 08:13:34 INFO  no build target found for /home/santiago/DesarrolloDeSoftwareI/victus-caf/victus-caf-backend/src/main/java/com/victuscaf/modules/client/models/MetaFisica.java. Using fallback presentation compiler.[0m
2026.06.03 08:13:34 INFO  no build target found for /home/santiago/DesarrolloDeSoftwareI/victus-caf/victus-caf-backend/src/main/java/com/victuscaf/modules/client/models/MetaFisica.java. Using fallback presentation compiler.[0m
2026.06.03 08:13:34 INFO  no build target found for /home/santiago/DesarrolloDeSoftwareI/victus-caf/victus-caf-backend/src/main/java/com/victuscaf/modules/client/models/MetaFisica.java. Using fallback presentation compiler.[0m
2026.06.03 08:13:34 INFO  no build target found for /home/santiago/DesarrolloDeSoftwareI/victus-caf/victus-caf-backend/src/main/java/com/victuscaf/modules/client/models/MetaFisica.java. Using fallback presentation compiler.[0m
2026.06.03 08:13:34 INFO  no build target found for /home/santiago/DesarrolloDeSoftwareI/victus-caf/victus-caf-backend/src/main/java/com/victuscaf/modules/client/models/MetaFisica.java. Using fallback presentation compiler.[0m
2026.06.03 08:13:42 INFO  no build target found for /home/santiago/DesarrolloDeSoftwareI/victus-caf/victus-caf-backend/src/main/java/com/victuscaf/security/AuthController.java. Using fallback presentation compiler.[0m
2026.06.03 08:13:43 INFO  no build target found for /home/santiago/DesarrolloDeSoftwareI/victus-caf/victus-caf-backend/src/main/java/com/victuscaf/security/AuthController.java. Using fallback presentation compiler.[0m
2026.06.03 08:13:42 INFO  no build target found for /home/santiago/DesarrolloDeSoftwareI/victus-caf/victus-caf-backend/src/main/java/com/victuscaf/security/AuthController.java. Using fallback presentation compiler.[0m
2026.06.03 08:13:43 INFO  no build target found for /home/santiago/DesarrolloDeSoftwareI/victus-caf/victus-caf-backend/src/main/java/com/victuscaf/security/AuthController.java. Using fallback presentation compiler.[0m
2026.06.03 08:13:43 INFO  no build target found for /home/santiago/DesarrolloDeSoftwareI/victus-caf/victus-caf-backend/src/main/java/com/victuscaf/security/AuthController.java. Using fallback presentation compiler.[0m
2026.06.03 08:13:45 INFO  no build target found for /home/santiago/DesarrolloDeSoftwareI/victus-caf/victus-caf-backend/src/main/java/com/victuscaf/security/AuthController.java. Using fallback presentation compiler.[0m
2026.06.03 08:13:45 INFO  no build target found for /home/santiago/DesarrolloDeSoftwareI/victus-caf/victus-caf-backend/src/main/java/com/victuscaf/security/AuthController.java. Using fallback presentation compiler.[0m
2026.06.03 08:13:45 INFO  no build target found for /home/santiago/DesarrolloDeSoftwareI/victus-caf/victus-caf-backend/src/main/java/com/victuscaf/security/AuthController.java. Using fallback presentation compiler.[0m
2026.06.03 08:13:45 INFO  no build target found for /home/santiago/DesarrolloDeSoftwareI/victus-caf/victus-caf-backend/src/main/java/com/victuscaf/security/AuthController.java. Using fallback presentation compiler.[0m
2026.06.03 08:13:45 INFO  no build target found for /home/santiago/DesarrolloDeSoftwareI/victus-caf/victus-caf-backend/src/main/java/com/victuscaf/security/AuthController.java. Using fallback presentation compiler.[0m
2026.06.03 08:13:47 INFO  no build target found for /home/santiago/DesarrolloDeSoftwareI/victus-caf/victus-caf-backend/src/main/java/com/victuscaf/security/AuthController.java. Using fallback presentation compiler.[0m
2026.06.03 08:13:47 INFO  no build target found for /home/santiago/DesarrolloDeSoftwareI/victus-caf/victus-caf-backend/src/main/java/com/victuscaf/security/AuthController.java. Using fallback presentation compiler.[0m
jun 03, 2026 8:13:47 A. M. org.eclipse.lsp4j.jsonrpc.RemoteEndpoint handleCancellation
ADVERTENCIA: Unmatched cancel notification for request id 55
2026.06.03 08:13:47 INFO  no build target found for /home/santiago/DesarrolloDeSoftwareI/victus-caf/victus-caf-backend/src/main/java/com/victuscaf/security/AuthController.java. Using fallback presentation compiler.[0m
2026.06.03 08:13:47 INFO  no build target found for /home/santiago/DesarrolloDeSoftwareI/victus-caf/victus-caf-backend/src/main/java/com/victuscaf/security/AuthController.java. Using fallback presentation compiler.[0m
2026.06.03 08:13:47 INFO  no build target found for /home/santiago/DesarrolloDeSoftwareI/victus-caf/victus-caf-backend/src/main/java/com/victuscaf/security/AuthController.java. Using fallback presentation compiler.[0m
2026.06.03 08:13:47 INFO  no build target found for /home/santiago/DesarrolloDeSoftwareI/victus-caf/victus-caf-backend/src/main/java/com/victuscaf/security/AuthController.java. Using fallback presentation compiler.[0m
2026.06.03 08:13:47 INFO  no build target found for /home/santiago/DesarrolloDeSoftwareI/victus-caf/victus-caf-backend/src/main/java/com/victuscaf/security/AuthController.java. Using fallback presentation compiler.[0m
2026.06.03 08:13:48 INFO  no build target found for /home/santiago/DesarrolloDeSoftwareI/victus-caf/victus-caf-backend/src/main/java/com/victuscaf/security/AuthController.java. Using fallback presentation compiler.[0m
2026.06.03 08:13:48 INFO  no build target found for /home/santiago/DesarrolloDeSoftwareI/victus-caf/victus-caf-backend/src/main/java/com/victuscaf/security/AuthController.java. Using fallback presentation compiler.[0m
2026.06.03 08:13:48 INFO  no build target found for /home/santiago/DesarrolloDeSoftwareI/victus-caf/victus-caf-backend/src/main/java/com/victuscaf/security/AuthController.java. Using fallback presentation compiler.[0m
2026.06.03 08:13:48 INFO  no build target found for /home/santiago/DesarrolloDeSoftwareI/victus-caf/victus-caf-backend/src/main/java/com/victuscaf/security/AuthController.java. Using fallback presentation compiler.[0m
2026.06.03 08:13:48 INFO  no build target found for /home/santiago/DesarrolloDeSoftwareI/victus-caf/victus-caf-backend/src/main/java/com/victuscaf/security/AuthController.java. Using fallback presentation compiler.[0m
2026.06.03 08:13:51 INFO  no build target found for /home/santiago/DesarrolloDeSoftwareI/victus-caf/victus-caf-backend/src/main/java/com/victuscaf/security/AuthController.java. Using fallback presentation compiler.[0m
2026.06.03 08:13:51 INFO  no build target found for /home/santiago/DesarrolloDeSoftwareI/victus-caf/victus-caf-backend/src/main/java/com/victuscaf/security/AuthController.java. Using fallback presentation compiler.[0m
2026.06.03 08:13:51 INFO  no build target found for /home/santiago/DesarrolloDeSoftwareI/victus-caf/victus-caf-backend/src/main/java/com/victuscaf/security/AuthController.java. Using fallback presentation compiler.[0m
2026.06.03 08:13:51 INFO  no build target found for /home/santiago/DesarrolloDeSoftwareI/victus-caf/victus-caf-backend/src/main/java/com/victuscaf/security/AuthController.java. Using fallback presentation compiler.[0m
2026.06.03 08:13:51 INFO  no build target found for /home/santiago/DesarrolloDeSoftwareI/victus-caf/victus-caf-backend/src/main/java/com/victuscaf/security/AuthController.java. Using fallback presentation compiler.[0m
2026.06.03 08:13:51 INFO  no build target found for /home/santiago/DesarrolloDeSoftwareI/victus-caf/victus-caf-backend/src/main/java/com/victuscaf/security/AuthController.java. Using fallback presentation compiler.[0m
jun 03, 2026 8:13:52 A. M. org.eclipse.lsp4j.jsonrpc.RemoteEndpoint handleCancellation
ADVERTENCIA: Unmatched cancel notification for request id 72
2026.06.03 08:13:51 INFO  no build target found for /home/santiago/DesarrolloDeSoftwareI/victus-caf/victus-caf-backend/src/main/java/com/victuscaf/security/AuthController.java. Using fallback presentation compiler.[0m
2026.06.03 08:13:51 INFO  no build target found for /home/santiago/DesarrolloDeSoftwareI/victus-caf/victus-caf-backend/src/main/java/com/victuscaf/security/AuthController.java. Using fallback presentation compiler.[0m
2026.06.03 08:13:54 INFO  no build target found for /home/santiago/DesarrolloDeSoftwareI/victus-caf/victus-caf-backend/src/main/java/com/victuscaf/security/AuthController.java. Using fallback presentation compiler.[0m
2026.06.03 08:14:05 INFO  Shutting down server[0m
2026.06.03 08:14:05 INFO  Memory monitor stopped[0m
2026.06.03 08:14:05 INFO  shutting down Metals[0m
2026.06.03 08:14:05 INFO  Exiting server[0m
2026.06.03 08:14:05 ERROR Unexpected error initializing server: 
org.eclipse.lsp4j.jsonrpc.ResponseErrorException: Request window/showMessageRequest failed with message: Canceled
	at org.eclipse.lsp4j.jsonrpc.RemoteEndpoint.handleResponse(RemoteEndpoint.java:214)
	at org.eclipse.lsp4j.jsonrpc.RemoteEndpoint.consume(RemoteEndpoint.java:198)
	at org.eclipse.lsp4j.jsonrpc.json.StreamMessageProducer.handleMessage(StreamMessageProducer.java:189)
	at org.eclipse.lsp4j.jsonrpc.json.StreamMessageProducer.listen(StreamMessageProducer.java:97)
	at org.eclipse.lsp4j.jsonrpc.json.ConcurrentMessageProcessor.run(ConcurrentMessageProcessor.java:97)
	at java.util.concurrent.Executors$RunnableAdapter.call(Executors.java:572)
	at java.util.concurrent.FutureTask.run(FutureTask.java:317)
	at java.util.concurrent.ThreadPoolExecutor.runWorker(ThreadPoolExecutor.java:1144)
	at java.util.concurrent.ThreadPoolExecutor$Worker.run(ThreadPoolExecutor.java:642)
	at java.lang.Thread.run(Thread.java:1583)
[0m
2026.06.03 19:29:40 INFO  Started: Metals version 1.6.7 in folders '/home/santiago/DesarrolloDeSoftwareI/victus-caf' for client Code - OSS 1.121.0.[0m
2026.06.03 19:29:41 INFO  time: initialize in 0.2s[0m
2026.06.03 19:29:42 INFO  Memory monitor started[0m
2026.06.03 19:29:47 WARN  Using H2 2.4.240 which is newer than the version Flyway has been verified with. The latest verified version of H2 is 2.3.232.[0m
2026.06.03 19:29:53 INFO  running '/usr/lib/jvm/java-21-openjdk/bin/java -Dfile.encoding=UTF-8 -Dmaven.multiModuleProjectDirectory=/home/santiago/DesarrolloDeSoftwareI/victus-caf/victus-caf-backend -Dmaven.home=/tmp/metals4351126026801318701 -cp /tmp/metals4351126026801318701/maven-wrapper.jar org.apache.maven.wrapper.MavenWrapperMain generate-sources ch.epfl.scala:bloop-maven-plugin:2.0.3:bloopInstall -DdownloadSources=true'[0m
2026.06.03 19:29:56 INFO  restarted 0 presentation compilers[0m
2026.06.03 19:30:15 INFO  [INFO] Scanning for projects...[0m
2026.06.03 19:30:16 INFO  Downloading from central: https://repo.maven.apache.org/maven2/ch/epfl/scala/bloop-maven-plugin/2.0.3/bloop-maven-plugin-2.0.3.pom[0m
2026.06.03 19:30:16 INFO  Progress (1): 1.1 kB[0m
2026.06.03 19:30:16 INFO  Progress (1): 2.5 kB[0m
2026.06.03 19:30:16 INFO  Progress (1): 5.6 kB[0m
2026.06.03 19:30:16 INFO  Progress (1): 8.0 kB[0m
2026.06.03 19:30:16 INFO                      [0m
2026.06.03 19:30:16 INFO  Downloaded from central: https://repo.maven.apache.org/maven2/ch/epfl/scala/bloop-maven-plugin/2.0.3/bloop-maven-plugin-2.0.3.pom (8.0 kB at 15 kB/s)[0m
2026.06.03 19:30:16 INFO  Downloading from central: https://repo.maven.apache.org/maven2/ch/epfl/scala/bloop-maven-plugin/2.0.3/bloop-maven-plugin-2.0.3.jar[0m
2026.06.03 19:30:16 INFO  Progress (1): 0.9/44 kB[0m
2026.06.03 19:30:16 INFO  Progress (1): 2.3/44 kB[0m
2026.06.03 19:30:16 INFO  Progress (1): 3.6/44 kB[0m
2026.06.03 19:30:16 INFO  Progress (1): 5.0/44 kB[0m
2026.06.03 19:30:16 INFO  Progress (1): 6.4/44 kB[0m
2026.06.03 19:30:16 INFO  Progress (1): 7.7/44 kB[0m
2026.06.03 19:30:16 INFO  Progress (1): 9.1/44 kB[0m
2026.06.03 19:30:16 INFO  Progress (1): 10/44 kB [0m
2026.06.03 19:30:16 INFO  Progress (1): 12/44 kB[0m
2026.06.03 19:30:16 INFO  Progress (1): 12/44 kB[0m
2026.06.03 19:30:16 INFO  Progress (1): 14/44 kB[0m
2026.06.03 19:30:16 INFO  Progress (1): 15/44 kB[0m
2026.06.03 19:30:16 INFO  Progress (1): 16/44 kB[0m
2026.06.03 19:30:16 INFO  Progress (1): 18/44 kB[0m
2026.06.03 19:30:16 INFO  Progress (1): 19/44 kB[0m
2026.06.03 19:30:16 INFO  Progress (1): 21/44 kB[0m
2026.06.03 19:30:16 INFO  Progress (1): 22/44 kB[0m
2026.06.03 19:30:16 INFO  Progress (1): 23/44 kB[0m
2026.06.03 19:30:16 INFO  Progress (1): 25/44 kB[0m
2026.06.03 19:30:16 INFO  Progress (1): 26/44 kB[0m
2026.06.03 19:30:16 INFO  Progress (1): 27/44 kB[0m
2026.06.03 19:30:16 INFO  Progress (1): 29/44 kB[0m
2026.06.03 19:30:16 INFO  Progress (1): 30/44 kB[0m
2026.06.03 19:30:16 INFO  Progress (1): 31/44 kB[0m
2026.06.03 19:30:16 INFO  Progress (1): 33/44 kB[0m
2026.06.03 19:30:16 INFO  Progress (1): 34/44 kB[0m
2026.06.03 19:30:16 INFO  Progress (1): 36/44 kB[0m
2026.06.03 19:30:16 INFO  Progress (1): 37/44 kB[0m
2026.06.03 19:30:16 INFO  Progress (1): 38/44 kB[0m
2026.06.03 19:30:16 INFO  Progress (1): 40/44 kB[0m
2026.06.03 19:30:16 INFO  Progress (1): 41/44 kB[0m
2026.06.03 19:30:16 INFO  Progress (1): 42/44 kB[0m
2026.06.03 19:30:16 INFO  Progress (1): 44/44 kB[0m
2026.06.03 19:30:16 INFO  Progress (1): 44 kB   [0m
2026.06.03 19:30:16 INFO                     [0m
2026.06.03 19:30:16 INFO  Downloaded from central: https://repo.maven.apache.org/maven2/ch/epfl/scala/bloop-maven-plugin/2.0.3/bloop-maven-plugin-2.0.3.jar (44 kB at 238 kB/s)[0m
2026.06.03 19:30:16 INFO  [INFO] [0m
2026.06.03 19:30:16 INFO  [INFO] -------------< uv.desarrolloSoftwareI:victus-caf-backend >--------------[0m
2026.06.03 19:30:16 INFO  [INFO] Building victus-caf-backend 0.0.1-SNAPSHOT[0m
2026.06.03 19:30:16 INFO  [INFO]   from pom.xml[0m
2026.06.03 19:30:16 INFO  [INFO] --------------------------------[ jar ]---------------------------------[0m
2026.06.03 19:30:21 INFO  [INFO] [0m
2026.06.03 19:30:21 INFO  [INFO] --- bloop:2.0.3:bloopInstall (default-cli) @ victus-caf-backend ---[0m
2026.06.03 19:30:21 INFO  Downloading from central: https://repo.maven.apache.org/maven2/org/scala-lang/scala-library/2.13.8/scala-library-2.13.8.pom[0m
2026.06.03 19:30:21 INFO  Progress (1): 1.2 kB[0m
2026.06.03 19:30:21 INFO  Progress (1): 1.6 kB[0m
2026.06.03 19:30:21 INFO                      [0m
2026.06.03 19:30:21 INFO  Downloaded from central: https://repo.maven.apache.org/maven2/org/scala-lang/scala-library/2.13.8/scala-library-2.13.8.pom (1.6 kB at 7.6 kB/s)[0m
2026.06.03 19:30:21 INFO  Downloading from central: https://repo.maven.apache.org/maven2/ch/epfl/scala/bloop-config_2.13/2.3.3/bloop-config_2.13-2.3.3.pom[0m
2026.06.03 19:30:21 INFO  Progress (1): 1.4 kB[0m
2026.06.03 19:30:21 INFO  Progress (1): 2.3 kB[0m
2026.06.03 19:30:21 INFO                      [0m
2026.06.03 19:30:21 INFO  Downloaded from central: https://repo.maven.apache.org/maven2/ch/epfl/scala/bloop-config_2.13/2.3.3/bloop-config_2.13-2.3.3.pom (2.3 kB at 11 kB/s)[0m
2026.06.03 19:30:21 INFO  Downloading from central: https://repo.maven.apache.org/maven2/com/github/plokhotnyuk/jsoniter-scala/jsoniter-scala-core_2.13/2.13.5.2/jsoniter-scala-core_2.13-2.13.5.2.pom[0m
2026.06.03 19:30:21 INFO  Progress (1): 1.4 kB[0m
2026.06.03 19:30:21 INFO  Progress (1): 2.4 kB[0m
2026.06.03 19:30:21 INFO                      [0m
2026.06.03 19:30:21 INFO  Downloaded from central: https://repo.maven.apache.org/maven2/com/github/plokhotnyuk/jsoniter-scala/jsoniter-scala-core_2.13/2.13.5.2/jsoniter-scala-core_2.13-2.13.5.2.pom (2.4 kB at 14 kB/s)[0m
2026.06.03 19:30:21 INFO  Downloading from central: https://repo.maven.apache.org/maven2/com/lihaoyi/unroll-annotation_2.13/0.1.12/unroll-annotation_2.13-0.1.12.pom[0m
2026.06.03 19:30:21 INFO  Progress (1): 1.3 kB[0m
2026.06.03 19:30:22 INFO  Progress (1): 1.5 kB[0m
2026.06.03 19:30:22 INFO                      [0m
2026.06.03 19:30:22 INFO  Downloaded from central: https://repo.maven.apache.org/maven2/com/lihaoyi/unroll-annotation_2.13/0.1.12/unroll-annotation_2.13-0.1.12.pom (1.5 kB at 7.0 kB/s)[0m
2026.06.03 19:30:22 INFO  Downloading from central: https://repo.maven.apache.org/maven2/org/scala-lang/scala-library/2.13.12/scala-library-2.13.12.pom[0m
2026.06.03 19:30:22 INFO  no build target found for /home/santiago/DesarrolloDeSoftwareI/victus-caf/victus-caf-backend/src/main/java/com/victuscaf/security/SecurityConfig.java. Using fallback presentation compiler.[0m
2026.06.03 19:30:22 INFO  Progress (1): 1.2 kB[0m
2026.06.03 19:30:22 INFO  Progress (1): 1.6 kB[0m
2026.06.03 19:30:22 INFO                      [0m
2026.06.03 19:30:22 INFO  Downloaded from central: https://repo.maven.apache.org/maven2/org/scala-lang/scala-library/2.13.12/scala-library-2.13.12.pom (1.6 kB at 5.0 kB/s)[0m
2026.06.03 19:30:22 INFO  Downloading from central: https://repo.maven.apache.org/maven2/org/scala-lang/scala-library/2.13.16/scala-library-2.13.16.pom[0m
2026.06.03 19:30:22 INFO  Progress (1): 1.1 kB[0m
2026.06.03 19:30:22 INFO  Progress (1): 1.6 kB[0m
2026.06.03 19:30:22 INFO                      [0m
2026.06.03 19:30:22 INFO  Downloaded from central: https://repo.maven.apache.org/maven2/org/scala-lang/scala-library/2.13.16/scala-library-2.13.16.pom (1.6 kB at 7.8 kB/s)[0m
2026.06.03 19:30:22 INFO  Downloading from central: https://repo.maven.apache.org/maven2/net/alchim31/maven/scala-maven-plugin/4.8.0/scala-maven-plugin-4.8.0.pom[0m
2026.06.03 19:30:22 INFO  Progress (1): 995 B[0m
2026.06.03 19:30:22 INFO  Progress (1): 3.5 kB[0m
2026.06.03 19:30:23 INFO  Progress (1): 5.9 kB[0m
2026.06.03 19:30:23 INFO  Progress (1): 11 kB [0m
2026.06.03 19:30:23 INFO  Progress (1): 14 kB[0m
2026.06.03 19:30:23 INFO  Progress (1): 17 kB[0m
2026.06.03 19:30:23 INFO  Progress (1): 21 kB[0m
2026.06.03 19:30:23 INFO  Progress (1): 24 kB[0m
2026.06.03 19:30:23 INFO  Progress (1): 26 kB[0m
2026.06.03 19:30:23 INFO                     [0m
2026.06.03 19:30:23 INFO  Downloaded from central: https://repo.maven.apache.org/maven2/net/alchim31/maven/scala-maven-plugin/4.8.0/scala-maven-plugin-4.8.0.pom (26 kB at 78 kB/s)[0m
2026.06.03 19:30:23 WARN  no build target for: /home/santiago/DesarrolloDeSoftwareI/victus-caf/victus-caf-backend/src/main/java/com/victuscaf/security/SecurityConfig.java[0m
2026.06.03 19:30:24 INFO  Downloading from central: https://repo.maven.apache.org/maven2/org/apache/commons/commons-exec/1.3/commons-exec-1.3.pom[0m
2026.06.03 19:30:24 INFO  Progress (1): 788 B[0m
2026.06.03 19:30:24 INFO  Progress (1): 2.3 kB[0m
2026.06.03 19:30:24 INFO  Progress (1): 5.3 kB[0m
2026.06.03 19:30:24 INFO  Progress (1): 7.8 kB[0m
2026.06.03 19:30:24 INFO  Progress (1): 10 kB [0m
2026.06.03 19:30:24 INFO  Progress (1): 11 kB[0m
2026.06.03 19:30:24 INFO                     [0m
2026.06.03 19:30:24 INFO  Downloaded from central: https://repo.maven.apache.org/maven2/org/apache/commons/commons-exec/1.3/commons-exec-1.3.pom (11 kB at 46 kB/s)[0m
2026.06.03 19:30:24 INFO  Downloading from central: https://repo.maven.apache.org/maven2/org/apache/commons/commons-parent/35/commons-parent-35.pom[0m
2026.06.03 19:30:24 INFO  Progress (1): 714 B[0m
2026.06.03 19:30:24 INFO  Progress (1): 2.0 kB[0m
2026.06.03 19:30:24 INFO  Progress (1): 3.3 kB[0m
2026.06.03 19:30:24 INFO  Progress (1): 4.8 kB[0m
2026.06.03 19:30:24 INFO  Progress (1): 8.2 kB[0m
2026.06.03 19:30:24 INFO  Progress (1): 11 kB [0m
2026.06.03 19:30:24 INFO  Progress (1): 15 kB[0m
2026.06.03 19:30:24 INFO  Progress (1): 16 kB[0m
2026.06.03 19:30:24 INFO  Progress (1): 19 kB[0m
2026.06.03 19:30:24 INFO  Progress (1): 22 kB[0m
2026.06.03 19:30:24 INFO  Progress (1): 25 kB[0m
2026.06.03 19:30:24 INFO  Progress (1): 27 kB[0m
2026.06.03 19:30:24 INFO  Progress (1): 31 kB[0m
2026.06.03 19:30:24 INFO  Progress (1): 34 kB[0m
2026.06.03 19:30:24 INFO  Progress (1): 38 kB[0m
2026.06.03 19:30:24 INFO  Progress (1): 44 kB[0m
2026.06.03 19:30:24 INFO  Progress (1): 45 kB[0m
2026.06.03 19:30:24 INFO  Progress (1): 47 kB[0m
2026.06.03 19:30:24 INFO  Progress (1): 50 kB[0m
2026.06.03 19:30:24 INFO  Progress (1): 52 kB[0m
2026.06.03 19:30:24 INFO  Progress (1): 55 kB[0m
2026.06.03 19:30:24 INFO  Progress (1): 57 kB[0m
2026.06.03 19:30:24 INFO  Progress (1): 58 kB[0m
2026.06.03 19:30:24 INFO                     [0m
2026.06.03 19:30:24 INFO  Downloaded from central: https://repo.maven.apache.org/maven2/org/apache/commons/commons-parent/35/commons-parent-35.pom (58 kB at 166 kB/s)[0m
2026.06.03 19:30:24 INFO  Downloading from central: https://repo.maven.apache.org/maven2/org/codehaus/plexus/plexus-archiver/4.6.0/plexus-archiver-4.6.0.pom[0m
2026.06.03 19:30:25 INFO  Progress (1): 1.2 kB[0m
2026.06.03 19:30:25 INFO  Progress (1): 4.1 kB[0m
2026.06.03 19:30:25 INFO  Progress (1): 6.3 kB[0m
2026.06.03 19:30:25 INFO  Progress (1): 6.5 kB[0m
2026.06.03 19:30:25 INFO                      [0m
2026.06.03 19:30:25 INFO  Downloaded from central: https://repo.maven.apache.org/maven2/org/codehaus/plexus/plexus-archiver/4.6.0/plexus-archiver-4.6.0.pom (6.5 kB at 27 kB/s)[0m
2026.06.03 19:30:25 INFO  Downloading from central: https://repo.maven.apache.org/maven2/com/github/luben/zstd-jni/1.5.2-5/zstd-jni-1.5.2-5.pom[0m
2026.06.03 19:30:25 INFO  Progress (1): 1.1 kB[0m
2026.06.03 19:30:25 INFO  Progress (1): 1.9 kB[0m
2026.06.03 19:30:25 INFO                      [0m
2026.06.03 19:30:25 INFO  Downloaded from central: https://repo.maven.apache.org/maven2/com/github/luben/zstd-jni/1.5.2-5/zstd-jni-1.5.2-5.pom (1.9 kB at 9.0 kB/s)[0m
2026.06.03 19:30:25 INFO  Downloading from central: https://repo.maven.apache.org/maven2/org/codehaus/plexus/plexus-classworlds/2.7.0/plexus-classworlds-2.7.0.pom[0m
2026.06.03 19:30:25 INFO  Progress (1): 915 B[0m
2026.06.03 19:30:25 INFO  Progress (1): 2.5 kB[0m
2026.06.03 19:30:25 INFO  Progress (1): 5.7 kB[0m
2026.06.03 19:30:25 INFO  Progress (1): 7.6 kB[0m
2026.06.03 19:30:25 INFO                      [0m
2026.06.03 19:30:25 INFO  Downloaded from central: https://repo.maven.apache.org/maven2/org/codehaus/plexus/plexus-classworlds/2.7.0/plexus-classworlds-2.7.0.pom (7.6 kB at 43 kB/s)[0m
2026.06.03 19:30:25 INFO  Downloading from central: https://repo.maven.apache.org/maven2/org/scala-sbt/zinc_2.13/1.8.0/zinc_2.13-1.8.0.pom[0m
2026.06.03 19:30:25 INFO  Progress (1): 1.3 kB[0m
2026.06.03 19:30:25 INFO  Progress (1): 4.1 kB[0m
2026.06.03 19:30:25 INFO                      [0m
2026.06.03 19:30:25 INFO  Downloaded from central: https://repo.maven.apache.org/maven2/org/scala-sbt/zinc_2.13/1.8.0/zinc_2.13-1.8.0.pom (4.1 kB at 22 kB/s)[0m
2026.06.03 19:30:25 INFO  Downloading from central: https://repo.maven.apache.org/maven2/org/scala-sbt/zinc-core_2.13/1.8.0/zinc-core_2.13-1.8.0.pom[0m
2026.06.03 19:30:27 INFO  Progress (1): 1.3 kB[0m
2026.06.03 19:30:27 INFO  Progress (1): 5.3 kB[0m
2026.06.03 19:30:27 INFO                      [0m
2026.06.03 19:30:27 INFO  Downloaded from central: https://repo.maven.apache.org/maven2/org/scala-sbt/zinc-core_2.13/1.8.0/zinc-core_2.13-1.8.0.pom (5.3 kB at 41 kB/s)[0m
2026.06.03 19:30:27 INFO  Downloading from central: https://repo.maven.apache.org/maven2/org/scala-sbt/zinc-compile-core_2.13/1.8.0/zinc-compile-core_2.13-1.8.0.pom[0m
2026.06.03 19:30:27 INFO  Progress (1): 1.2 kB[0m
2026.06.03 19:30:27 INFO  Progress (1): 5.5 kB[0m
2026.06.03 19:30:27 INFO                      [0m
2026.06.03 19:30:27 INFO  Downloaded from central: https://repo.maven.apache.org/maven2/org/scala-sbt/zinc-compile-core_2.13/1.8.0/zinc-compile-core_2.13-1.8.0.pom (5.5 kB at 51 kB/s)[0m
2026.06.03 19:30:27 INFO  Downloading from central: https://repo.maven.apache.org/maven2/org/scala-sbt/compiler-interface/1.8.0/compiler-interface-1.8.0.pom[0m
2026.06.03 19:30:27 INFO  Progress (1): 1.3 kB[0m
2026.06.03 19:30:27 INFO  Progress (1): 3.0 kB[0m
2026.06.03 19:30:27 INFO                      [0m
2026.06.03 19:30:27 INFO  Downloaded from central: https://repo.maven.apache.org/maven2/org/scala-sbt/compiler-interface/1.8.0/compiler-interface-1.8.0.pom (3.0 kB at 25 kB/s)[0m
2026.06.03 19:30:27 INFO  Downloading from central: https://repo.maven.apache.org/maven2/org/scala-sbt/util-interface/1.8.0/util-interface-1.8.0.pom[0m
2026.06.03 19:30:27 INFO  Progress (1): 1.3 kB[0m
2026.06.03 19:30:27 INFO  Progress (1): 2.6 kB[0m
2026.06.03 19:30:27 INFO                      [0m
2026.06.03 19:30:27 INFO  Downloaded from central: https://repo.maven.apache.org/maven2/org/scala-sbt/util-interface/1.8.0/util-interface-1.8.0.pom (2.6 kB at 19 kB/s)[0m
2026.06.03 19:30:27 INFO  Downloading from central: https://repo.maven.apache.org/maven2/org/scala-sbt/zinc-classpath_2.13/1.8.0/zinc-classpath_2.13-1.8.0.pom[0m
2026.06.03 19:30:27 INFO  Progress (1): 1.3 kB[0m
2026.06.03 19:30:27 INFO  Progress (1): 3.9 kB[0m
2026.06.03 19:30:27 INFO                      [0m
2026.06.03 19:30:27 INFO  Downloaded from central: https://repo.maven.apache.org/maven2/org/scala-sbt/zinc-classpath_2.13/1.8.0/zinc-classpath_2.13-1.8.0.pom (3.9 kB at 16 kB/s)[0m
2026.06.03 19:30:27 INFO  Downloading from central: https://repo.maven.apache.org/maven2/org/scala-lang/scala-compiler/2.13.8/scala-compiler-2.13.8.pom[0m
2026.06.03 19:30:27 INFO  Progress (1): 1.2 kB[0m
2026.06.03 19:30:27 INFO  Progress (1): 2.3 kB[0m
2026.06.03 19:30:27 INFO                      [0m
2026.06.03 19:30:27 INFO  Downloaded from central: https://repo.maven.apache.org/maven2/org/scala-lang/scala-compiler/2.13.8/scala-compiler-2.13.8.pom (2.3 kB at 24 kB/s)[0m
2026.06.03 19:30:27 INFO  Downloading from central: https://repo.maven.apache.org/maven2/org/scala-lang/scala-reflect/2.13.8/scala-reflect-2.13.8.pom[0m
2026.06.03 19:30:28 INFO  Progress (1): 1.2 kB[0m
2026.06.03 19:30:28 INFO  Progress (1): 1.8 kB[0m
2026.06.03 19:30:28 INFO                      [0m
2026.06.03 19:30:28 INFO  Downloaded from central: https://repo.maven.apache.org/maven2/org/scala-lang/scala-reflect/2.13.8/scala-reflect-2.13.8.pom (1.8 kB at 19 kB/s)[0m
2026.06.03 19:30:28 INFO  Downloading from central: https://repo.maven.apache.org/maven2/net/java/dev/jna/jna/5.9.0/jna-5.9.0.pom[0m
2026.06.03 19:30:28 INFO  Progress (1): 1.4 kB[0m
2026.06.03 19:30:28 INFO  Progress (1): 2.0 kB[0m
2026.06.03 19:30:28 INFO                      [0m
2026.06.03 19:30:28 INFO  Downloaded from central: https://repo.maven.apache.org/maven2/net/java/dev/jna/jna/5.9.0/jna-5.9.0.pom (2.0 kB at 16 kB/s)[0m
2026.06.03 19:30:28 INFO  Downloading from central: https://repo.maven.apache.org/maven2/org/scala-sbt/io_2.13/1.8.0/io_2.13-1.8.0.pom[0m
2026.06.03 19:30:28 INFO  Progress (1): 1.4 kB[0m
2026.06.03 19:30:28 INFO  Progress (1): 3.3 kB[0m
2026.06.03 19:30:28 INFO                      [0m
2026.06.03 19:30:28 INFO  Downloaded from central: https://repo.maven.apache.org/maven2/org/scala-sbt/io_2.13/1.8.0/io_2.13-1.8.0.pom (3.3 kB at 23 kB/s)[0m
2026.06.03 19:30:28 INFO  Downloading from central: https://repo.maven.apache.org/maven2/com/swoval/file-tree-views/2.1.9/file-tree-views-2.1.9.pom[0m
2026.06.03 19:30:28 INFO  Progress (1): 1.4 kB[0m
2026.06.03 19:30:28 INFO  Progress (1): 1.7 kB[0m
2026.06.03 19:30:28 INFO                      [0m
2026.06.03 19:30:28 INFO  Downloaded from central: https://repo.maven.apache.org/maven2/com/swoval/file-tree-views/2.1.9/file-tree-views-2.1.9.pom (1.7 kB at 8.9 kB/s)[0m
2026.06.03 19:30:28 INFO  Downloading from central: https://repo.maven.apache.org/maven2/net/java/dev/jna/jna/5.12.0/jna-5.12.0.pom[0m
2026.06.03 19:30:28 INFO  Progress (1): 1.4 kB[0m
2026.06.03 19:30:28 INFO  Progress (1): 2.0 kB[0m
2026.06.03 19:30:28 INFO                      [0m
2026.06.03 19:30:28 INFO  Downloaded from central: https://repo.maven.apache.org/maven2/net/java/dev/jna/jna/5.12.0/jna-5.12.0.pom (2.0 kB at 16 kB/s)[0m
2026.06.03 19:30:28 INFO  Downloading from central: https://repo.maven.apache.org/maven2/net/java/dev/jna/jna-platform/5.12.0/jna-platform-5.12.0.pom[0m
2026.06.03 19:30:29 INFO  Progress (1): 1.3 kB[0m
2026.06.03 19:30:29 INFO  Progress (1): 2.3 kB[0m
2026.06.03 19:30:29 INFO                      [0m
2026.06.03 19:30:29 INFO  Downloaded from central: https://repo.maven.apache.org/maven2/net/java/dev/jna/jna-platform/5.12.0/jna-platform-5.12.0.pom (2.3 kB at 11 kB/s)[0m
2026.06.03 19:30:29 INFO  Downloading from central: https://repo.maven.apache.org/maven2/org/scala-sbt/zinc-apiinfo_2.13/1.8.0/zinc-apiinfo_2.13-1.8.0.pom[0m
2026.06.03 19:30:29 INFO  Progress (1): 1.3 kB[0m
2026.06.03 19:30:29 INFO  Progress (1): 3.8 kB[0m
2026.06.03 19:30:29 INFO                      [0m
2026.06.03 19:30:29 INFO  Downloaded from central: https://repo.maven.apache.org/maven2/org/scala-sbt/zinc-apiinfo_2.13/1.8.0/zinc-apiinfo_2.13-1.8.0.pom (3.8 kB at 17 kB/s)[0m
2026.06.03 19:30:29 INFO  Downloading from central: https://repo.maven.apache.org/maven2/org/scala-sbt/compiler-bridge_2.13/1.8.0/compiler-bridge_2.13-1.8.0.pom[0m
2026.06.03 19:30:29 INFO  Progress (1): 1.3 kB[0m
2026.06.03 19:30:29 INFO  Progress (1): 2.8 kB[0m
2026.06.03 19:30:29 INFO                      [0m
2026.06.03 19:30:29 INFO  Downloaded from central: https://repo.maven.apache.org/maven2/org/scala-sbt/compiler-bridge_2.13/1.8.0/compiler-bridge_2.13-1.8.0.pom (2.8 kB at 16 kB/s)[0m
2026.06.03 19:30:29 INFO  Downloading from central: https://repo.maven.apache.org/maven2/org/scala-sbt/zinc-classfile_2.13/1.8.0/zinc-classfile_2.13-1.8.0.pom[0m
2026.06.03 19:30:29 INFO  Progress (1): 1.3 kB[0m
2026.06.03 19:30:29 INFO  Progress (1): 4.0 kB[0m
2026.06.03 19:30:29 INFO                      [0m
2026.06.03 19:30:29 INFO  Downloaded from central: https://repo.maven.apache.org/maven2/org/scala-sbt/zinc-classfile_2.13/1.8.0/zinc-classfile_2.13-1.8.0.pom (4.0 kB at 15 kB/s)[0m
2026.06.03 19:30:29 INFO  Downloading from central: https://repo.maven.apache.org/maven2/org/scala-sbt/util-logging_2.13/1.8.0/util-logging_2.13-1.8.0.pom[0m
2026.06.03 19:30:30 INFO  Progress (1): 1.2 kB[0m
2026.06.03 19:30:30 INFO  Progress (1): 5.6 kB[0m
2026.06.03 19:30:30 INFO  Progress (1): 5.7 kB[0m
2026.06.03 19:30:30 INFO                      [0m
2026.06.03 19:30:30 INFO  Downloaded from central: https://repo.maven.apache.org/maven2/org/scala-sbt/util-logging_2.13/1.8.0/util-logging_2.13-1.8.0.pom (5.7 kB at 25 kB/s)[0m
2026.06.03 19:30:30 INFO  Downloading from central: https://repo.maven.apache.org/maven2/org/scala-sbt/collections_2.13/1.8.0/collections_2.13-1.8.0.pom[0m
2026.06.03 19:30:30 INFO  Progress (1): 1.3 kB[0m
2026.06.03 19:30:30 INFO  Progress (1): 4.4 kB[0m
2026.06.03 19:30:30 INFO                      [0m
2026.06.03 19:30:30 INFO  Downloaded from central: https://repo.maven.apache.org/maven2/org/scala-sbt/collections_2.13/1.8.0/collections_2.13-1.8.0.pom (4.4 kB at 22 kB/s)[0m
2026.06.03 19:30:30 INFO  Downloading from central: https://repo.maven.apache.org/maven2/org/scala-sbt/util-position_2.13/1.8.0/util-position_2.13-1.8.0.pom[0m
2026.06.03 19:30:30 INFO  Progress (1): 1.3 kB[0m
2026.06.03 19:30:30 INFO  Progress (1): 3.2 kB[0m
2026.06.03 19:30:30 INFO                      [0m
2026.06.03 19:30:30 INFO  Downloaded from central: https://repo.maven.apache.org/maven2/org/scala-sbt/util-position_2.13/1.8.0/util-position_2.13-1.8.0.pom (3.2 kB at 18 kB/s)[0m
2026.06.03 19:30:30 INFO  Downloading from central: https://repo.maven.apache.org/maven2/org/scala-lang/modules/scala-parallel-collections_2.13/0.2.0/scala-parallel-collections_2.13-0.2.0.pom[0m
2026.06.03 19:30:30 INFO  Progress (1): 1.4 kB[0m
2026.06.03 19:30:30 INFO  Progress (1): 1.8 kB[0m
2026.06.03 19:30:30 INFO                      [0m
2026.06.03 19:30:30 INFO  Downloaded from central: https://repo.maven.apache.org/maven2/org/scala-lang/modules/scala-parallel-collections_2.13/0.2.0/scala-parallel-collections_2.13-0.2.0.pom (1.8 kB at 8.5 kB/s)[0m
2026.06.03 19:30:30 INFO  Downloading from central: https://repo.maven.apache.org/maven2/org/scala-lang/scala-library/2.13.0/scala-library-2.13.0.pom[0m
2026.06.03 19:30:30 INFO  Progress (1): 1.2 kB[0m
2026.06.03 19:30:30 INFO  Progress (1): 1.6 kB[0m
2026.06.03 19:30:31 INFO                      [0m
2026.06.03 19:30:31 INFO  Downloaded from central: https://repo.maven.apache.org/maven2/org/scala-lang/scala-library/2.13.0/scala-library-2.13.0.pom (1.6 kB at 9.1 kB/s)[0m
2026.06.03 19:30:31 INFO  Downloading from central: https://repo.maven.apache.org/maven2/org/scala-sbt/core-macros_2.13/1.8.0/core-macros_2.13-1.8.0.pom[0m
2026.06.03 19:30:31 INFO  Progress (1): 1.3 kB[0m
2026.06.03 19:30:31 INFO  Progress (1): 3.1 kB[0m
2026.06.03 19:30:31 INFO                      [0m
2026.06.03 19:30:31 INFO  Downloaded from central: https://repo.maven.apache.org/maven2/org/scala-sbt/core-macros_2.13/1.8.0/core-macros_2.13-1.8.0.pom (3.1 kB at 18 kB/s)[0m
2026.06.03 19:30:31 INFO  Downloading from central: https://repo.maven.apache.org/maven2/org/jline/jline-terminal/3.19.0/jline-terminal-3.19.0.pom[0m
2026.06.03 19:30:31 INFO  Progress (1): 1.2 kB[0m
2026.06.03 19:30:31 INFO  Progress (1): 1.3 kB[0m
2026.06.03 19:30:31 INFO                      [0m
2026.06.03 19:30:31 INFO  Downloaded from central: https://repo.maven.apache.org/maven2/org/jline/jline-terminal/3.19.0/jline-terminal-3.19.0.pom (1.3 kB at 7.1 kB/s)[0m
2026.06.03 19:30:31 INFO  Downloading from central: https://repo.maven.apache.org/maven2/org/jline/jline-parent/3.19.0/jline-parent-3.19.0.pom[0m
2026.06.03 19:30:31 INFO  Progress (1): 930 B[0m
2026.06.03 19:30:31 INFO  Progress (1): 2.9 kB[0m
2026.06.03 19:30:31 INFO  Progress (1): 8.3 kB[0m
2026.06.03 19:30:31 INFO  Progress (1): 13 kB [0m
2026.06.03 19:30:31 INFO  Progress (1): 16 kB[0m
2026.06.03 19:30:31 INFO  Progress (1): 20 kB[0m
2026.06.03 19:30:31 INFO  Progress (1): 24 kB[0m
2026.06.03 19:30:31 INFO                     [0m
2026.06.03 19:30:31 INFO  Downloaded from central: https://repo.maven.apache.org/maven2/org/jline/jline-parent/3.19.0/jline-parent-3.19.0.pom (24 kB at 140 kB/s)[0m
2026.06.03 19:30:31 INFO  Downloading from central: https://repo.maven.apache.org/maven2/org/scala-lang/modules/scala-parser-combinators_2.13/1.1.2/scala-parser-combinators_2.13-1.1.2.pom[0m
2026.06.03 19:30:31 INFO  Progress (1): 1.4 kB[0m
2026.06.03 19:30:31 INFO  Progress (1): 2.2 kB[0m
2026.06.03 19:30:31 INFO                      [0m
2026.06.03 19:30:31 INFO  Downloaded from central: https://repo.maven.apache.org/maven2/org/scala-lang/modules/scala-parser-combinators_2.13/1.1.2/scala-parser-combinators_2.13-1.1.2.pom (2.2 kB at 11 kB/s)[0m
2026.06.03 19:30:31 INFO  Downloading from central: https://repo.maven.apache.org/maven2/net/openhft/zero-allocation-hashing/0.10.1/zero-allocation-hashing-0.10.1.pom[0m
2026.06.03 19:30:32 INFO  Progress (1): 786 B[0m
2026.06.03 19:30:32 INFO  Progress (1): 2.5 kB[0m
2026.06.03 19:30:32 INFO  Progress (1): 6.3 kB[0m
2026.06.03 19:30:32 INFO  Progress (1): 8.1 kB[0m
2026.06.03 19:30:32 INFO                      [0m
2026.06.03 19:30:32 INFO  Downloaded from central: https://repo.maven.apache.org/maven2/net/openhft/zero-allocation-hashing/0.10.1/zero-allocation-hashing-0.10.1.pom (8.1 kB at 33 kB/s)[0m
2026.06.03 19:30:32 WARN  no build target for: /home/santiago/DesarrolloDeSoftwareI/victus-caf/victus-caf-backend/src/main/java/com/victuscaf/security/SecurityConfig.java[0m
2026.06.03 19:30:32 INFO  Downloading from central: https://repo.maven.apache.org/maven2/net/openhft/root-parent-pom/1.1.13/root-parent-pom-1.1.13.pom[0m
2026.06.03 19:30:32 INFO  Progress (1): 788 B[0m
2026.06.03 19:30:32 INFO  Progress (1): 3.4 kB[0m
2026.06.03 19:30:32 INFO  Progress (1): 7.4 kB[0m
2026.06.03 19:30:32 INFO  Progress (1): 9.8 kB[0m
2026.06.03 19:30:32 INFO                      [0m
2026.06.03 19:30:32 INFO  Downloaded from central: https://repo.maven.apache.org/maven2/net/openhft/root-parent-pom/1.1.13/root-parent-pom-1.1.13.pom (9.8 kB at 43 kB/s)[0m
2026.06.03 19:30:32 INFO  Downloading from central: https://repo.maven.apache.org/maven2/org/scala-sbt/util-control_2.13/1.8.0/util-control_2.13-1.8.0.pom[0m
2026.06.03 19:30:32 INFO  Progress (1): 1.3 kB[0m
2026.06.03 19:30:32 INFO  Progress (1): 2.8 kB[0m
2026.06.03 19:30:32 INFO                      [0m
2026.06.03 19:30:32 INFO  Downloaded from central: https://repo.maven.apache.org/maven2/org/scala-sbt/util-control_2.13/1.8.0/util-control_2.13-1.8.0.pom (2.8 kB at 13 kB/s)[0m
2026.06.03 19:30:32 INFO  Downloading from central: https://repo.maven.apache.org/maven2/org/scala-sbt/zinc-persist-core-assembly/1.8.0/zinc-persist-core-assembly-1.8.0.pom[0m
2026.06.03 19:30:32 INFO  Progress (1): 1.3 kB[0m
2026.06.03 19:30:32 INFO  Progress (1): 2.4 kB[0m
2026.06.03 19:30:32 INFO                      [0m
2026.06.03 19:30:32 INFO  Downloaded from central: https://repo.maven.apache.org/maven2/org/scala-sbt/zinc-persist-core-assembly/1.8.0/zinc-persist-core-assembly-1.8.0.pom (2.4 kB at 7.9 kB/s)[0m
2026.06.03 19:30:32 INFO  Downloading from central: https://repo.maven.apache.org/maven2/org/scala-sbt/util-relation_2.13/1.8.0/util-relation_2.13-1.8.0.pom[0m
2026.06.03 19:30:33 INFO  Progress (1): 1.3 kB[0m
2026.06.03 19:30:33 INFO  Progress (1): 3.0 kB[0m
2026.06.03 19:30:33 INFO                      [0m
2026.06.03 19:30:33 INFO  Downloaded from central: https://repo.maven.apache.org/maven2/org/scala-sbt/util-relation_2.13/1.8.0/util-relation_2.13-1.8.0.pom (3.0 kB at 14 kB/s)[0m
2026.06.03 19:30:33 INFO  Downloading from central: https://repo.maven.apache.org/maven2/org/scala-sbt/zinc-persist_2.13/1.8.0/zinc-persist_2.13-1.8.0.pom[0m
2026.06.03 19:30:33 INFO  Progress (1): 1.3 kB[0m
2026.06.03 19:30:33 INFO  Progress (1): 4.3 kB[0m
2026.06.03 19:30:33 INFO                      [0m
2026.06.03 19:30:33 INFO  Downloaded from central: https://repo.maven.apache.org/maven2/org/scala-sbt/zinc-persist_2.13/1.8.0/zinc-persist_2.13-1.8.0.pom (4.3 kB at 22 kB/s)[0m
2026.06.03 19:30:33 INFO  Downloading from central: https://repo.maven.apache.org/maven2/org/scala-lang/scala-library/2.13.8/scala-library-2.13.8.jar[0m
2026.06.03 19:30:34 INFO  Progress (1): 0/6.0 MB[0m
2026.06.03 19:30:34 INFO  Progress (1): 0/6.0 MB[0m
2026.06.03 19:30:34 INFO  Progress (1): 0/6.0 MB[0m
2026.06.03 19:30:34 INFO  Progress (1): 0/6.0 MB[0m
2026.06.03 19:30:34 INFO  Progress (1): 0.1/6.0 MB[0m
2026.06.03 19:30:34 INFO  Progress (1): 0.1/6.0 MB[0m
2026.06.03 19:30:34 INFO  Progress (1): 0.1/6.0 MB[0m
2026.06.03 19:30:34 INFO  Progress (1): 0.1/6.0 MB[0m
2026.06.03 19:30:34 INFO  Progress (1): 0.1/6.0 MB[0m
2026.06.03 19:30:34 INFO  Progress (1): 0.1/6.0 MB[0m
2026.06.03 19:30:34 INFO  Progress (1): 0.2/6.0 MB[0m
2026.06.03 19:30:34 INFO  Progress (1): 0.2/6.0 MB[0m
2026.06.03 19:30:34 INFO  Progress (1): 0.2/6.0 MB[0m
2026.06.03 19:30:34 INFO  Progress (1): 0.2/6.0 MB[0m
2026.06.03 19:30:34 INFO  Progress (1): 0.2/6.0 MB[0m
2026.06.03 19:30:34 INFO  Progress (1): 0.2/6.0 MB[0m
2026.06.03 19:30:34 INFO  Progress (1): 0.3/6.0 MB[0m
2026.06.03 19:30:34 INFO  Progress (1): 0.3/6.0 MB[0m
2026.06.03 19:30:35 INFO  Progress (1): 0.3/6.0 MB[0m
2026.06.03 19:30:35 INFO  Progress (1): 0.3/6.0 MB[0m
2026.06.03 19:30:35 INFO  Progress (1): 0.3/6.0 MB[0m
2026.06.03 19:30:35 INFO  Progress (1): 0.3/6.0 MB[0m
2026.06.03 19:30:35 INFO  Progress (1): 0.4/6.0 MB[0m
2026.06.03 19:30:35 INFO  Progress (1): 0.4/6.0 MB[0m
2026.06.03 19:30:35 INFO  Progress (1): 0.4/6.0 MB[0m
2026.06.03 19:30:35 INFO  Progress (1): 0.4/6.0 MB[0m
2026.06.03 19:30:35 INFO  Progress (1): 0.4/6.0 MB[0m
2026.06.03 19:30:35 INFO  Progress (1): 0.4/6.0 MB[0m
2026.06.03 19:30:35 INFO  Progress (1): 0.5/6.0 MB[0m
2026.06.03 19:30:35 INFO  Progress (1): 0.5/6.0 MB[0m
2026.06.03 19:30:35 INFO  Progress (1): 0.5/6.0 MB[0m
2026.06.03 19:30:35 INFO  Progress (1): 0.5/6.0 MB[0m
2026.06.03 19:30:35 INFO  Progress (1): 0.5/6.0 MB[0m
2026.06.03 19:30:35 INFO  Progress (1): 0.5/6.0 MB[0m
2026.06.03 19:30:35 INFO  Progress (1): 0.6/6.0 MB[0m
2026.06.03 19:30:35 INFO  Progress (1): 0.6/6.0 MB[0m
2026.06.03 19:30:35 INFO  Progress (1): 0.6/6.0 MB[0m
2026.06.03 19:30:35 INFO  Progress (1): 0.6/6.0 MB[0m
2026.06.03 19:30:35 INFO  Progress (1): 0.6/6.0 MB[0m
2026.06.03 19:30:35 INFO  Progress (1): 0.6/6.0 MB[0m
2026.06.03 19:30:35 INFO  Progress (1): 0.7/6.0 MB[0m
2026.06.03 19:30:35 INFO  Progress (1): 0.7/6.0 MB[0m
2026.06.03 19:30:35 INFO  Progress (1): 0.7/6.0 MB[0m
2026.06.03 19:30:35 INFO  Progress (1): 0.7/6.0 MB[0m
2026.06.03 19:30:35 INFO  Progress (1): 0.7/6.0 MB[0m
2026.06.03 19:30:35 INFO  Progress (1): 0.7/6.0 MB[0m
2026.06.03 19:30:35 INFO  Progress (1): 0.7/6.0 MB[0m
2026.06.03 19:30:35 INFO  Progress (1): 0.8/6.0 MB[0m
2026.06.03 19:30:35 INFO  Progress (1): 0.8/6.0 MB[0m
2026.06.03 19:30:35 INFO  Progress (1): 0.8/6.0 MB[0m
2026.06.03 19:30:35 INFO  Progress (1): 0.8/6.0 MB[0m
2026.06.03 19:30:35 INFO  Progress (1): 0.8/6.0 MB[0m
2026.06.03 19:30:35 INFO  Progress (1): 0.8/6.0 MB[0m
2026.06.03 19:30:35 INFO  Progress (1): 0.9/6.0 MB[0m
2026.06.03 19:30:35 INFO  Progress (1): 0.9/6.0 MB[0m
2026.06.03 19:30:35 INFO  Progress (1): 0.9/6.0 MB[0m
2026.06.03 19:30:35 INFO  Progress (1): 0.9/6.0 MB[0m
2026.06.03 19:30:35 INFO  Progress (1): 0.9/6.0 MB[0m
2026.06.03 19:30:35 INFO  Progress (1): 0.9/6.0 MB[0m
2026.06.03 19:30:35 INFO  Progress (1): 1.0/6.0 MB[0m
2026.06.03 19:30:35 INFO  Progress (1): 1.0/6.0 MB[0m
2026.06.03 19:30:35 INFO  Progress (1): 1.0/6.0 MB[0m
2026.06.03 19:30:35 INFO  Progress (1): 1.0/6.0 MB[0m
2026.06.03 19:30:35 INFO  Progress (1): 1.0/6.0 MB[0m
2026.06.03 19:30:35 INFO  Progress (1): 1.0/6.0 MB[0m
2026.06.03 19:30:35 INFO  Progress (1): 1.1/6.0 MB[0m
2026.06.03 19:30:35 INFO  Progress (1): 1.1/6.0 MB[0m
2026.06.03 19:30:35 INFO  Progress (1): 1.1/6.0 MB[0m
2026.06.03 19:30:35 INFO  Progress (1): 1.1/6.0 MB[0m
2026.06.03 19:30:35 INFO  Progress (1): 1.1/6.0 MB[0m
2026.06.03 19:30:35 INFO  Progress (1): 1.1/6.0 MB[0m
2026.06.03 19:30:35 INFO  Progress (1): 1.2/6.0 MB[0m
2026.06.03 19:30:35 INFO  Progress (1): 1.2/6.0 MB[0m
2026.06.03 19:30:35 INFO  Progress (1): 1.2/6.0 MB[0m
2026.06.03 19:30:35 INFO  Progress (1): 1.2/6.0 MB[0m
2026.06.03 19:30:35 INFO  Progress (1): 1.2/6.0 MB[0m
2026.06.03 19:30:35 INFO  Progress (1): 1.2/6.0 MB[0m
2026.06.03 19:30:35 INFO  Progress (1): 1.3/6.0 MB[0m
2026.06.03 19:30:35 INFO  Progress (1): 1.3/6.0 MB[0m
2026.06.03 19:30:35 INFO  Progress (1): 1.3/6.0 MB[0m
2026.06.03 19:30:35 INFO  Progress (1): 1.3/6.0 MB[0m
2026.06.03 19:30:35 INFO  Progress (1): 1.3/6.0 MB[0m
2026.06.03 19:30:35 INFO  Progress (1): 1.3/6.0 MB[0m
2026.06.03 19:30:35 INFO  Progress (1): 1.4/6.0 MB[0m
2026.06.03 19:30:35 INFO  Progress (1): 1.4/6.0 MB[0m
2026.06.03 19:30:35 INFO  Progress (1): 1.4/6.0 MB[0m
2026.06.03 19:30:35 INFO  Progress (1): 1.4/6.0 MB[0m
2026.06.03 19:30:35 INFO  Progress (1): 1.4/6.0 MB[0m
2026.06.03 19:30:35 INFO  Progress (1): 1.4/6.0 MB[0m
2026.06.03 19:30:35 INFO  Progress (1): 1.5/6.0 MB[0m
2026.06.03 19:30:35 INFO  Progress (1): 1.5/6.0 MB[0m
2026.06.03 19:30:35 INFO  Progress (1): 1.5/6.0 MB[0m
2026.06.03 19:30:35 INFO  Progress (1): 1.5/6.0 MB[0m
2026.06.03 19:30:35 INFO  Progress (1): 1.5/6.0 MB[0m
2026.06.03 19:30:35 INFO  Progress (1): 1.5/6.0 MB[0m
2026.06.03 19:30:35 INFO  Progress (1): 1.6/6.0 MB[0m
2026.06.03 19:30:36 INFO  Progress (1): 1.6/6.0 MB[0m
2026.06.03 19:30:36 INFO  Progress (1): 1.6/6.0 MB[0m
2026.06.03 19:30:36 INFO  Progress (1): 1.6/6.0 MB[0m
2026.06.03 19:30:36 INFO  Progress (1): 1.6/6.0 MB[0m
2026.06.03 19:30:36 INFO  Progress (1): 1.6/6.0 MB[0m
2026.06.03 19:30:36 INFO  Progress (1): 1.6/6.0 MB[0m
2026.06.03 19:30:36 INFO  Progress (1): 1.7/6.0 MB[0m
2026.06.03 19:30:36 INFO  Progress (1): 1.7/6.0 MB[0m
2026.06.03 19:30:36 INFO  Progress (1): 1.7/6.0 MB[0m
2026.06.03 19:30:36 INFO  Progress (1): 1.7/6.0 MB[0m
2026.06.03 19:30:36 INFO  Progress (1): 1.7/6.0 MB[0m
2026.06.03 19:30:36 INFO  Progress (1): 1.7/6.0 MB[0m
2026.06.03 19:30:36 INFO  Progress (1): 1.8/6.0 MB[0m
2026.06.03 19:30:36 INFO  Progress (1): 1.8/6.0 MB[0m
2026.06.03 19:30:36 INFO  Progress (1): 1.8/6.0 MB[0m
2026.06.03 19:30:36 INFO  Progress (1): 1.8/6.0 MB[0m
2026.06.03 19:30:36 INFO  Progress (1): 1.8/6.0 MB[0m
2026.06.03 19:30:36 INFO  Progress (1): 1.8/6.0 MB[0m
2026.06.03 19:30:36 INFO  Progress (1): 1.9/6.0 MB[0m
2026.06.03 19:30:36 INFO  Progress (1): 1.9/6.0 MB[0m
2026.06.03 19:30:36 INFO  Progress (1): 1.9/6.0 MB[0m
2026.06.03 19:30:36 INFO  Progress (1): 1.9/6.0 MB[0m
2026.06.03 19:30:36 INFO  Progress (1): 1.9/6.0 MB[0m
2026.06.03 19:30:36 INFO  Progress (1): 1.9/6.0 MB[0m
2026.06.03 19:30:36 INFO  Progress (1): 2.0/6.0 MB[0m
2026.06.03 19:30:36 INFO  Progress (1): 2.0/6.0 MB[0m
2026.06.03 19:30:36 INFO  Progress (1): 2.0/6.0 MB[0m
2026.06.03 19:30:36 INFO  Progress (1): 2.0/6.0 MB[0m
2026.06.03 19:30:36 INFO  Progress (1): 2.0/6.0 MB[0m
2026.06.03 19:30:36 INFO  Progress (1): 2.0/6.0 MB[0m
2026.06.03 19:30:36 INFO  Progress (1): 2.1/6.0 MB[0m
2026.06.03 19:30:36 INFO  Progress (1): 2.1/6.0 MB[0m
2026.06.03 19:30:36 INFO  Progress (1): 2.1/6.0 MB[0m
2026.06.03 19:30:36 INFO  Progress (1): 2.1/6.0 MB[0m
2026.06.03 19:30:36 INFO  Progress (1): 2.1/6.0 MB[0m
2026.06.03 19:30:36 INFO  Progress (1): 2.1/6.0 MB[0m
2026.06.03 19:30:36 INFO  Progress (1): 2.2/6.0 MB[0m
2026.06.03 19:30:36 INFO  Progress (1): 2.2/6.0 MB[0m
2026.06.03 19:30:36 INFO  Progress (1): 2.2/6.0 MB[0m
2026.06.03 19:30:36 INFO  Progress (1): 2.2/6.0 MB[0m
2026.06.03 19:30:36 INFO  Progress (1): 2.2/6.0 MB[0m
2026.06.03 19:30:36 INFO  Progress (1): 2.2/6.0 MB[0m
2026.06.03 19:30:36 INFO  Progress (1): 2.3/6.0 MB[0m
2026.06.03 19:30:36 INFO  Progress (1): 2.3/6.0 MB[0m
2026.06.03 19:30:36 INFO  Progress (1): 2.3/6.0 MB[0m
2026.06.03 19:30:36 INFO  Progress (1): 2.3/6.0 MB[0m
2026.06.03 19:30:36 INFO  Progress (1): 2.3/6.0 MB[0m
2026.06.03 19:30:36 INFO  Progress (1): 2.3/6.0 MB[0m
2026.06.03 19:30:36 INFO  Progress (1): 2.4/6.0 MB[0m
2026.06.03 19:30:36 INFO  Progress (1): 2.4/6.0 MB[0m
2026.06.03 19:30:36 INFO  Progress (1): 2.4/6.0 MB[0m
2026.06.03 19:30:36 INFO  Progress (1): 2.4/6.0 MB[0m
2026.06.03 19:30:36 INFO  Progress (1): 2.4/6.0 MB[0m
2026.06.03 19:30:36 INFO  Progress (1): 2.4/6.0 MB[0m
2026.06.03 19:30:36 INFO  Progress (1): 2.5/6.0 MB[0m
2026.06.03 19:30:36 INFO  Progress (1): 2.5/6.0 MB[0m
2026.06.03 19:30:36 INFO  Progress (1): 2.5/6.0 MB[0m
2026.06.03 19:30:36 INFO  Progress (1): 2.5/6.0 MB[0m
2026.06.03 19:30:36 INFO  Progress (1): 2.5/6.0 MB[0m
2026.06.03 19:30:36 INFO  Progress (1): 2.5/6.0 MB[0m
2026.06.03 19:30:36 INFO  Progress (1): 2.6/6.0 MB[0m
2026.06.03 19:30:36 INFO  Progress (1): 2.6/6.0 MB[0m
2026.06.03 19:30:36 INFO  Progress (1): 2.6/6.0 MB[0m
2026.06.03 19:30:36 INFO  Progress (1): 2.6/6.0 MB[0m
2026.06.03 19:30:36 INFO  Progress (1): 2.6/6.0 MB[0m
2026.06.03 19:30:36 INFO  Progress (1): 2.6/6.0 MB[0m
2026.06.03 19:30:36 INFO  Progress (1): 2.6/6.0 MB[0m
2026.06.03 19:30:36 INFO  Progress (1): 2.7/6.0 MB[0m
2026.06.03 19:30:36 INFO  Progress (1): 2.7/6.0 MB[0m
2026.06.03 19:30:36 INFO  Progress (1): 2.7/6.0 MB[0m
2026.06.03 19:30:36 INFO  Progress (1): 2.7/6.0 MB[0m
2026.06.03 19:30:36 INFO  Progress (1): 2.7/6.0 MB[0m
2026.06.03 19:30:36 INFO  Progress (1): 2.7/6.0 MB[0m
2026.06.03 19:30:36 INFO  Progress (1): 2.8/6.0 MB[0m
2026.06.03 19:30:36 INFO  Progress (1): 2.8/6.0 MB[0m
2026.06.03 19:30:36 INFO  Progress (1): 2.8/6.0 MB[0m
2026.06.03 19:30:36 INFO  Progress (1): 2.8/6.0 MB[0m
2026.06.03 19:30:36 INFO  Progress (1): 2.8/6.0 MB[0m
2026.06.03 19:30:36 INFO  Progress (1): 2.8/6.0 MB[0m
2026.06.03 19:30:36 INFO  Progress (1): 2.9/6.0 MB[0m
2026.06.03 19:30:36 INFO  Progress (1): 2.9/6.0 MB[0m
2026.06.03 19:30:36 INFO  Progress (1): 2.9/6.0 MB[0m
2026.06.03 19:30:36 INFO  Progress (1): 2.9/6.0 MB[0m
2026.06.03 19:30:36 INFO  Progress (1): 2.9/6.0 MB[0m
2026.06.03 19:30:36 INFO  Progress (1): 2.9/6.0 MB[0m
2026.06.03 19:30:36 INFO  Progress (1): 3.0/6.0 MB[0m
2026.06.03 19:30:36 INFO  Progress (1): 3.0/6.0 MB[0m
2026.06.03 19:30:36 INFO  Progress (1): 3.0/6.0 MB[0m
2026.06.03 19:30:36 INFO  Progress (1): 3.0/6.0 MB[0m
2026.06.03 19:30:36 INFO  Progress (1): 3.0/6.0 MB[0m
2026.06.03 19:30:36 INFO  Progress (1): 3.0/6.0 MB[0m
2026.06.03 19:30:36 INFO  Progress (1): 3.1/6.0 MB[0m
2026.06.03 19:30:36 INFO  Progress (1): 3.1/6.0 MB[0m
2026.06.03 19:30:36 INFO  Progress (1): 3.1/6.0 MB[0m
2026.06.03 19:30:36 INFO  Progress (1): 3.1/6.0 MB[0m
2026.06.03 19:30:36 INFO  Progress (1): 3.1/6.0 MB[0m
2026.06.03 19:30:36 INFO  Progress (1): 3.1/6.0 MB[0m
2026.06.03 19:30:36 INFO  Progress (1): 3.2/6.0 MB[0m
2026.06.03 19:30:36 INFO  Progress (1): 3.2/6.0 MB[0m
2026.06.03 19:30:36 INFO  Progress (1): 3.2/6.0 MB[0m
2026.06.03 19:30:36 INFO  Progress (1): 3.2/6.0 MB[0m
2026.06.03 19:30:36 INFO  Progress (1): 3.2/6.0 MB[0m
2026.06.03 19:30:36 INFO  Progress (1): 3.2/6.0 MB[0m
2026.06.03 19:30:36 INFO  Progress (1): 3.3/6.0 MB[0m
2026.06.03 19:30:36 INFO  Progress (1): 3.3/6.0 MB[0m
2026.06.03 19:30:36 INFO  Progress (1): 3.3/6.0 MB[0m
2026.06.03 19:30:36 INFO  Progress (1): 3.3/6.0 MB[0m
2026.06.03 19:30:36 INFO  Progress (1): 3.3/6.0 MB[0m
2026.06.03 19:30:36 INFO  Progress (1): 3.3/6.0 MB[0m
2026.06.03 19:30:36 INFO  Progress (1): 3.4/6.0 MB[0m
2026.06.03 19:30:36 INFO  Progress (1): 3.4/6.0 MB[0m
2026.06.03 19:30:36 INFO  Progress (1): 3.4/6.0 MB[0m
2026.06.03 19:30:36 INFO  Progress (1): 3.4/6.0 MB[0m
2026.06.03 19:30:36 INFO  Progress (1): 3.4/6.0 MB[0m
2026.06.03 19:30:36 INFO  Progress (1): 3.4/6.0 MB[0m
2026.06.03 19:30:36 INFO  Progress (1): 3.5/6.0 MB[0m
2026.06.03 19:30:36 INFO  Progress (1): 3.5/6.0 MB[0m
2026.06.03 19:30:36 INFO  Progress (1): 3.5/6.0 MB[0m
2026.06.03 19:30:36 INFO  Progress (1): 3.5/6.0 MB[0m
2026.06.03 19:30:36 INFO  Progress (1): 3.5/6.0 MB[0m
2026.06.03 19:30:36 INFO  Progress (1): 3.5/6.0 MB[0m
2026.06.03 19:30:36 INFO  Progress (1): 3.6/6.0 MB[0m
2026.06.03 19:30:36 INFO  Progress (1): 3.6/6.0 MB[0m
2026.06.03 19:30:36 INFO  Progress (1): 3.6/6.0 MB[0m
2026.06.03 19:30:36 INFO  Progress (1): 3.6/6.0 MB[0m
2026.06.03 19:30:36 INFO  Progress (1): 3.6/6.0 MB[0m
2026.06.03 19:30:36 INFO  Progress (1): 3.6/6.0 MB[0m
2026.06.03 19:30:37 INFO  Progress (1): 3.6/6.0 MB[0m
2026.06.03 19:30:37 INFO  Progress (1): 3.7/6.0 MB[0m
2026.06.03 19:30:37 INFO  Progress (1): 3.7/6.0 MB[0m
2026.06.03 19:30:37 INFO  Progress (1): 3.7/6.0 MB[0m
2026.06.03 19:30:37 INFO  Progress (1): 3.7/6.0 MB[0m
2026.06.03 19:30:37 INFO  Progress (1): 3.7/6.0 MB[0m
2026.06.03 19:30:37 INFO  Progress (1): 3.7/6.0 MB[0m
2026.06.03 19:30:37 INFO  Progress (1): 3.8/6.0 MB[0m
2026.06.03 19:30:37 INFO  Progress (1): 3.8/6.0 MB[0m
2026.06.03 19:30:37 INFO  Progress (1): 3.8/6.0 MB[0m
2026.06.03 19:30:37 INFO  Progress (1): 3.8/6.0 MB[0m
2026.06.03 19:30:37 INFO  Progress (1): 3.8/6.0 MB[0m
2026.06.03 19:30:37 INFO  Progress (1): 3.8/6.0 MB[0m
2026.06.03 19:30:37 INFO  Progress (1): 3.9/6.0 MB[0m
2026.06.03 19:30:37 INFO  Progress (1): 3.9/6.0 MB[0m
2026.06.03 19:30:37 INFO  Progress (1): 3.9/6.0 MB[0m
2026.06.03 19:30:37 INFO  Progress (1): 3.9/6.0 MB[0m
2026.06.03 19:30:37 INFO  Progress (1): 3.9/6.0 MB[0m
2026.06.03 19:30:37 INFO  Progress (1): 3.9/6.0 MB[0m
2026.06.03 19:30:37 INFO  Progress (1): 4.0/6.0 MB[0m
2026.06.03 19:30:37 INFO  Progress (1): 4.0/6.0 MB[0m
2026.06.03 19:30:37 INFO  Progress (1): 4.0/6.0 MB[0m
2026.06.03 19:30:37 INFO  Progress (1): 4.0/6.0 MB[0m
2026.06.03 19:30:37 INFO  Progress (1): 4.0/6.0 MB[0m
2026.06.03 19:30:37 INFO  Progress (1): 4.0/6.0 MB[0m
2026.06.03 19:30:37 INFO  Progress (1): 4.1/6.0 MB[0m
2026.06.03 19:30:37 INFO  Progress (1): 4.1/6.0 MB[0m
2026.06.03 19:30:37 INFO  Progress (1): 4.1/6.0 MB[0m
2026.06.03 19:30:37 INFO  Progress (1): 4.1/6.0 MB[0m
2026.06.03 19:30:37 INFO  Progress (1): 4.1/6.0 MB[0m
2026.06.03 19:30:37 INFO  Progress (1): 4.1/6.0 MB[0m
2026.06.03 19:30:37 INFO  Progress (1): 4.2/6.0 MB[0m
2026.06.03 19:30:37 INFO  Progress (1): 4.2/6.0 MB[0m
2026.06.03 19:30:37 INFO  Progress (1): 4.2/6.0 MB[0m
2026.06.03 19:30:37 INFO  Progress (1): 4.2/6.0 MB[0m
2026.06.03 19:30:37 INFO  Progress (1): 4.2/6.0 MB[0m
2026.06.03 19:30:37 INFO  Progress (1): 4.2/6.0 MB[0m
2026.06.03 19:30:37 INFO  Progress (1): 4.3/6.0 MB[0m
2026.06.03 19:30:37 INFO  Progress (1): 4.3/6.0 MB[0m
2026.06.03 19:30:37 INFO  Progress (1): 4.3/6.0 MB[0m
2026.06.03 19:30:37 INFO  Progress (1): 4.3/6.0 MB[0m
2026.06.03 19:30:37 INFO  Progress (1): 4.3/6.0 MB[0m
2026.06.03 19:30:37 INFO  Progress (1): 4.3/6.0 MB[0m
2026.06.03 19:30:37 INFO  Progress (1): 4.4/6.0 MB[0m
2026.06.03 19:30:37 INFO  Progress (1): 4.4/6.0 MB[0m
2026.06.03 19:30:37 INFO  Progress (1): 4.4/6.0 MB[0m
2026.06.03 19:30:37 INFO  Progress (1): 4.4/6.0 MB[0m
2026.06.03 19:30:37 INFO  Progress (1): 4.4/6.0 MB[0m
2026.06.03 19:30:37 INFO  Progress (1): 4.4/6.0 MB[0m
2026.06.03 19:30:37 INFO  Progress (1): 4.5/6.0 MB[0m
2026.06.03 19:30:37 INFO  Progress (1): 4.5/6.0 MB[0m
2026.06.03 19:30:37 INFO  Progress (1): 4.5/6.0 MB[0m
2026.06.03 19:30:37 INFO  Progress (1): 4.5/6.0 MB[0m
2026.06.03 19:30:37 INFO  Progress (1): 4.5/6.0 MB[0m
2026.06.03 19:30:37 INFO  Progress (1): 4.5/6.0 MB[0m
2026.06.03 19:30:37 INFO  Progress (1): 4.5/6.0 MB[0m
2026.06.03 19:30:37 INFO  Progress (1): 4.6/6.0 MB[0m
2026.06.03 19:30:37 INFO  Progress (1): 4.6/6.0 MB[0m
2026.06.03 19:30:37 INFO  Progress (1): 4.6/6.0 MB[0m
2026.06.03 19:30:37 INFO  Progress (1): 4.6/6.0 MB[0m
2026.06.03 19:30:37 INFO  Progress (1): 4.6/6.0 MB[0m
2026.06.03 19:30:37 INFO  Progress (1): 4.6/6.0 MB[0m
2026.06.03 19:30:37 INFO  Progress (1): 4.7/6.0 MB[0m
2026.06.03 19:30:37 INFO  Progress (1): 4.7/6.0 MB[0m
2026.06.03 19:30:37 INFO  Progress (1): 4.7/6.0 MB[0m
2026.06.03 19:30:37 INFO  Progress (1): 4.7/6.0 MB[0m
2026.06.03 19:30:37 INFO  Progress (1): 4.7/6.0 MB[0m
2026.06.03 19:30:37 INFO  Progress (1): 4.7/6.0 MB[0m
2026.06.03 19:30:37 INFO  Progress (1): 4.8/6.0 MB[0m
2026.06.03 19:30:37 INFO  Progress (1): 4.8/6.0 MB[0m
2026.06.03 19:30:37 INFO  Progress (1): 4.8/6.0 MB[0m
2026.06.03 19:30:37 INFO  Progress (1): 4.8/6.0 MB[0m
2026.06.03 19:30:37 INFO  Progress (1): 4.8/6.0 MB[0m
2026.06.03 19:30:37 INFO  Progress (1): 4.8/6.0 MB[0m
2026.06.03 19:30:37 INFO  Progress (1): 4.9/6.0 MB[0m
2026.06.03 19:30:37 INFO  Progress (1): 4.9/6.0 MB[0m
2026.06.03 19:30:37 INFO  Progress (1): 4.9/6.0 MB[0m
2026.06.03 19:30:37 INFO  Progress (1): 4.9/6.0 MB[0m
2026.06.03 19:30:37 INFO  Progress (1): 4.9/6.0 MB[0m
2026.06.03 19:30:37 INFO  Progress (1): 4.9/6.0 MB[0m
2026.06.03 19:30:37 INFO  Progress (1): 5.0/6.0 MB[0m
2026.06.03 19:30:37 INFO  Progress (1): 5.0/6.0 MB[0m
2026.06.03 19:30:37 INFO  Progress (1): 5.0/6.0 MB[0m
2026.06.03 19:30:37 INFO  Progress (1): 5.0/6.0 MB[0m
2026.06.03 19:30:37 INFO  Progress (1): 5.0/6.0 MB[0m
2026.06.03 19:30:37 INFO  Progress (1): 5.0/6.0 MB[0m
2026.06.03 19:30:37 INFO  Progress (1): 5.1/6.0 MB[0m
2026.06.03 19:30:37 INFO  Progress (1): 5.1/6.0 MB[0m
2026.06.03 19:30:37 INFO  Progress (1): 5.1/6.0 MB[0m
2026.06.03 19:30:37 INFO  Progress (1): 5.1/6.0 MB[0m
2026.06.03 19:30:37 INFO  Progress (1): 5.1/6.0 MB[0m
2026.06.03 19:30:37 INFO  Progress (1): 5.1/6.0 MB[0m
2026.06.03 19:30:39 INFO  Progress (1): 5.2/6.0 MB[0m
2026.06.03 19:30:39 INFO  Progress (1): 5.2/6.0 MB[0m
2026.06.03 19:30:39 INFO  Progress (1): 5.2/6.0 MB[0m
2026.06.03 19:30:39 INFO  Progress (1): 5.2/6.0 MB[0m
2026.06.03 19:30:39 INFO  Progress (1): 5.2/6.0 MB[0m
2026.06.03 19:30:39 INFO  Progress (1): 5.2/6.0 MB[0m
2026.06.03 19:30:40 INFO  Progress (1): 5.3/6.0 MB[0m
2026.06.03 19:30:40 INFO  Progress (1): 5.3/6.0 MB[0m
2026.06.03 19:30:40 INFO  Progress (1): 5.3/6.0 MB[0m
2026.06.03 19:30:40 INFO  Progress (1): 5.3/6.0 MB[0m
2026.06.03 19:30:40 INFO  Progress (1): 5.3/6.0 MB[0m
2026.06.03 19:30:40 INFO  Progress (1): 5.3/6.0 MB[0m
2026.06.03 19:30:40 INFO  Progress (1): 5.4/6.0 MB[0m
2026.06.03 19:30:40 INFO  Progress (1): 5.4/6.0 MB[0m
2026.06.03 19:30:40 INFO  Progress (1): 5.4/6.0 MB[0m
2026.06.03 19:30:40 INFO  Progress (1): 5.4/6.0 MB[0m
2026.06.03 19:30:40 INFO  Progress (1): 5.4/6.0 MB[0m
2026.06.03 19:30:40 INFO  Progress (1): 5.4/6.0 MB[0m
2026.06.03 19:30:40 INFO  Progress (1): 5.5/6.0 MB[0m
2026.06.03 19:30:40 INFO  Progress (1): 5.5/6.0 MB[0m
2026.06.03 19:30:40 INFO  Progress (1): 5.5/6.0 MB[0m
2026.06.03 19:30:40 INFO  Progress (1): 5.5/6.0 MB[0m
2026.06.03 19:30:40 INFO  Progress (1): 5.5/6.0 MB[0m
2026.06.03 19:30:40 INFO  Progress (1): 5.5/6.0 MB[0m
2026.06.03 19:30:40 INFO  Progress (1): 5.5/6.0 MB[0m
2026.06.03 19:30:41 INFO  Progress (1): 5.6/6.0 MB[0m
2026.06.03 19:30:41 INFO  Progress (1): 5.6/6.0 MB[0m
2026.06.03 19:30:41 INFO  Progress (1): 5.6/6.0 MB[0m
2026.06.03 19:30:41 INFO  Progress (1): 5.6/6.0 MB[0m
2026.06.03 19:30:41 INFO  Progress (1): 5.6/6.0 MB[0m
2026.06.03 19:30:41 INFO  Progress (1): 5.6/6.0 MB[0m
2026.06.03 19:30:41 INFO  Progress (1): 5.7/6.0 MB[0m
2026.06.03 19:30:41 INFO  Progress (1): 5.7/6.0 MB[0m
2026.06.03 19:30:41 INFO  Progress (1): 5.7/6.0 MB[0m
2026.06.03 19:30:41 INFO  Progress (1): 5.7/6.0 MB[0m
2026.06.03 19:30:41 INFO  Progress (1): 5.7/6.0 MB[0m
2026.06.03 19:30:41 INFO  Progress (1): 5.7/6.0 MB[0m
2026.06.03 19:30:41 INFO  Progress (1): 5.8/6.0 MB[0m
2026.06.03 19:30:41 INFO  Progress (1): 5.8/6.0 MB[0m
2026.06.03 19:30:41 INFO  Progress (1): 5.8/6.0 MB[0m
2026.06.03 19:30:41 INFO  Progress (1): 5.8/6.0 MB[0m
2026.06.03 19:30:41 INFO  Progress (1): 5.8/6.0 MB[0m
2026.06.03 19:30:41 INFO  Progress (1): 5.8/6.0 MB[0m
2026.06.03 19:30:41 INFO  Progress (1): 5.9/6.0 MB[0m
2026.06.03 19:30:41 INFO  Progress (1): 5.9/6.0 MB[0m
2026.06.03 19:30:41 INFO  Progress (1): 5.9/6.0 MB[0m
2026.06.03 19:30:41 INFO  Progress (1): 5.9/6.0 MB[0m
2026.06.03 19:30:41 INFO  Progress (1): 5.9/6.0 MB[0m
2026.06.03 19:30:41 INFO  Progress (1): 5.9/6.0 MB[0m
2026.06.03 19:30:41 INFO  Progress (1): 6.0/6.0 MB[0m
2026.06.03 19:30:41 INFO  Progress (1): 6.0/6.0 MB[0m
2026.06.03 19:30:41 INFO  Progress (1): 6.0/6.0 MB[0m
2026.06.03 19:30:41 INFO  Progress (1): 6.0 MB    [0m
2026.06.03 19:30:41 INFO                      [0m
2026.06.03 19:30:41 INFO  Downloaded from central: https://repo.maven.apache.org/maven2/org/scala-lang/scala-library/2.13.8/scala-library-2.13.8.jar (6.0 MB at 809 kB/s)[0m
2026.06.03 19:30:41 INFO  Downloading from central: https://repo.maven.apache.org/maven2/ch/epfl/scala/bloop-config_2.13/2.3.3/bloop-config_2.13-2.3.3.jar[0m
2026.06.03 19:30:41 INFO  Downloading from central: https://repo.maven.apache.org/maven2/com/github/plokhotnyuk/jsoniter-scala/jsoniter-scala-core_2.13/2.13.5.2/jsoniter-scala-core_2.13-2.13.5.2.jar[0m
2026.06.03 19:30:41 INFO  Downloading from central: https://repo.maven.apache.org/maven2/com/lihaoyi/unroll-annotation_2.13/0.1.12/unroll-annotation_2.13-0.1.12.jar[0m
2026.06.03 19:30:41 INFO  Downloading from central: https://repo.maven.apache.org/maven2/net/alchim31/maven/scala-maven-plugin/4.8.0/scala-maven-plugin-4.8.0.jar[0m
2026.06.03 19:30:41 INFO  Downloading from central: https://repo.maven.apache.org/maven2/org/apache/maven/reporting/maven-reporting-api/3.1.1/maven-reporting-api-3.1.1.jar[0m
2026.06.03 19:30:41 INFO  Progress (1): 7.7/288 kB[0m
2026.06.03 19:30:41 INFO  Progress (1): 11/288 kB [0m
2026.06.03 19:30:41 INFO  Progress (1): 28/288 kB[0m
2026.06.03 19:30:41 INFO  Progress (1): 44/288 kB[0m
2026.06.03 19:30:41 INFO  Progress (1): 61/288 kB[0m
2026.06.03 19:30:41 INFO  Progress (1): 77/288 kB[0m
2026.06.03 19:30:41 INFO  Progress (1): 93/288 kB[0m
2026.06.03 19:30:41 INFO  Progress (1): 110/288 kB[0m
2026.06.03 19:30:41 INFO  Progress (1): 126/288 kB[0m
2026.06.03 19:30:41 INFO  Progress (1): 142/288 kB[0m
2026.06.03 19:30:41 INFO  Progress (1): 159/288 kB[0m
2026.06.03 19:30:41 INFO  Progress (1): 175/288 kB[0m
2026.06.03 19:30:41 INFO  Progress (1): 192/288 kB[0m
2026.06.03 19:30:42 INFO  Progress (1): 208/288 kB[0m
2026.06.03 19:30:42 INFO  Progress (1): 224/288 kB[0m
2026.06.03 19:30:42 INFO  Progress (1): 241/288 kB[0m
2026.06.03 19:30:42 INFO  Progress (1): 257/288 kB[0m
2026.06.03 19:30:42 INFO  Progress (1): 274/288 kB[0m
2026.06.03 19:30:42 INFO  Progress (1): 288 kB    [0m
2026.06.03 19:30:42 INFO                      [0m
2026.06.03 19:30:42 INFO  Downloaded from central: https://repo.maven.apache.org/maven2/ch/epfl/scala/bloop-config_2.13/2.3.3/bloop-config_2.13-2.3.3.jar (288 kB at 506 kB/s)[0m
2026.06.03 19:30:42 INFO  Downloading from central: https://repo.maven.apache.org/maven2/org/apache/maven/doxia/doxia-sink-api/1.11.1/doxia-sink-api-1.11.1.jar[0m
2026.06.03 19:30:42 INFO  Progress (1): 7.7/12 kB[0m
2026.06.03 19:30:42 INFO  Progress (1): 12 kB    [0m
2026.06.03 19:30:42 INFO                     [0m
2026.06.03 19:30:42 INFO  Downloaded from central: https://repo.maven.apache.org/maven2/org/apache/maven/doxia/doxia-sink-api/1.11.1/doxia-sink-api-1.11.1.jar (12 kB at 17 kB/s)[0m
2026.06.03 19:30:42 INFO  Downloading from central: https://repo.maven.apache.org/maven2/org/apache/maven/doxia/doxia-logging-api/1.11.1/doxia-logging-api-1.11.1.jar[0m
2026.06.03 19:30:42 INFO  Progress (1): 0.9/1.3 kB[0m
2026.06.03 19:30:42 INFO  Progress (1): 1.3 kB    [0m
2026.06.03 19:30:42 INFO                      [0m
2026.06.03 19:30:42 INFO  Downloaded from central: https://repo.maven.apache.org/maven2/com/lihaoyi/unroll-annotation_2.13/0.1.12/unroll-annotation_2.13-0.1.12.jar (1.3 kB at 1.7 kB/s)[0m
2026.06.03 19:30:42 INFO  Downloading from central: https://repo.maven.apache.org/maven2/org/apache/commons/commons-exec/1.3/commons-exec-1.3.jar[0m
2026.06.03 19:30:42 INFO  Progress (1): 0.9/159 kB[0m
2026.06.03 19:30:42 INFO  Progress (1): 2.3/159 kB[0m
2026.06.03 19:30:42 INFO  Progress (1): 3.6/159 kB[0m
2026.06.03 19:30:42 INFO  Progress (1): 5.0/159 kB[0m
2026.06.03 19:30:42 INFO  Progress (1): 6.4/159 kB[0m
2026.06.03 19:30:42 INFO  Progress (1): 7.7/159 kB[0m
2026.06.03 19:30:42 INFO  Progress (1): 9.1/159 kB[0m
2026.06.03 19:30:42 INFO  Progress (1): 10/159 kB [0m
2026.06.03 19:30:42 INFO  Progress (1): 12/159 kB[0m
2026.06.03 19:30:42 INFO  Progress (1): 13/159 kB[0m
2026.06.03 19:30:42 INFO  Progress (1): 15/159 kB[0m
2026.06.03 19:30:42 INFO  Progress (1): 16/159 kB[0m
2026.06.03 19:30:42 INFO  Progress (1): 17/159 kB[0m
2026.06.03 19:30:42 INFO  Progress (1): 19/159 kB[0m
2026.06.03 19:30:42 INFO  Progress (1): 20/159 kB[0m
2026.06.03 19:30:42 INFO  Progress (1): 21/159 kB[0m
2026.06.03 19:30:42 INFO  Progress (1): 23/159 kB[0m
2026.06.03 19:30:42 INFO  Progress (1): 24/159 kB[0m
2026.06.03 19:30:42 INFO  Progress (1): 25/159 kB[0m
2026.06.03 19:30:42 INFO  Progress (1): 26/159 kB[0m
2026.06.03 19:30:42 INFO  Progress (1): 27/159 kB[0m
2026.06.03 19:30:42 INFO  Progress (1): 29/159 kB[0m
2026.06.03 19:30:42 INFO  Progress (1): 30/159 kB[0m
2026.06.03 19:30:42 INFO  Progress (1): 31/159 kB[0m
2026.06.03 19:30:42 INFO  Progress (1): 33/159 kB[0m
2026.06.03 19:30:42 INFO  Progress (1): 34/159 kB[0m
2026.06.03 19:30:42 INFO  Progress (1): 36/159 kB[0m
2026.06.03 19:30:42 INFO  Progress (1): 37/159 kB[0m
2026.06.03 19:30:42 INFO  Progress (1): 38/159 kB[0m
2026.06.03 19:30:42 INFO  Progress (1): 40/159 kB[0m
2026.06.03 19:30:42 INFO  Progress (1): 41/159 kB[0m
2026.06.03 19:30:42 INFO  Progress (1): 42/159 kB[0m
2026.06.03 19:30:42 INFO  Progress (1): 44/159 kB[0m
2026.06.03 19:30:42 INFO  Progress (1): 45/159 kB[0m
2026.06.03 19:30:42 INFO  Progress (1): 46/159 kB[0m
2026.06.03 19:30:42 INFO  Progress (1): 48/159 kB[0m
2026.06.03 19:30:42 INFO  Progress (1): 49/159 kB[0m
2026.06.03 19:30:42 INFO  Progress (1): 51/159 kB[0m
2026.06.03 19:30:42 INFO  Progress (1): 52/159 kB[0m
2026.06.03 19:30:42 INFO  Progress (1): 53/159 kB[0m
2026.06.03 19:30:42 INFO  Progress (1): 55/159 kB[0m
2026.06.03 19:30:42 INFO  Progress (1): 59/159 kB[0m
2026.06.03 19:30:42 INFO  Progress (2): 59/159 kB | 7.7/12 kB[0m
2026.06.03 19:30:42 INFO  Progress (2): 59/159 kB | 11/12 kB [0m
2026.06.03 19:30:42 INFO  Progress (2): 59/159 kB | 12 kB   [0m
2026.06.03 19:30:42 INFO                                 [0m
2026.06.03 19:30:42 INFO  Downloaded from central: https://repo.maven.apache.org/maven2/org/apache/maven/doxia/doxia-logging-api/1.11.1/doxia-logging-api-1.11.1.jar (12 kB at 15 kB/s)[0m
2026.06.03 19:30:42 INFO  Downloading from central: https://repo.maven.apache.org/maven2/org/codehaus/plexus/plexus-archiver/4.6.0/plexus-archiver-4.6.0.jar[0m
2026.06.03 19:30:42 INFO  Progress (1): 63/159 kB[0m
2026.06.03 19:30:42 INFO  Progress (1): 67/159 kB[0m
2026.06.03 19:30:42 INFO  Progress (1): 72/159 kB[0m
2026.06.03 19:30:42 INFO  Progress (1): 76/159 kB[0m
2026.06.03 19:30:42 INFO  Progress (1): 80/159 kB[0m
2026.06.03 19:30:42 INFO  Progress (1): 84/159 kB[0m
2026.06.03 19:30:42 INFO  Progress (1): 89/159 kB[0m
2026.06.03 19:30:42 INFO  Progress (1): 93/159 kB[0m
2026.06.03 19:30:42 INFO  Progress (1): 97/159 kB[0m
2026.06.03 19:30:42 INFO  Progress (2): 97/159 kB | 0.9/11 kB[0m
2026.06.03 19:30:42 INFO  Progress (2): 97/159 kB | 2.3/11 kB[0m
2026.06.03 19:30:42 INFO  Progress (2): 97/159 kB | 3.6/11 kB[0m
2026.06.03 19:30:42 INFO  Progress (2): 97/159 kB | 5.0/11 kB[0m
2026.06.03 19:30:42 INFO  Progress (2): 97/159 kB | 6.4/11 kB[0m
2026.06.03 19:30:42 INFO  Progress (2): 97/159 kB | 7.7/11 kB[0m
2026.06.03 19:30:42 INFO  Progress (2): 97/159 kB | 9.1/11 kB[0m
2026.06.03 19:30:42 INFO  Progress (2): 97/159 kB | 10/11 kB [0m
2026.06.03 19:30:42 INFO  Progress (2): 97/159 kB | 11 kB   [0m
2026.06.03 19:30:42 INFO                                 [0m
2026.06.03 19:30:42 INFO  Downloaded from central: https://repo.maven.apache.org/maven2/org/apache/maven/reporting/maven-reporting-api/3.1.1/maven-reporting-api-3.1.1.jar (11 kB at 13 kB/s)[0m
2026.06.03 19:30:42 INFO  Downloading from central: https://repo.maven.apache.org/maven2/com/github/luben/zstd-jni/1.5.2-5/zstd-jni-1.5.2-5.jar[0m
2026.06.03 19:30:42 INFO  Progress (2): 97/159 kB | 0.9/54 kB[0m
2026.06.03 19:30:42 INFO  Progress (2): 97/159 kB | 2.3/54 kB[0m
2026.06.03 19:30:42 INFO  Progress (2): 97/159 kB | 3.6/54 kB[0m
2026.06.03 19:30:42 INFO  Progress (2): 97/159 kB | 5.0/54 kB[0m
2026.06.03 19:30:42 INFO  Progress (2): 97/159 kB | 6.4/54 kB[0m
2026.06.03 19:30:42 INFO  Progress (2): 97/159 kB | 7.7/54 kB[0m
2026.06.03 19:30:42 INFO  Progress (2): 97/159 kB | 9.1/54 kB[0m
2026.06.03 19:30:42 INFO  Progress (2): 97/159 kB | 10/54 kB [0m
2026.06.03 19:30:42 INFO  Progress (2): 97/159 kB | 12/54 kB[0m
2026.06.03 19:30:42 INFO  Progress (2): 97/159 kB | 13/54 kB[0m
2026.06.03 19:30:42 INFO  Progress (2): 97/159 kB | 15/54 kB[0m
2026.06.03 19:30:42 INFO  Progress (2): 97/159 kB | 16/54 kB[0m
2026.06.03 19:30:42 INFO  Progress (2): 97/159 kB | 17/54 kB[0m
2026.06.03 19:30:42 INFO  Progress (2): 97/159 kB | 19/54 kB[0m
2026.06.03 19:30:42 INFO  Progress (2): 97/159 kB | 20/54 kB[0m
2026.06.03 19:30:42 INFO  Progress (2): 97/159 kB | 21/54 kB[0m
2026.06.03 19:30:42 INFO  Progress (2): 97/159 kB | 23/54 kB[0m
2026.06.03 19:30:42 INFO  Progress (2): 97/159 kB | 24/54 kB[0m
2026.06.03 19:30:42 INFO  Progress (2): 97/159 kB | 25/54 kB[0m
2026.06.03 19:30:42 INFO  Progress (2): 97/159 kB | 27/54 kB[0m
2026.06.03 19:30:42 INFO  Progress (2): 97/159 kB | 28/54 kB[0m
2026.06.03 19:30:42 INFO  Progress (2): 97/159 kB | 30/54 kB[0m
2026.06.03 19:30:42 INFO  Progress (2): 97/159 kB | 31/54 kB[0m
2026.06.03 19:30:42 INFO  Progress (2): 97/159 kB | 32/54 kB[0m
2026.06.03 19:30:42 INFO  Progress (2): 97/159 kB | 34/54 kB[0m
2026.06.03 19:30:42 INFO  Progress (2): 97/159 kB | 35/54 kB[0m
2026.06.03 19:30:42 INFO  Progress (2): 97/159 kB | 36/54 kB[0m
2026.06.03 19:30:42 INFO  Progress (2): 97/159 kB | 38/54 kB[0m
2026.06.03 19:30:42 INFO  Progress (2): 97/159 kB | 39/54 kB[0m
2026.06.03 19:30:42 INFO  Progress (2): 97/159 kB | 41/54 kB[0m
2026.06.03 19:30:42 INFO  Progress (2): 97/159 kB | 42/54 kB[0m
2026.06.03 19:30:42 INFO  Progress (2): 97/159 kB | 43/54 kB[0m
2026.06.03 19:30:42 INFO  Progress (2): 97/159 kB | 45/54 kB[0m
2026.06.03 19:30:42 INFO  Progress (2): 97/159 kB | 46/54 kB[0m
2026.06.03 19:30:42 INFO  Progress (2): 97/159 kB | 47/54 kB[0m
2026.06.03 19:30:42 INFO  Progress (2): 97/159 kB | 49/54 kB[0m
2026.06.03 19:30:42 INFO  Progress (2): 97/159 kB | 50/54 kB[0m
2026.06.03 19:30:42 INFO  Progress (2): 97/159 kB | 51/54 kB[0m
2026.06.03 19:30:42 INFO  Progress (2): 97/159 kB | 53/54 kB[0m
2026.06.03 19:30:42 INFO  Progress (3): 97/159 kB | 53/54 kB | 0.9/176 kB[0m
2026.06.03 19:30:42 INFO  Progress (3): 97/159 kB | 53/54 kB | 2.3/176 kB[0m
2026.06.03 19:30:42 INFO  Progress (3): 97/159 kB | 53/54 kB | 3.6/176 kB[0m
2026.06.03 19:30:42 INFO  Progress (3): 97/159 kB | 53/54 kB | 5.0/176 kB[0m
2026.06.03 19:30:42 INFO  Progress (3): 97/159 kB | 53/54 kB | 6.4/176 kB[0m
2026.06.03 19:30:42 INFO  Progress (3): 97/159 kB | 53/54 kB | 7.7/176 kB[0m
2026.06.03 19:30:42 INFO  Progress (3): 97/159 kB | 53/54 kB | 9.1/176 kB[0m
2026.06.03 19:30:42 INFO  Progress (3): 97/159 kB | 53/54 kB | 10/176 kB [0m
2026.06.03 19:30:42 INFO  Progress (3): 97/159 kB | 53/54 kB | 12/176 kB[0m
2026.06.03 19:30:42 INFO  Progress (3): 97/159 kB | 53/54 kB | 13/176 kB[0m
2026.06.03 19:30:42 INFO  Progress (3): 97/159 kB | 53/54 kB | 15/176 kB[0m
2026.06.03 19:30:42 INFO  Progress (3): 97/159 kB | 53/54 kB | 15/176 kB[0m
2026.06.03 19:30:42 INFO  Progress (3): 97/159 kB | 53/54 kB | 17/176 kB[0m
2026.06.03 19:30:42 INFO  Progress (3): 97/159 kB | 53/54 kB | 18/176 kB[0m
2026.06.03 19:30:42 INFO  Progress (3): 97/159 kB | 53/54 kB | 20/176 kB[0m
2026.06.03 19:30:42 INFO  Progress (3): 97/159 kB | 53/54 kB | 21/176 kB[0m
2026.06.03 19:30:42 INFO  Progress (3): 97/159 kB | 53/54 kB | 22/176 kB[0m
2026.06.03 19:30:42 INFO  Progress (3): 97/159 kB | 53/54 kB | 24/176 kB[0m
2026.06.03 19:30:42 INFO  Progress (3): 97/159 kB | 53/54 kB | 25/176 kB[0m
2026.06.03 19:30:42 INFO  Progress (3): 97/159 kB | 53/54 kB | 26/176 kB[0m
2026.06.03 19:30:42 INFO  Progress (3): 97/159 kB | 53/54 kB | 28/176 kB[0m
2026.06.03 19:30:42 INFO  Progress (3): 97/159 kB | 53/54 kB | 29/176 kB[0m
2026.06.03 19:30:42 INFO  Progress (3): 97/159 kB | 53/54 kB | 31/176 kB[0m
2026.06.03 19:30:42 INFO  Progress (3): 97/159 kB | 53/54 kB | 32/176 kB[0m
2026.06.03 19:30:42 INFO  Progress (3): 97/159 kB | 53/54 kB | 33/176 kB[0m
2026.06.03 19:30:42 INFO  Progress (3): 97/159 kB | 53/54 kB | 35/176 kB[0m
2026.06.03 19:30:42 INFO  Progress (3): 97/159 kB | 53/54 kB | 36/176 kB[0m
2026.06.03 19:30:42 INFO  Progress (3): 97/159 kB | 53/54 kB | 37/176 kB[0m
2026.06.03 19:30:42 INFO  Progress (3): 97/159 kB | 53/54 kB | 39/176 kB[0m
2026.06.03 19:30:42 INFO  Progress (3): 97/159 kB | 53/54 kB | 40/176 kB[0m
2026.06.03 19:30:42 INFO  Progress (3): 97/159 kB | 53/54 kB | 41/176 kB[0m
2026.06.03 19:30:42 INFO  Progress (3): 97/159 kB | 53/54 kB | 43/176 kB[0m
2026.06.03 19:30:42 INFO  Progress (3): 97/159 kB | 53/54 kB | 44/176 kB[0m
2026.06.03 19:30:42 INFO  Progress (3): 97/159 kB | 54 kB | 44/176 kB   [0m
2026.06.03 19:30:42 INFO  Progress (3): 97/159 kB | 54 kB | 46/176 kB[0m
2026.06.03 19:30:42 INFO  Progress (3): 97/159 kB | 54 kB | 47/176 kB[0m
2026.06.03 19:30:42 INFO  Progress (3): 97/159 kB | 54 kB | 48/176 kB[0m
2026.06.03 19:30:42 INFO  Progress (3): 97/159 kB | 54 kB | 50/176 kB[0m
2026.06.03 19:30:42 INFO  Progress (3): 97/159 kB | 54 kB | 51/176 kB[0m
2026.06.03 19:30:42 INFO  Progress (3): 97/159 kB | 54 kB | 52/176 kB[0m
2026.06.03 19:30:42 INFO  Progress (3): 97/159 kB | 54 kB | 54/176 kB[0m
2026.06.03 19:30:42 INFO  Progress (3): 97/159 kB | 54 kB | 55/176 kB[0m
2026.06.03 19:30:42 INFO  Progress (3): 97/159 kB | 54 kB | 59/176 kB[0m
2026.06.03 19:30:42 INFO                                             [0m
2026.06.03 19:30:42 INFO  Downloaded from central: https://repo.maven.apache.org/maven2/org/apache/commons/commons-exec/1.3/commons-exec-1.3.jar (54 kB at 62 kB/s)[0m
2026.06.03 19:30:42 INFO  Downloading from central: https://repo.maven.apache.org/maven2/org/codehaus/plexus/plexus-classworlds/2.7.0/plexus-classworlds-2.7.0.jar[0m
2026.06.03 19:30:42 INFO  Progress (2): 101/159 kB | 59/176 kB[0m
2026.06.03 19:30:42 INFO  Progress (2): 105/159 kB | 59/176 kB[0m
2026.06.03 19:30:42 INFO  Progress (2): 110/159 kB | 59/176 kB[0m
2026.06.03 19:30:42 INFO  Progress (2): 114/159 kB | 59/176 kB[0m
2026.06.03 19:30:42 INFO  Progress (2): 118/159 kB | 59/176 kB[0m
2026.06.03 19:30:42 INFO  Progress (2): 122/159 kB | 59/176 kB[0m
2026.06.03 19:30:42 INFO  Progress (2): 127/159 kB | 59/176 kB[0m
2026.06.03 19:30:42 INFO  Progress (2): 131/159 kB | 59/176 kB[0m
2026.06.03 19:30:42 INFO  Progress (3): 131/159 kB | 59/176 kB | 7.7/216 kB[0m
2026.06.03 19:30:42 INFO  Progress (3): 131/159 kB | 59/176 kB | 12/216 kB [0m
2026.06.03 19:30:42 INFO  Progress (3): 135/159 kB | 59/176 kB | 12/216 kB[0m
2026.06.03 19:30:42 INFO  Progress (3): 139/159 kB | 59/176 kB | 12/216 kB[0m
2026.06.03 19:30:42 INFO  Progress (3): 144/159 kB | 59/176 kB | 12/216 kB[0m
2026.06.03 19:30:42 INFO  Progress (3): 148/159 kB | 59/176 kB | 12/216 kB[0m
2026.06.03 19:30:42 INFO  Progress (3): 152/159 kB | 59/176 kB | 12/216 kB[0m
2026.06.03 19:30:42 INFO  Progress (3): 152/159 kB | 59/176 kB | 29/216 kB[0m
2026.06.03 19:30:42 INFO  Progress (3): 156/159 kB | 59/176 kB | 29/216 kB[0m
2026.06.03 19:30:42 INFO  Progress (3): 159 kB | 59/176 kB | 29/216 kB    [0m
2026.06.03 19:30:42 INFO                                              [0m
2026.06.03 19:30:42 INFO  Downloaded from central: https://repo.maven.apache.org/maven2/net/alchim31/maven/scala-maven-plugin/4.8.0/scala-maven-plugin-4.8.0.jar (159 kB at 176 kB/s)[0m
2026.06.03 19:30:42 INFO  Downloading from central: https://repo.maven.apache.org/maven2/org/scala-sbt/zinc_2.13/1.8.0/zinc_2.13-1.8.0.jar[0m
2026.06.03 19:30:42 INFO  Progress (2): 59/176 kB | 45/216 kB[0m
2026.06.03 19:30:42 INFO  Progress (2): 59/176 kB | 61/216 kB[0m
2026.06.03 19:30:42 INFO  Progress (2): 64/176 kB | 61/216 kB[0m
2026.06.03 19:30:42 INFO  Progress (2): 65/176 kB | 61/216 kB[0m
2026.06.03 19:30:42 INFO  Progress (2): 65/176 kB | 78/216 kB[0m
2026.06.03 19:30:42 INFO  Progress (2): 69/176 kB | 78/216 kB[0m
2026.06.03 19:30:42 INFO  Progress (2): 73/176 kB | 78/216 kB[0m
2026.06.03 19:30:42 INFO  no build target found for /home/santiago/DesarrolloDeSoftwareI/victus-caf/victus-caf-backend/src/main/java/com/victuscaf/security/SecurityConfig.java. Using fallback presentation compiler.[0m
2026.06.03 19:30:42 INFO  Progress (2): 77/176 kB | 78/216 kB[0m
2026.06.03 19:30:42 INFO  Progress (2): 82/176 kB | 78/216 kB[0m
2026.06.03 19:30:42 INFO  Progress (2): 86/176 kB | 78/216 kB[0m
2026.06.03 19:30:42 INFO  Progress (2): 90/176 kB | 78/216 kB[0m
2026.06.03 19:30:42 INFO  Progress (2): 90/176 kB | 94/216 kB[0m
2026.06.03 19:30:42 INFO  Progress (2): 94/176 kB | 94/216 kB[0m
2026.06.03 19:30:42 INFO  Progress (3): 94/176 kB | 94/216 kB | 0/6.3 MB[0m
2026.06.03 19:30:42 INFO  Progress (3): 94/176 kB | 94/216 kB | 0/6.3 MB[0m
2026.06.03 19:30:42 INFO  Progress (3): 94/176 kB | 94/216 kB | 0/6.3 MB[0m
2026.06.03 19:30:42 INFO  Progress (3): 94/176 kB | 94/216 kB | 0/6.3 MB[0m
2026.06.03 19:30:42 INFO  Progress (3): 94/176 kB | 94/216 kB | 0/6.3 MB[0m
2026.06.03 19:30:42 INFO  Progress (3): 94/176 kB | 94/216 kB | 0/6.3 MB[0m
2026.06.03 19:30:42 INFO  Progress (3): 94/176 kB | 94/216 kB | 0/6.3 MB[0m
2026.06.03 19:30:42 INFO  Progress (3): 94/176 kB | 94/216 kB | 0/6.3 MB[0m
2026.06.03 19:30:42 INFO  Progress (3): 94/176 kB | 94/216 kB | 0/6.3 MB[0m
2026.06.03 19:30:42 INFO  Progress (3): 94/176 kB | 94/216 kB | 0/6.3 MB[0m
2026.06.03 19:30:42 INFO  Progress (3): 94/176 kB | 94/216 kB | 0/6.3 MB[0m
2026.06.03 19:30:42 INFO  Progress (3): 94/176 kB | 111/216 kB | 0/6.3 MB[0m
2026.06.03 19:30:42 INFO  Progress (3): 94/176 kB | 111/216 kB | 0/6.3 MB[0m
2026.06.03 19:30:42 INFO  Progress (3): 94/176 kB | 111/216 kB | 0/6.3 MB[0m
2026.06.03 19:30:42 INFO  Progress (3): 94/176 kB | 111/216 kB | 0/6.3 MB[0m
2026.06.03 19:30:42 INFO  Progress (3): 94/176 kB | 111/216 kB | 0/6.3 MB[0m
2026.06.03 19:30:42 INFO  Progress (3): 94/176 kB | 111/216 kB | 0/6.3 MB[0m
2026.06.03 19:30:42 INFO  Progress (3): 94/176 kB | 111/216 kB | 0/6.3 MB[0m
2026.06.03 19:30:42 INFO  Progress (3): 94/176 kB | 111/216 kB | 0/6.3 MB[0m
2026.06.03 19:30:42 INFO  Progress (3): 94/176 kB | 111/216 kB | 0/6.3 MB[0m
2026.06.03 19:30:42 INFO  Progress (3): 94/176 kB | 111/216 kB | 0/6.3 MB[0m
2026.06.03 19:30:42 INFO  Progress (3): 94/176 kB | 111/216 kB | 0/6.3 MB[0m
2026.06.03 19:30:42 INFO  Progress (3): 94/176 kB | 111/216 kB | 0/6.3 MB[0m
2026.06.03 19:30:42 INFO  Progress (3): 94/176 kB | 111/216 kB | 0/6.3 MB[0m
2026.06.03 19:30:42 INFO  Progress (3): 94/176 kB | 111/216 kB | 0/6.3 MB[0m
2026.06.03 19:30:42 INFO  Progress (3): 94/176 kB | 111/216 kB | 0/6.3 MB[0m
2026.06.03 19:30:42 INFO  Progress (3): 94/176 kB | 111/216 kB | 0/6.3 MB[0m
2026.06.03 19:30:42 INFO  Progress (3): 94/176 kB | 111/216 kB | 0/6.3 MB[0m
2026.06.03 19:30:42 INFO  Progress (3): 94/176 kB | 111/216 kB | 0/6.3 MB[0m
2026.06.03 19:30:42 INFO  Progress (3): 94/176 kB | 111/216 kB | 0/6.3 MB[0m
2026.06.03 19:30:42 INFO  Progress (3): 94/176 kB | 111/216 kB | 0/6.3 MB[0m
2026.06.03 19:30:42 INFO  Progress (3): 94/176 kB | 111/216 kB | 0/6.3 MB[0m
2026.06.03 19:30:42 INFO  Progress (3): 94/176 kB | 111/216 kB | 0/6.3 MB[0m
2026.06.03 19:30:42 INFO  Progress (3): 94/176 kB | 111/216 kB | 0/6.3 MB[0m
2026.06.03 19:30:42 INFO  Progress (3): 94/176 kB | 111/216 kB | 0.1/6.3 MB[0m
2026.06.03 19:30:42 INFO  Progress (3): 94/176 kB | 127/216 kB | 0.1/6.3 MB[0m
2026.06.03 19:30:42 INFO  no build target found for /home/santiago/DesarrolloDeSoftwareI/victus-caf/victus-caf-backend/src/main/java/com/victuscaf/security/SecurityConfig.java. Using fallback presentation compiler.[0m
2026.06.03 19:30:42 INFO  Progress (3): 94/176 kB | 143/216 kB | 0.1/6.3 MB[0m
2026.06.03 19:30:42 INFO  Progress (4): 94/176 kB | 143/216 kB | 0.1/6.3 MB | 3.8/53 kB[0m
2026.06.03 19:30:42 INFO  Progress (4): 94/176 kB | 143/216 kB | 0.1/6.3 MB | 8.0/53 kB[0m
2026.06.03 19:30:42 INFO  Progress (4): 94/176 kB | 143/216 kB | 0.1/6.3 MB | 12/53 kB [0m
2026.06.03 19:30:42 INFO  Progress (4): 94/176 kB | 143/216 kB | 0.1/6.3 MB | 16/53 kB[0m
2026.06.03 19:30:42 INFO  Progress (4): 94/176 kB | 143/216 kB | 0.1/6.3 MB | 21/53 kB[0m
2026.06.03 19:30:42 INFO  Progress (4): 94/176 kB | 143/216 kB | 0.1/6.3 MB | 25/53 kB[0m
2026.06.03 19:30:42 INFO  Progress (4): 94/176 kB | 143/216 kB | 0.1/6.3 MB | 29/53 kB[0m
2026.06.03 19:30:42 INFO  Progress (4): 94/176 kB | 160/216 kB | 0.1/6.3 MB | 29/53 kB[0m
2026.06.03 19:30:42 INFO  Progress (4): 94/176 kB | 160/216 kB | 0.1/6.3 MB | 33/53 kB[0m
2026.06.03 19:30:42 INFO  Progress (4): 94/176 kB | 160/216 kB | 0.1/6.3 MB | 37/53 kB[0m
2026.06.03 19:30:42 INFO  Progress (4): 98/176 kB | 160/216 kB | 0.1/6.3 MB | 37/53 kB[0m
2026.06.03 19:30:42 INFO  Progress (4): 98/176 kB | 160/216 kB | 0.1/6.3 MB | 41/53 kB[0m
2026.06.03 19:30:42 INFO  Progress (4): 103/176 kB | 160/216 kB | 0.1/6.3 MB | 41/53 kB[0m
2026.06.03 19:30:42 INFO  Progress (4): 103/176 kB | 160/216 kB | 0.1/6.3 MB | 46/53 kB[0m
2026.06.03 19:30:42 INFO  Progress (4): 107/176 kB | 160/216 kB | 0.1/6.3 MB | 46/53 kB[0m
2026.06.03 19:30:42 INFO  Progress (4): 111/176 kB | 160/216 kB | 0.1/6.3 MB | 46/53 kB[0m
2026.06.03 19:30:42 INFO  Progress (4): 111/176 kB | 160/216 kB | 0.1/6.3 MB | 50/53 kB[0m
2026.06.03 19:30:42 INFO  Progress (4): 111/176 kB | 176/216 kB | 0.1/6.3 MB | 50/53 kB[0m
2026.06.03 19:30:42 INFO  Progress (4): 115/176 kB | 176/216 kB | 0.1/6.3 MB | 50/53 kB[0m
2026.06.03 19:30:42 INFO  Progress (4): 120/176 kB | 176/216 kB | 0.1/6.3 MB | 50/53 kB[0m
2026.06.03 19:30:42 INFO  Progress (4): 120/176 kB | 193/216 kB | 0.1/6.3 MB | 50/53 kB[0m
2026.06.03 19:30:42 INFO  Progress (4): 124/176 kB | 193/216 kB | 0.1/6.3 MB | 50/53 kB[0m
2026.06.03 19:30:42 INFO  Progress (4): 128/176 kB | 193/216 kB | 0.1/6.3 MB | 50/53 kB[0m
2026.06.03 19:30:42 INFO  Progress (4): 132/176 kB | 193/216 kB | 0.1/6.3 MB | 50/53 kB[0m
2026.06.03 19:30:42 INFO  Progress (4): 137/176 kB | 193/216 kB | 0.1/6.3 MB | 50/53 kB[0m
2026.06.03 19:30:42 INFO  Progress (4): 141/176 kB | 193/216 kB | 0.1/6.3 MB | 50/53 kB[0m
2026.06.03 19:30:42 INFO  Progress (4): 145/176 kB | 193/216 kB | 0.1/6.3 MB | 50/53 kB[0m
2026.06.03 19:30:42 INFO  Progress (4): 149/176 kB | 193/216 kB | 0.1/6.3 MB | 50/53 kB[0m
2026.06.03 19:30:42 INFO  Progress (4): 153/176 kB | 193/216 kB | 0.1/6.3 MB | 50/53 kB[0m
2026.06.03 19:30:42 INFO  Progress (4): 158/176 kB | 193/216 kB | 0.1/6.3 MB | 50/53 kB[0m
2026.06.03 19:30:42 INFO  Progress (4): 158/176 kB | 209/216 kB | 0.1/6.3 MB | 50/53 kB[0m
2026.06.03 19:30:42 INFO  Progress (4): 162/176 kB | 209/216 kB | 0.1/6.3 MB | 50/53 kB[0m
2026.06.03 19:30:42 INFO  Progress (4): 162/176 kB | 209/216 kB | 0.1/6.3 MB | 50/53 kB[0m
2026.06.03 19:30:42 INFO  Progress (4): 162/176 kB | 209/216 kB | 0.1/6.3 MB | 50/53 kB[0m
2026.06.03 19:30:42 INFO  Progress (4): 162/176 kB | 216 kB | 0.1/6.3 MB | 50/53 kB    [0m
2026.06.03 19:30:42 INFO  Progress (4): 162/176 kB | 216 kB | 0.1/6.3 MB | 50/53 kB[0m
2026.06.03 19:30:42 INFO  Progress (4): 162/176 kB | 216 kB | 0.1/6.3 MB | 50/53 kB[0m
2026.06.03 19:30:42 INFO  Progress (4): 162/176 kB | 216 kB | 0.1/6.3 MB | 50/53 kB[0m
2026.06.03 19:30:42 INFO  Progress (4): 162/176 kB | 216 kB | 0.1/6.3 MB | 50/53 kB[0m
2026.06.03 19:30:42 INFO  Progress (4): 162/176 kB | 216 kB | 0.1/6.3 MB | 50/53 kB[0m
2026.06.03 19:30:42 INFO                                                           [0m
2026.06.03 19:30:42 INFO  Downloaded from central: https://repo.maven.apache.org/maven2/org/codehaus/plexus/plexus-archiver/4.6.0/plexus-archiver-4.6.0.jar (216 kB at 215 kB/s)[0m
2026.06.03 19:30:42 INFO  Downloading from central: https://repo.maven.apache.org/maven2/org/scala-sbt/zinc-core_2.13/1.8.0/zinc-core_2.13-1.8.0.jar[0m
2026.06.03 19:30:42 INFO  Progress (3): 162/176 kB | 0.1/6.3 MB | 50/53 kB[0m
2026.06.03 19:30:42 INFO  Progress (3): 162/176 kB | 0.1/6.3 MB | 50/53 kB[0m
2026.06.03 19:30:42 INFO  Progress (3): 162/176 kB | 0.1/6.3 MB | 50/53 kB[0m
2026.06.03 19:30:42 INFO  Progress (3): 162/176 kB | 0.1/6.3 MB | 50/53 kB[0m
2026.06.03 19:30:42 INFO  Progress (3): 162/176 kB | 0.1/6.3 MB | 50/53 kB[0m
2026.06.03 19:30:42 INFO  Progress (3): 162/176 kB | 0.1/6.3 MB | 50/53 kB[0m
2026.06.03 19:30:42 INFO  Progress (3): 162/176 kB | 0.1/6.3 MB | 50/53 kB[0m
2026.06.03 19:30:42 INFO  Progress (3): 162/176 kB | 0.1/6.3 MB | 50/53 kB[0m
2026.06.03 19:30:42 INFO  Progress (3): 162/176 kB | 0.1/6.3 MB | 53 kB   [0m
2026.06.03 19:30:42 INFO                                               [0m
2026.06.03 19:30:42 INFO  Downloaded from central: https://repo.maven.apache.org/maven2/org/codehaus/plexus/plexus-classworlds/2.7.0/plexus-classworlds-2.7.0.jar (53 kB at 51 kB/s)[0m
2026.06.03 19:30:42 INFO  Downloading from central: https://repo.maven.apache.org/maven2/org/scala-sbt/zinc-apiinfo_2.13/1.8.0/zinc-apiinfo_2.13-1.8.0.jar[0m
2026.06.03 19:30:42 INFO  Progress (2): 166/176 kB | 0.1/6.3 MB[0m
2026.06.03 19:30:42 INFO  Progress (2): 170/176 kB | 0.1/6.3 MB[0m
2026.06.03 19:30:42 INFO  Progress (2): 175/176 kB | 0.1/6.3 MB[0m
2026.06.03 19:30:42 INFO  Progress (2): 176 kB | 0.1/6.3 MB    [0m
2026.06.03 19:30:42 INFO                                   [0m
2026.06.03 19:30:42 INFO  Downloaded from central: https://repo.maven.apache.org/maven2/com/github/plokhotnyuk/jsoniter-scala/jsoniter-scala-core_2.13/2.13.5.2/jsoniter-scala-core_2.13-2.13.5.2.jar (176 kB at 165 kB/s)[0m
2026.06.03 19:30:42 INFO  Downloading from central: https://repo.maven.apache.org/maven2/org/scala-sbt/compiler-bridge_2.13/1.8.0/compiler-bridge_2.13-1.8.0.jar[0m
2026.06.03 19:30:42 INFO  Progress (2): 0.1/6.3 MB | 4.2/85 kB[0m
2026.06.03 19:30:42 INFO  Progress (2): 0.1/6.3 MB | 8.2/85 kB[0m
2026.06.03 19:30:42 INFO  Progress (2): 0.1/6.3 MB | 12/85 kB [0m
2026.06.03 19:30:42 INFO  Progress (2): 0.1/6.3 MB | 17/85 kB[0m
2026.06.03 19:30:42 INFO  Progress (2): 0.1/6.3 MB | 21/85 kB[0m
2026.06.03 19:30:42 INFO  Progress (2): 0.1/6.3 MB | 25/85 kB[0m
2026.06.03 19:30:42 INFO  Progress (2): 0.1/6.3 MB | 29/85 kB[0m
2026.06.03 19:30:42 INFO  Progress (2): 0.1/6.3 MB | 34/85 kB[0m
2026.06.03 19:30:42 INFO  Progress (2): 0.1/6.3 MB | 38/85 kB[0m
2026.06.03 19:30:42 INFO  Progress (2): 0.1/6.3 MB | 42/85 kB[0m
2026.06.03 19:30:42 INFO  Progress (2): 0.1/6.3 MB | 46/85 kB[0m
2026.06.03 19:30:42 INFO  Progress (2): 0.1/6.3 MB | 50/85 kB[0m
2026.06.03 19:30:42 INFO  Progress (2): 0.1/6.3 MB | 55/85 kB[0m
2026.06.03 19:30:42 INFO  Progress (2): 0.1/6.3 MB | 57/85 kB[0m
2026.06.03 19:30:42 INFO  Progress (2): 0.1/6.3 MB | 74/85 kB[0m
2026.06.03 19:30:42 INFO  Progress (2): 0.1/6.3 MB | 85 kB   [0m
2026.06.03 19:30:42 INFO                                  [0m
2026.06.03 19:30:42 INFO  Downloaded from central: https://repo.maven.apache.org/maven2/org/scala-sbt/zinc_2.13/1.8.0/zinc_2.13-1.8.0.jar (85 kB at 80 kB/s)[0m
2026.06.03 19:30:42 INFO  Downloading from central: https://repo.maven.apache.org/maven2/org/scala-sbt/zinc-classpath_2.13/1.8.0/zinc-classpath_2.13-1.8.0.jar[0m
2026.06.03 19:30:42 INFO  Progress (1): 0.1/6.3 MB[0m
2026.06.03 19:30:42 INFO  Progress (2): 0.1/6.3 MB | 3.2/165 kB[0m
2026.06.03 19:30:42 INFO  Progress (2): 0.1/6.3 MB | 7.4/165 kB[0m
2026.06.03 19:30:42 INFO  Progress (2): 0.1/6.3 MB | 12/165 kB [0m
2026.06.03 19:30:42 INFO  Progress (2): 0.1/6.3 MB | 16/165 kB[0m
2026.06.03 19:30:42 INFO  Progress (2): 0.1/6.3 MB | 20/165 kB[0m
2026.06.03 19:30:42 INFO  Progress (2): 0.1/6.3 MB | 24/165 kB[0m
2026.06.03 19:30:42 INFO  Progress (2): 0.1/6.3 MB | 29/165 kB[0m
2026.06.03 19:30:42 INFO  Progress (2): 0.1/6.3 MB | 33/165 kB[0m
2026.06.03 19:30:42 INFO  Progress (2): 0.1/6.3 MB | 37/165 kB[0m
2026.06.03 19:30:43 INFO  Progress (2): 0.1/6.3 MB | 41/165 kB[0m
2026.06.03 19:30:43 INFO  Progress (2): 0.1/6.3 MB | 45/165 kB[0m
2026.06.03 19:30:43 INFO  Progress (2): 0.1/6.3 MB | 50/165 kB[0m
2026.06.03 19:30:43 INFO  Progress (2): 0.1/6.3 MB | 54/165 kB[0m
2026.06.03 19:30:43 INFO  Progress (2): 0.1/6.3 MB | 58/165 kB[0m
2026.06.03 19:30:43 INFO  Progress (2): 0.1/6.3 MB | 62/165 kB[0m
2026.06.03 19:30:43 INFO  Progress (2): 0.1/6.3 MB | 62/165 kB[0m
2026.06.03 19:30:43 INFO  Progress (2): 0.1/6.3 MB | 66/165 kB[0m
2026.06.03 19:30:43 INFO  Progress (2): 0.1/6.3 MB | 66/165 kB[0m
2026.06.03 19:30:43 INFO  Progress (3): 0.1/6.3 MB | 66/165 kB | 7.7/89 kB[0m
2026.06.03 19:30:43 INFO  Progress (3): 0.1/6.3 MB | 66/165 kB | 16/89 kB [0m
2026.06.03 19:30:43 INFO  Progress (3): 0.1/6.3 MB | 66/165 kB | 29/89 kB[0m
2026.06.03 19:30:43 INFO  Progress (3): 0.1/6.3 MB | 66/165 kB | 45/89 kB[0m
2026.06.03 19:30:43 INFO  Progress (3): 0.1/6.3 MB | 66/165 kB | 61/89 kB[0m
2026.06.03 19:30:43 INFO  Progress (3): 0.1/6.3 MB | 66/165 kB | 78/89 kB[0m
2026.06.03 19:30:43 INFO  Progress (3): 0.1/6.3 MB | 66/165 kB | 89 kB   [0m
2026.06.03 19:30:43 INFO                                              [0m
2026.06.03 19:30:43 INFO  Downloaded from central: https://repo.maven.apache.org/maven2/org/scala-sbt/zinc-classpath_2.13/1.8.0/zinc-classpath_2.13-1.8.0.jar (89 kB at 75 kB/s)[0m
2026.06.03 19:30:43 INFO  Downloading from central: https://repo.maven.apache.org/maven2/org/scala-lang/scala-compiler/2.13.8/scala-compiler-2.13.8.jar[0m
2026.06.03 19:30:43 INFO  Progress (2): 0.1/6.3 MB | 66/165 kB[0m
2026.06.03 19:30:43 INFO  Progress (2): 0.1/6.3 MB | 70/165 kB[0m
2026.06.03 19:30:43 INFO  Progress (3): 0.1/6.3 MB | 70/165 kB | 7.7/243 kB[0m
2026.06.03 19:30:43 INFO  Progress (3): 0.1/6.3 MB | 70/165 kB | 16/243 kB [0m
2026.06.03 19:30:43 INFO  Progress (3): 0.1/6.3 MB | 70/165 kB | 32/243 kB[0m
2026.06.03 19:30:43 INFO  Progress (3): 0.1/6.3 MB | 70/165 kB | 48/243 kB[0m
2026.06.03 19:30:43 INFO  Progress (3): 0.1/6.3 MB | 70/165 kB | 65/243 kB[0m
2026.06.03 19:30:43 INFO  Progress (3): 0.1/6.3 MB | 70/165 kB | 81/243 kB[0m
2026.06.03 19:30:43 INFO  Progress (4): 0.1/6.3 MB | 70/165 kB | 81/243 kB | 4.2/490 kB[0m
2026.06.03 19:30:43 INFO  Progress (4): 0.1/6.3 MB | 70/165 kB | 81/243 kB | 8.2/490 kB[0m
2026.06.03 19:30:43 INFO  Progress (4): 0.1/6.3 MB | 70/165 kB | 81/243 kB | 12/490 kB [0m
2026.06.03 19:30:43 INFO  Progress (4): 0.1/6.3 MB | 70/165 kB | 97/243 kB | 12/490 kB[0m
2026.06.03 19:30:43 INFO  Progress (4): 0.1/6.3 MB | 70/165 kB | 97/243 kB | 17/490 kB[0m
2026.06.03 19:30:43 INFO  Progress (4): 0.1/6.3 MB | 70/165 kB | 97/243 kB | 21/490 kB[0m
2026.06.03 19:30:43 INFO  Progress (4): 0.1/6.3 MB | 70/165 kB | 97/243 kB | 25/490 kB[0m
2026.06.03 19:30:43 INFO  Progress (4): 0.1/6.3 MB | 70/165 kB | 97/243 kB | 29/490 kB[0m
2026.06.03 19:30:43 INFO  Progress (4): 0.1/6.3 MB | 70/165 kB | 97/243 kB | 33/490 kB[0m
2026.06.03 19:30:43 INFO  Progress (4): 0.1/6.3 MB | 70/165 kB | 114/243 kB | 33/490 kB[0m
2026.06.03 19:30:43 INFO  Progress (4): 0.1/6.3 MB | 70/165 kB | 130/243 kB | 33/490 kB[0m
2026.06.03 19:30:43 INFO  Progress (4): 0.1/6.3 MB | 70/165 kB | 147/243 kB | 33/490 kB[0m
2026.06.03 19:30:43 INFO  Progress (4): 0.1/6.3 MB | 70/165 kB | 163/243 kB | 33/490 kB[0m
2026.06.03 19:30:43 INFO  Progress (4): 0.1/6.3 MB | 70/165 kB | 179/243 kB | 33/490 kB[0m
2026.06.03 19:30:43 INFO  Progress (4): 0.1/6.3 MB | 70/165 kB | 179/243 kB | 33/490 kB[0m
2026.06.03 19:30:43 INFO  Progress (4): 0.1/6.3 MB | 70/165 kB | 179/243 kB | 33/490 kB[0m
2026.06.03 19:30:43 INFO  Progress (4): 0.1/6.3 MB | 70/165 kB | 196/243 kB | 33/490 kB[0m
2026.06.03 19:30:43 INFO  Progress (4): 0.1/6.3 MB | 74/165 kB | 196/243 kB | 33/490 kB[0m
2026.06.03 19:30:43 INFO  Progress (5): 0.1/6.3 MB | 74/165 kB | 196/243 kB | 33/490 kB | 0/12 MB[0m
2026.06.03 19:30:43 INFO  Progress (5): 0.1/6.3 MB | 74/165 kB | 196/243 kB | 33/490 kB | 0/12 MB[0m
2026.06.03 19:30:43 INFO  Progress (5): 0.1/6.3 MB | 74/165 kB | 196/243 kB | 33/490 kB | 0/12 MB[0m
2026.06.03 19:30:43 INFO  Progress (5): 0.1/6.3 MB | 74/165 kB | 196/243 kB | 33/490 kB | 0/12 MB[0m
2026.06.03 19:30:43 INFO  Progress (5): 0.1/6.3 MB | 74/165 kB | 196/243 kB | 33/490 kB | 0/12 MB[0m
2026.06.03 19:30:43 INFO  Progress (5): 0.1/6.3 MB | 74/165 kB | 196/243 kB | 37/490 kB | 0/12 MB[0m
2026.06.03 19:30:43 INFO  Progress (5): 0.1/6.3 MB | 74/165 kB | 212/243 kB | 37/490 kB | 0/12 MB[0m
2026.06.03 19:30:43 INFO  Progress (5): 0.1/6.3 MB | 74/165 kB | 212/243 kB | 37/490 kB | 0.1/12 MB[0m
2026.06.03 19:30:43 INFO  Progress (5): 0.1/6.3 MB | 74/165 kB | 228/243 kB | 37/490 kB | 0.1/12 MB[0m
2026.06.03 19:30:43 INFO  Progress (5): 0.1/6.3 MB | 74/165 kB | 243 kB | 37/490 kB | 0.1/12 MB    [0m
2026.06.03 19:30:43 INFO                                                                       [0m
2026.06.03 19:30:43 INFO  Downloaded from central: https://repo.maven.apache.org/maven2/org/scala-sbt/compiler-bridge_2.13/1.8.0/compiler-bridge_2.13-1.8.0.jar (243 kB at 182 kB/s)[0m
2026.06.03 19:30:43 INFO  Downloading from central: https://repo.maven.apache.org/maven2/org/scala-sbt/compiler-interface/1.8.0/compiler-interface-1.8.0.jar[0m
2026.06.03 19:30:43 INFO  Progress (4): 0.1/6.3 MB | 74/165 kB | 37/490 kB | 0.1/12 MB[0m
2026.06.03 19:30:43 INFO  Progress (4): 0.1/6.3 MB | 78/165 kB | 37/490 kB | 0.1/12 MB[0m
2026.06.03 19:30:43 INFO  Progress (4): 0.1/6.3 MB | 82/165 kB | 37/490 kB | 0.1/12 MB[0m
2026.06.03 19:30:43 INFO  Progress (4): 0.1/6.3 MB | 82/165 kB | 37/490 kB | 0.1/12 MB[0m
2026.06.03 19:30:43 INFO  Progress (4): 0.1/6.3 MB | 82/165 kB | 37/490 kB | 0.1/12 MB[0m
2026.06.03 19:30:43 INFO  Progress (4): 0.2/6.3 MB | 82/165 kB | 37/490 kB | 0.1/12 MB[0m
2026.06.03 19:30:43 INFO  Progress (4): 0.2/6.3 MB | 87/165 kB | 37/490 kB | 0.1/12 MB[0m
2026.06.03 19:30:43 INFO  Progress (5): 0.2/6.3 MB | 87/165 kB | 37/490 kB | 0.1/12 MB | 7.7/112 kB[0m
2026.06.03 19:30:43 INFO  Progress (5): 0.2/6.3 MB | 87/165 kB | 37/490 kB | 0.1/12 MB | 16/112 kB [0m
2026.06.03 19:30:43 INFO  Progress (5): 0.2/6.3 MB | 87/165 kB | 37/490 kB | 0.1/12 MB | 25/112 kB[0m
2026.06.03 19:30:43 INFO  Progress (5): 0.2/6.3 MB | 91/165 kB | 37/490 kB | 0.1/12 MB | 25/112 kB[0m
2026.06.03 19:30:43 INFO  Progress (5): 0.2/6.3 MB | 91/165 kB | 37/490 kB | 0.1/12 MB | 25/112 kB[0m
2026.06.03 19:30:43 INFO  Progress (5): 0.2/6.3 MB | 91/165 kB | 37/490 kB | 0.1/12 MB | 41/112 kB[0m
2026.06.03 19:30:43 INFO  Progress (5): 0.2/6.3 MB | 91/165 kB | 37/490 kB | 0.1/12 MB | 41/112 kB[0m
2026.06.03 19:30:43 INFO  Progress (5): 0.2/6.3 MB | 91/165 kB | 37/490 kB | 0.1/12 MB | 57/112 kB[0m
2026.06.03 19:30:43 INFO  Progress (5): 0.2/6.3 MB | 91/165 kB | 37/490 kB | 0.1/12 MB | 74/112 kB[0m
2026.06.03 19:30:43 INFO  Progress (5): 0.2/6.3 MB | 91/165 kB | 37/490 kB | 0.1/12 MB | 90/112 kB[0m
2026.06.03 19:30:43 INFO  Progress (5): 0.2/6.3 MB | 91/165 kB | 53/490 kB | 0.1/12 MB | 90/112 kB[0m
2026.06.03 19:30:43 INFO  Progress (5): 0.2/6.3 MB | 91/165 kB | 53/490 kB | 0.1/12 MB | 106/112 kB[0m
2026.06.03 19:30:43 INFO  Progress (5): 0.2/6.3 MB | 91/165 kB | 53/490 kB | 0.1/12 MB | 112 kB    [0m
2026.06.03 19:30:43 INFO                                                                       [0m
2026.06.03 19:30:43 INFO  Downloaded from central: https://repo.maven.apache.org/maven2/org/scala-sbt/compiler-interface/1.8.0/compiler-interface-1.8.0.jar (112 kB at 75 kB/s)[0m
2026.06.03 19:30:43 INFO  Downloading from central: https://repo.maven.apache.org/maven2/org/scala-sbt/util-interface/1.8.0/util-interface-1.8.0.jar[0m
2026.06.03 19:30:43 INFO  Progress (4): 0.2/6.3 MB | 95/165 kB | 53/490 kB | 0.1/12 MB[0m
2026.06.03 19:30:43 INFO  Progress (4): 0.2/6.3 MB | 98/165 kB | 53/490 kB | 0.1/12 MB[0m
2026.06.03 19:30:43 INFO  Progress (4): 0.2/6.3 MB | 98/165 kB | 53/490 kB | 0.1/12 MB[0m
2026.06.03 19:30:43 INFO  Progress (4): 0.2/6.3 MB | 98/165 kB | 53/490 kB | 0.1/12 MB[0m
2026.06.03 19:30:43 INFO  Progress (4): 0.2/6.3 MB | 98/165 kB | 53/490 kB | 0.1/12 MB[0m
2026.06.03 19:30:43 INFO  Progress (4): 0.2/6.3 MB | 98/165 kB | 53/490 kB | 0.1/12 MB[0m
2026.06.03 19:30:43 INFO  Progress (4): 0.2/6.3 MB | 103/165 kB | 53/490 kB | 0.1/12 MB[0m
2026.06.03 19:30:43 INFO  Progress (5): 0.2/6.3 MB | 103/165 kB | 53/490 kB | 0.1/12 MB | 3.3 kB[0m
2026.06.03 19:30:43 INFO                                                                        [0m
2026.06.03 19:30:43 INFO  Downloaded from central: https://repo.maven.apache.org/maven2/org/scala-sbt/util-interface/1.8.0/util-interface-1.8.0.jar (3.3 kB at 2.1 kB/s)[0m
2026.06.03 19:30:43 INFO  Downloading from central: https://repo.maven.apache.org/maven2/org/scala-sbt/zinc-persist-core-assembly/1.8.0/zinc-persist-core-assembly-1.8.0.jar[0m
2026.06.03 19:30:43 INFO  Progress (4): 0.2/6.3 MB | 103/165 kB | 53/490 kB | 0.1/12 MB[0m
2026.06.03 19:30:43 INFO  Progress (4): 0.2/6.3 MB | 103/165 kB | 70/490 kB | 0.1/12 MB[0m
2026.06.03 19:30:43 INFO  Progress (4): 0.2/6.3 MB | 107/165 kB | 70/490 kB | 0.1/12 MB[0m
2026.06.03 19:30:43 INFO  Progress (4): 0.2/6.3 MB | 107/165 kB | 70/490 kB | 0.1/12 MB[0m
2026.06.03 19:30:43 INFO  Progress (4): 0.2/6.3 MB | 115/165 kB | 70/490 kB | 0.1/12 MB[0m
2026.06.03 19:30:43 INFO  Progress (4): 0.2/6.3 MB | 115/165 kB | 70/490 kB | 0.1/12 MB[0m
2026.06.03 19:30:43 INFO  Progress (5): 0.2/6.3 MB | 115/165 kB | 70/490 kB | 0.1/12 MB | 0/2.6 MB[0m
2026.06.03 19:30:43 INFO  Progress (5): 0.2/6.3 MB | 115/165 kB | 70/490 kB | 0.1/12 MB | 0/2.6 MB[0m
2026.06.03 19:30:43 INFO  Progress (5): 0.2/6.3 MB | 115/165 kB | 70/490 kB | 0.1/12 MB | 0/2.6 MB[0m
2026.06.03 19:30:43 INFO  Progress (5): 0.2/6.3 MB | 115/165 kB | 70/490 kB | 0.1/12 MB | 0/2.6 MB[0m
2026.06.03 19:30:43 INFO  Progress (5): 0.2/6.3 MB | 115/165 kB | 70/490 kB | 0.1/12 MB | 0/2.6 MB[0m
2026.06.03 19:30:43 INFO  Progress (5): 0.2/6.3 MB | 115/165 kB | 70/490 kB | 0.1/12 MB | 0/2.6 MB[0m
2026.06.03 19:30:43 INFO  Progress (5): 0.2/6.3 MB | 115/165 kB | 70/490 kB | 0.1/12 MB | 0/2.6 MB[0m
2026.06.03 19:30:43 INFO  Progress (5): 0.2/6.3 MB | 115/165 kB | 70/490 kB | 0.1/12 MB | 0.1/2.6 MB[0m
2026.06.03 19:30:43 INFO  Progress (5): 0.2/6.3 MB | 115/165 kB | 70/490 kB | 0.1/12 MB | 0.1/2.6 MB[0m
2026.06.03 19:30:43 INFO  Progress (5): 0.2/6.3 MB | 115/165 kB | 86/490 kB | 0.1/12 MB | 0.1/2.6 MB[0m
2026.06.03 19:30:43 INFO  Progress (5): 0.2/6.3 MB | 115/165 kB | 86/490 kB | 0.1/12 MB | 0.1/2.6 MB[0m
2026.06.03 19:30:43 INFO  Progress (5): 0.2/6.3 MB | 115/165 kB | 86/490 kB | 0.1/12 MB | 0.1/2.6 MB[0m
2026.06.03 19:30:43 INFO  Progress (5): 0.2/6.3 MB | 115/165 kB | 86/490 kB | 0.1/12 MB | 0.1/2.6 MB[0m
2026.06.03 19:30:43 INFO  Progress (5): 0.2/6.3 MB | 115/165 kB | 86/490 kB | 0.1/12 MB | 0.1/2.6 MB[0m
2026.06.03 19:30:43 INFO  Progress (5): 0.2/6.3 MB | 115/165 kB | 86/490 kB | 0.1/12 MB | 0.2/2.6 MB[0m
2026.06.03 19:30:43 INFO  Progress (5): 0.2/6.3 MB | 115/165 kB | 86/490 kB | 0.1/12 MB | 0.2/2.6 MB[0m
2026.06.03 19:30:43 INFO  Progress (5): 0.2/6.3 MB | 115/165 kB | 86/490 kB | 0.1/12 MB | 0.2/2.6 MB[0m
2026.06.03 19:30:43 INFO  Progress (5): 0.2/6.3 MB | 115/165 kB | 86/490 kB | 0.1/12 MB | 0.2/2.6 MB[0m
2026.06.03 19:30:43 INFO  Progress (5): 0.2/6.3 MB | 115/165 kB | 86/490 kB | 0.1/12 MB | 0.2/2.6 MB[0m
2026.06.03 19:30:43 INFO  Progress (5): 0.2/6.3 MB | 115/165 kB | 86/490 kB | 0.1/12 MB | 0.2/2.6 MB[0m
2026.06.03 19:30:43 INFO  Progress (5): 0.2/6.3 MB | 115/165 kB | 86/490 kB | 0.1/12 MB | 0.2/2.6 MB[0m
2026.06.03 19:30:43 INFO  Progress (5): 0.2/6.3 MB | 115/165 kB | 86/490 kB | 0.1/12 MB | 0.2/2.6 MB[0m
2026.06.03 19:30:43 INFO  Progress (5): 0.2/6.3 MB | 115/165 kB | 86/490 kB | 0.1/12 MB | 0.3/2.6 MB[0m
2026.06.03 19:30:43 INFO  Progress (5): 0.2/6.3 MB | 115/165 kB | 86/490 kB | 0.1/12 MB | 0.3/2.6 MB[0m
2026.06.03 19:30:43 INFO  Progress (5): 0.2/6.3 MB | 115/165 kB | 86/490 kB | 0.1/12 MB | 0.3/2.6 MB[0m
2026.06.03 19:30:43 INFO  Progress (5): 0.2/6.3 MB | 115/165 kB | 86/490 kB | 0.1/12 MB | 0.3/2.6 MB[0m
2026.06.03 19:30:43 INFO  Progress (5): 0.2/6.3 MB | 115/165 kB | 86/490 kB | 0.1/12 MB | 0.3/2.6 MB[0m
2026.06.03 19:30:43 INFO  Progress (5): 0.2/6.3 MB | 115/165 kB | 86/490 kB | 0.1/12 MB | 0.3/2.6 MB[0m
2026.06.03 19:30:43 INFO  Progress (5): 0.2/6.3 MB | 131/165 kB | 86/490 kB | 0.1/12 MB | 0.3/2.6 MB[0m
2026.06.03 19:30:43 INFO  Progress (5): 0.2/6.3 MB | 131/165 kB | 86/490 kB | 0.1/12 MB | 0.3/2.6 MB[0m
2026.06.03 19:30:43 INFO  Progress (5): 0.2/6.3 MB | 131/165 kB | 98/490 kB | 0.1/12 MB | 0.3/2.6 MB[0m
2026.06.03 19:30:43 INFO  Progress (5): 0.2/6.3 MB | 131/165 kB | 98/490 kB | 0.1/12 MB | 0.3/2.6 MB[0m
2026.06.03 19:30:43 INFO  Progress (5): 0.2/6.3 MB | 131/165 kB | 98/490 kB | 0.1/12 MB | 0.4/2.6 MB[0m
2026.06.03 19:30:43 INFO  Progress (5): 0.2/6.3 MB | 131/165 kB | 98/490 kB | 0.1/12 MB | 0.4/2.6 MB[0m
2026.06.03 19:30:43 INFO  Progress (5): 0.2/6.3 MB | 131/165 kB | 98/490 kB | 0.1/12 MB | 0.4/2.6 MB[0m
2026.06.03 19:30:43 INFO  Progress (5): 0.2/6.3 MB | 131/165 kB | 98/490 kB | 0.1/12 MB | 0.4/2.6 MB[0m
2026.06.03 19:30:43 INFO  Progress (5): 0.2/6.3 MB | 131/165 kB | 98/490 kB | 0.1/12 MB | 0.4/2.6 MB[0m
2026.06.03 19:30:43 INFO  Progress (5): 0.2/6.3 MB | 131/165 kB | 98/490 kB | 0.1/12 MB | 0.4/2.6 MB[0m
2026.06.03 19:30:43 INFO  Progress (5): 0.2/6.3 MB | 131/165 kB | 98/490 kB | 0.1/12 MB | 0.5/2.6 MB[0m
2026.06.03 19:30:43 INFO  Progress (5): 0.2/6.3 MB | 131/165 kB | 98/490 kB | 0.1/12 MB | 0.5/2.6 MB[0m
2026.06.03 19:30:43 INFO  Progress (5): 0.2/6.3 MB | 131/165 kB | 98/490 kB | 0.1/12 MB | 0.5/2.6 MB[0m
2026.06.03 19:30:43 INFO  Progress (5): 0.2/6.3 MB | 131/165 kB | 98/490 kB | 0.1/12 MB | 0.5/2.6 MB[0m
2026.06.03 19:30:43 INFO  Progress (5): 0.2/6.3 MB | 131/165 kB | 98/490 kB | 0.1/12 MB | 0.5/2.6 MB[0m
2026.06.03 19:30:43 INFO  Progress (5): 0.2/6.3 MB | 131/165 kB | 98/490 kB | 0.1/12 MB | 0.5/2.6 MB[0m
2026.06.03 19:30:43 INFO  Progress (5): 0.2/6.3 MB | 131/165 kB | 98/490 kB | 0.1/12 MB | 0.5/2.6 MB[0m
2026.06.03 19:30:43 INFO  Progress (5): 0.2/6.3 MB | 131/165 kB | 98/490 kB | 0.1/12 MB | 0.6/2.6 MB[0m
2026.06.03 19:30:43 INFO  Progress (5): 0.2/6.3 MB | 131/165 kB | 98/490 kB | 0.1/12 MB | 0.6/2.6 MB[0m
2026.06.03 19:30:43 INFO  Progress (5): 0.2/6.3 MB | 131/165 kB | 98/490 kB | 0.1/12 MB | 0.6/2.6 MB[0m
2026.06.03 19:30:43 INFO  Progress (5): 0.2/6.3 MB | 131/165 kB | 98/490 kB | 0.1/12 MB | 0.6/2.6 MB[0m
2026.06.03 19:30:43 INFO  Progress (5): 0.2/6.3 MB | 131/165 kB | 98/490 kB | 0.1/12 MB | 0.6/2.6 MB[0m
2026.06.03 19:30:43 INFO  Progress (5): 0.2/6.3 MB | 131/165 kB | 98/490 kB | 0.1/12 MB | 0.6/2.6 MB[0m
2026.06.03 19:30:43 INFO  Progress (5): 0.2/6.3 MB | 131/165 kB | 98/490 kB | 0.1/12 MB | 0.6/2.6 MB[0m
2026.06.03 19:30:43 INFO  Progress (5): 0.2/6.3 MB | 131/165 kB | 98/490 kB | 0.1/12 MB | 0.6/2.6 MB[0m
2026.06.03 19:30:43 INFO  Progress (5): 0.2/6.3 MB | 131/165 kB | 98/490 kB | 0.1/12 MB | 0.7/2.6 MB[0m
2026.06.03 19:30:43 INFO  Progress (5): 0.2/6.3 MB | 131/165 kB | 98/490 kB | 0.1/12 MB | 0.7/2.6 MB[0m
2026.06.03 19:30:43 INFO  Progress (5): 0.2/6.3 MB | 131/165 kB | 98/490 kB | 0.1/12 MB | 0.7/2.6 MB[0m
2026.06.03 19:30:43 INFO  Progress (5): 0.2/6.3 MB | 131/165 kB | 98/490 kB | 0.1/12 MB | 0.7/2.6 MB[0m
2026.06.03 19:30:43 INFO  Progress (5): 0.2/6.3 MB | 131/165 kB | 98/490 kB | 0.1/12 MB | 0.7/2.6 MB[0m
2026.06.03 19:30:43 INFO  Progress (5): 0.2/6.3 MB | 131/165 kB | 98/490 kB | 0.1/12 MB | 0.7/2.6 MB[0m
2026.06.03 19:30:43 INFO  Progress (5): 0.2/6.3 MB | 131/165 kB | 98/490 kB | 0.1/12 MB | 0.8/2.6 MB[0m
2026.06.03 19:30:43 INFO  Progress (5): 0.2/6.3 MB | 131/165 kB | 98/490 kB | 0.1/12 MB | 0.8/2.6 MB[0m
2026.06.03 19:30:43 INFO  Progress (5): 0.2/6.3 MB | 131/165 kB | 98/490 kB | 0.1/12 MB | 0.8/2.6 MB[0m
2026.06.03 19:30:43 INFO  Progress (5): 0.2/6.3 MB | 131/165 kB | 115/490 kB | 0.1/12 MB | 0.8/2.6 MB[0m
2026.06.03 19:30:43 INFO  Progress (5): 0.2/6.3 MB | 131/165 kB | 115/490 kB | 0.1/12 MB | 0.8/2.6 MB[0m
2026.06.03 19:30:43 INFO  Progress (5): 0.2/6.3 MB | 147/165 kB | 115/490 kB | 0.1/12 MB | 0.8/2.6 MB[0m
2026.06.03 19:30:43 INFO  Progress (5): 0.2/6.3 MB | 147/165 kB | 115/490 kB | 0.1/12 MB | 0.8/2.6 MB[0m
2026.06.03 19:30:43 INFO  Progress (5): 0.2/6.3 MB | 147/165 kB | 115/490 kB | 0.1/12 MB | 0.8/2.6 MB[0m
2026.06.03 19:30:43 INFO  Progress (5): 0.2/6.3 MB | 147/165 kB | 115/490 kB | 0.1/12 MB | 0.9/2.6 MB[0m
2026.06.03 19:30:43 INFO  Progress (5): 0.2/6.3 MB | 147/165 kB | 115/490 kB | 0.1/12 MB | 0.9/2.6 MB[0m
2026.06.03 19:30:43 INFO  Progress (5): 0.2/6.3 MB | 147/165 kB | 115/490 kB | 0.1/12 MB | 0.9/2.6 MB[0m
2026.06.03 19:30:43 INFO  Progress (5): 0.2/6.3 MB | 147/165 kB | 115/490 kB | 0.1/12 MB | 0.9/2.6 MB[0m
2026.06.03 19:30:43 INFO  Progress (5): 0.2/6.3 MB | 147/165 kB | 115/490 kB | 0.1/12 MB | 0.9/2.6 MB[0m
2026.06.03 19:30:43 INFO  Progress (5): 0.2/6.3 MB | 147/165 kB | 115/490 kB | 0.1/12 MB | 0.9/2.6 MB[0m
2026.06.03 19:30:43 INFO  Progress (5): 0.2/6.3 MB | 147/165 kB | 115/490 kB | 0.1/12 MB | 1.0/2.6 MB[0m
2026.06.03 19:30:43 INFO  Progress (5): 0.2/6.3 MB | 147/165 kB | 115/490 kB | 0.1/12 MB | 1.0/2.6 MB[0m
2026.06.03 19:30:43 INFO  Progress (5): 0.2/6.3 MB | 147/165 kB | 115/490 kB | 0.1/12 MB | 1.0/2.6 MB[0m
2026.06.03 19:30:43 INFO  Progress (5): 0.2/6.3 MB | 147/165 kB | 115/490 kB | 0.1/12 MB | 1.0/2.6 MB[0m
2026.06.03 19:30:43 INFO  Progress (5): 0.2/6.3 MB | 147/165 kB | 115/490 kB | 0.1/12 MB | 1.0/2.6 MB[0m
2026.06.03 19:30:43 INFO  Progress (5): 0.2/6.3 MB | 147/165 kB | 115/490 kB | 0.1/12 MB | 1.0/2.6 MB[0m
2026.06.03 19:30:43 INFO  Progress (5): 0.2/6.3 MB | 147/165 kB | 115/490 kB | 0.1/12 MB | 1.0/2.6 MB[0m
2026.06.03 19:30:43 INFO  Progress (5): 0.2/6.3 MB | 147/165 kB | 115/490 kB | 0.1/12 MB | 1.1/2.6 MB[0m
2026.06.03 19:30:43 INFO  Progress (5): 0.2/6.3 MB | 147/165 kB | 115/490 kB | 0.2/12 MB | 1.1/2.6 MB[0m
2026.06.03 19:30:43 INFO  Progress (5): 0.2/6.3 MB | 147/165 kB | 115/490 kB | 0.2/12 MB | 1.1/2.6 MB[0m
2026.06.03 19:30:43 INFO  Progress (5): 0.2/6.3 MB | 147/165 kB | 115/490 kB | 0.2/12 MB | 1.1/2.6 MB[0m
2026.06.03 19:30:43 INFO  Progress (5): 0.2/6.3 MB | 147/165 kB | 115/490 kB | 0.2/12 MB | 1.1/2.6 MB[0m
2026.06.03 19:30:43 INFO  Progress (5): 0.2/6.3 MB | 147/165 kB | 115/490 kB | 0.2/12 MB | 1.1/2.6 MB[0m
2026.06.03 19:30:43 INFO  Progress (5): 0.2/6.3 MB | 147/165 kB | 115/490 kB | 0.2/12 MB | 1.1/2.6 MB[0m
2026.06.03 19:30:43 INFO  Progress (5): 0.2/6.3 MB | 147/165 kB | 115/490 kB | 0.2/12 MB | 1.1/2.6 MB[0m
2026.06.03 19:30:43 INFO  Progress (5): 0.2/6.3 MB | 147/165 kB | 115/490 kB | 0.2/12 MB | 1.2/2.6 MB[0m
2026.06.03 19:30:43 INFO  Progress (5): 0.2/6.3 MB | 147/165 kB | 115/490 kB | 0.2/12 MB | 1.2/2.6 MB[0m
2026.06.03 19:30:43 INFO  Progress (5): 0.2/6.3 MB | 147/165 kB | 115/490 kB | 0.2/12 MB | 1.2/2.6 MB[0m
2026.06.03 19:30:43 INFO  Progress (5): 0.2/6.3 MB | 147/165 kB | 115/490 kB | 0.2/12 MB | 1.2/2.6 MB[0m
2026.06.03 19:30:43 INFO  Progress (5): 0.2/6.3 MB | 147/165 kB | 115/490 kB | 0.2/12 MB | 1.2/2.6 MB[0m
2026.06.03 19:30:43 INFO  Progress (5): 0.2/6.3 MB | 147/165 kB | 115/490 kB | 0.2/12 MB | 1.2/2.6 MB[0m
2026.06.03 19:30:43 INFO  Progress (5): 0.2/6.3 MB | 147/165 kB | 115/490 kB | 0.2/12 MB | 1.3/2.6 MB[0m
2026.06.03 19:30:43 INFO  Progress (5): 0.2/6.3 MB | 147/165 kB | 115/490 kB | 0.2/12 MB | 1.3/2.6 MB[0m
2026.06.03 19:30:43 INFO  Progress (5): 0.2/6.3 MB | 147/165 kB | 115/490 kB | 0.2/12 MB | 1.3/2.6 MB[0m
2026.06.03 19:30:43 INFO  Progress (5): 0.2/6.3 MB | 147/165 kB | 115/490 kB | 0.2/12 MB | 1.3/2.6 MB[0m
2026.06.03 19:30:43 INFO  Progress (5): 0.2/6.3 MB | 147/165 kB | 115/490 kB | 0.2/12 MB | 1.3/2.6 MB[0m
2026.06.03 19:30:43 INFO  Progress (5): 0.2/6.3 MB | 147/165 kB | 115/490 kB | 0.2/12 MB | 1.3/2.6 MB[0m
2026.06.03 19:30:43 INFO  Progress (5): 0.2/6.3 MB | 147/165 kB | 115/490 kB | 0.2/12 MB | 1.4/2.6 MB[0m
2026.06.03 19:30:43 INFO  Progress (5): 0.2/6.3 MB | 147/165 kB | 115/490 kB | 0.2/12 MB | 1.4/2.6 MB[0m
2026.06.03 19:30:43 INFO  Progress (5): 0.2/6.3 MB | 147/165 kB | 115/490 kB | 0.2/12 MB | 1.4/2.6 MB[0m
2026.06.03 19:30:43 INFO  Progress (5): 0.2/6.3 MB | 147/165 kB | 131/490 kB | 0.2/12 MB | 1.4/2.6 MB[0m
2026.06.03 19:30:43 INFO  Progress (5): 0.2/6.3 MB | 164/165 kB | 131/490 kB | 0.2/12 MB | 1.4/2.6 MB[0m
2026.06.03 19:30:43 INFO  Progress (5): 0.2/6.3 MB | 164/165 kB | 131/490 kB | 0.2/12 MB | 1.4/2.6 MB[0m
2026.06.03 19:30:43 INFO  Progress (5): 0.2/6.3 MB | 164/165 kB | 131/490 kB | 0.2/12 MB | 1.4/2.6 MB[0m
2026.06.03 19:30:43 INFO  Progress (5): 0.2/6.3 MB | 164/165 kB | 131/490 kB | 0.2/12 MB | 1.4/2.6 MB[0m
2026.06.03 19:30:43 INFO  Progress (5): 0.2/6.3 MB | 164/165 kB | 131/490 kB | 0.2/12 MB | 1.5/2.6 MB[0m
2026.06.03 19:30:43 INFO  Progress (5): 0.2/6.3 MB | 164/165 kB | 131/490 kB | 0.2/12 MB | 1.5/2.6 MB[0m
2026.06.03 19:30:43 INFO  Progress (5): 0.2/6.3 MB | 164/165 kB | 131/490 kB | 0.2/12 MB | 1.5/2.6 MB[0m
2026.06.03 19:30:43 INFO  Progress (5): 0.2/6.3 MB | 164/165 kB | 131/490 kB | 0.2/12 MB | 1.5/2.6 MB[0m
2026.06.03 19:30:43 INFO  Progress (5): 0.2/6.3 MB | 165 kB | 131/490 kB | 0.2/12 MB | 1.5/2.6 MB    [0m
2026.06.03 19:30:43 INFO  Progress (5): 0.2/6.3 MB | 165 kB | 131/490 kB | 0.2/12 MB | 1.5/2.6 MB[0m
2026.06.03 19:30:43 INFO                                                                         [0m
2026.06.03 19:30:43 INFO  Downloaded from central: https://repo.maven.apache.org/maven2/org/scala-sbt/zinc-apiinfo_2.13/1.8.0/zinc-apiinfo_2.13-1.8.0.jar (165 kB at 70 kB/s)[0m
2026.06.03 19:30:43 INFO  Downloading from central: https://repo.maven.apache.org/maven2/org/scala-lang/modules/scala-parallel-collections_2.13/0.2.0/scala-parallel-collections_2.13-0.2.0.jar[0m
2026.06.03 19:30:43 INFO  Progress (4): 0.2/6.3 MB | 131/490 kB | 0.2/12 MB | 1.5/2.6 MB[0m
2026.06.03 19:30:43 INFO  Progress (4): 0.2/6.3 MB | 131/490 kB | 0.2/12 MB | 1.5/2.6 MB[0m
2026.06.03 19:30:43 INFO  Progress (4): 0.2/6.3 MB | 131/490 kB | 0.2/12 MB | 1.6/2.6 MB[0m
2026.06.03 19:30:43 INFO  Progress (4): 0.2/6.3 MB | 131/490 kB | 0.2/12 MB | 1.6/2.6 MB[0m
2026.06.03 19:30:43 INFO  Progress (4): 0.2/6.3 MB | 131/490 kB | 0.2/12 MB | 1.6/2.6 MB[0m
2026.06.03 19:30:43 INFO  Progress (4): 0.2/6.3 MB | 131/490 kB | 0.2/12 MB | 1.6/2.6 MB[0m
2026.06.03 19:30:43 INFO  Progress (4): 0.2/6.3 MB | 131/490 kB | 0.2/12 MB | 1.6/2.6 MB[0m
2026.06.03 19:30:43 INFO  Progress (4): 0.2/6.3 MB | 131/490 kB | 0.2/12 MB | 1.6/2.6 MB[0m
2026.06.03 19:30:43 INFO  Progress (4): 0.2/6.3 MB | 131/490 kB | 0.2/12 MB | 1.7/2.6 MB[0m
2026.06.03 19:30:43 INFO  Progress (4): 0.2/6.3 MB | 131/490 kB | 0.2/12 MB | 1.7/2.6 MB[0m
2026.06.03 19:30:43 INFO  Progress (4): 0.2/6.3 MB | 131/490 kB | 0.2/12 MB | 1.7/2.6 MB[0m
2026.06.03 19:30:43 INFO  Progress (4): 0.2/6.3 MB | 131/490 kB | 0.2/12 MB | 1.7/2.6 MB[0m
2026.06.03 19:30:43 INFO  Progress (4): 0.2/6.3 MB | 131/490 kB | 0.2/12 MB | 1.7/2.6 MB[0m
2026.06.03 19:30:43 INFO  Progress (4): 0.2/6.3 MB | 131/490 kB | 0.2/12 MB | 1.7/2.6 MB[0m
2026.06.03 19:30:43 INFO  Progress (4): 0.2/6.3 MB | 131/490 kB | 0.2/12 MB | 1.8/2.6 MB[0m
2026.06.03 19:30:43 INFO  Progress (4): 0.2/6.3 MB | 131/490 kB | 0.2/12 MB | 1.8/2.6 MB[0m
2026.06.03 19:30:43 INFO  Progress (4): 0.2/6.3 MB | 131/490 kB | 0.2/12 MB | 1.8/2.6 MB[0m
2026.06.03 19:30:43 INFO  Progress (4): 0.2/6.3 MB | 131/490 kB | 0.2/12 MB | 1.8/2.6 MB[0m
2026.06.03 19:30:43 INFO  Progress (4): 0.2/6.3 MB | 131/490 kB | 0.2/12 MB | 1.8/2.6 MB[0m
2026.06.03 19:30:43 INFO  Progress (4): 0.2/6.3 MB | 131/490 kB | 0.2/12 MB | 1.8/2.6 MB[0m
2026.06.03 19:30:43 INFO  Progress (4): 0.2/6.3 MB | 131/490 kB | 0.2/12 MB | 1.8/2.6 MB[0m
2026.06.03 19:30:43 INFO  Progress (4): 0.2/6.3 MB | 131/490 kB | 0.2/12 MB | 1.9/2.6 MB[0m
2026.06.03 19:30:43 INFO  Progress (4): 0.2/6.3 MB | 131/490 kB | 0.2/12 MB | 1.9/2.6 MB[0m
2026.06.03 19:30:43 INFO  Progress (4): 0.2/6.3 MB | 147/490 kB | 0.2/12 MB | 1.9/2.6 MB[0m
2026.06.03 19:30:43 INFO  Progress (4): 0.2/6.3 MB | 147/490 kB | 0.2/12 MB | 1.9/2.6 MB[0m
2026.06.03 19:30:43 INFO  Progress (4): 0.2/6.3 MB | 147/490 kB | 0.2/12 MB | 1.9/2.6 MB[0m
2026.06.03 19:30:43 INFO  Progress (4): 0.2/6.3 MB | 147/490 kB | 0.2/12 MB | 1.9/2.6 MB[0m
2026.06.03 19:30:43 INFO  Progress (4): 0.2/6.3 MB | 147/490 kB | 0.2/12 MB | 1.9/2.6 MB[0m
2026.06.03 19:30:43 INFO  Progress (4): 0.2/6.3 MB | 147/490 kB | 0.2/12 MB | 1.9/2.6 MB[0m
2026.06.03 19:30:43 INFO  Progress (4): 0.2/6.3 MB | 147/490 kB | 0.2/12 MB | 2.0/2.6 MB[0m
2026.06.03 19:30:43 INFO  Progress (4): 0.2/6.3 MB | 147/490 kB | 0.2/12 MB | 2.0/2.6 MB[0m
2026.06.03 19:30:43 INFO  Progress (4): 0.2/6.3 MB | 147/490 kB | 0.2/12 MB | 2.0/2.6 MB[0m
2026.06.03 19:30:43 INFO  Progress (4): 0.2/6.3 MB | 147/490 kB | 0.2/12 MB | 2.0/2.6 MB[0m
2026.06.03 19:30:43 INFO  Progress (4): 0.2/6.3 MB | 147/490 kB | 0.2/12 MB | 2.0/2.6 MB[0m
2026.06.03 19:30:43 INFO  Progress (4): 0.2/6.3 MB | 147/490 kB | 0.2/12 MB | 2.0/2.6 MB[0m
2026.06.03 19:30:43 INFO  Progress (4): 0.2/6.3 MB | 147/490 kB | 0.2/12 MB | 2.1/2.6 MB[0m
2026.06.03 19:30:43 INFO  Progress (4): 0.2/6.3 MB | 147/490 kB | 0.2/12 MB | 2.1/2.6 MB[0m
2026.06.03 19:30:43 INFO  Progress (4): 0.2/6.3 MB | 147/490 kB | 0.2/12 MB | 2.1/2.6 MB[0m
2026.06.03 19:30:43 INFO  Progress (4): 0.2/6.3 MB | 147/490 kB | 0.2/12 MB | 2.1/2.6 MB[0m
2026.06.03 19:30:43 INFO  Progress (4): 0.2/6.3 MB | 147/490 kB | 0.2/12 MB | 2.1/2.6 MB[0m
2026.06.03 19:30:43 INFO  Progress (4): 0.2/6.3 MB | 147/490 kB | 0.2/12 MB | 2.1/2.6 MB[0m
2026.06.03 19:30:43 INFO  Progress (4): 0.2/6.3 MB | 147/490 kB | 0.2/12 MB | 2.2/2.6 MB[0m
2026.06.03 19:30:43 INFO  Progress (4): 0.2/6.3 MB | 147/490 kB | 0.2/12 MB | 2.2/2.6 MB[0m
2026.06.03 19:30:43 INFO  Progress (4): 0.2/6.3 MB | 147/490 kB | 0.2/12 MB | 2.2/2.6 MB[0m
2026.06.03 19:30:43 INFO  Progress (4): 0.2/6.3 MB | 147/490 kB | 0.2/12 MB | 2.2/2.6 MB[0m
2026.06.03 19:30:43 INFO  Progress (4): 0.2/6.3 MB | 147/490 kB | 0.2/12 MB | 2.2/2.6 MB[0m
2026.06.03 19:30:43 INFO  Progress (4): 0.2/6.3 MB | 147/490 kB | 0.2/12 MB | 2.2/2.6 MB[0m
2026.06.03 19:30:43 INFO  Progress (4): 0.2/6.3 MB | 147/490 kB | 0.2/12 MB | 2.3/2.6 MB[0m
2026.06.03 19:30:43 INFO  Progress (4): 0.2/6.3 MB | 147/490 kB | 0.2/12 MB | 2.3/2.6 MB[0m
2026.06.03 19:30:43 INFO  Progress (4): 0.2/6.3 MB | 147/490 kB | 0.2/12 MB | 2.3/2.6 MB[0m
2026.06.03 19:30:43 INFO  Progress (5): 0.2/6.3 MB | 147/490 kB | 0.2/12 MB | 2.3/2.6 MB | 0/1.1 MB[0m
2026.06.03 19:30:43 INFO  Progress (5): 0.2/6.3 MB | 147/490 kB | 0.2/12 MB | 2.3/2.6 MB | 0/1.1 MB[0m
2026.06.03 19:30:43 INFO  Progress (5): 0.2/6.3 MB | 147/490 kB | 0.2/12 MB | 2.3/2.6 MB | 0/1.1 MB[0m
2026.06.03 19:30:43 INFO  Progress (5): 0.2/6.3 MB | 147/490 kB | 0.2/12 MB | 2.3/2.6 MB | 0/1.1 MB[0m
2026.06.03 19:30:43 INFO  Progress (5): 0.2/6.3 MB | 147/490 kB | 0.2/12 MB | 2.3/2.6 MB | 0/1.1 MB[0m
2026.06.03 19:30:43 INFO  Progress (5): 0.2/6.3 MB | 147/490 kB | 0.2/12 MB | 2.3/2.6 MB | 0/1.1 MB[0m
2026.06.03 19:30:43 INFO  Progress (5): 0.3/6.3 MB | 147/490 kB | 0.2/12 MB | 2.3/2.6 MB | 0/1.1 MB[0m
2026.06.03 19:30:43 INFO  Progress (5): 0.3/6.3 MB | 147/490 kB | 0.2/12 MB | 2.4/2.6 MB | 0/1.1 MB[0m
2026.06.03 19:30:43 INFO  Progress (5): 0.3/6.3 MB | 147/490 kB | 0.2/12 MB | 2.4/2.6 MB | 0/1.1 MB[0m
2026.06.03 19:30:43 INFO  Progress (5): 0.3/6.3 MB | 147/490 kB | 0.2/12 MB | 2.4/2.6 MB | 0/1.1 MB[0m
2026.06.03 19:30:43 INFO  Progress (5): 0.3/6.3 MB | 147/490 kB | 0.2/12 MB | 2.4/2.6 MB | 0/1.1 MB[0m
2026.06.03 19:30:43 INFO  Progress (5): 0.3/6.3 MB | 147/490 kB | 0.2/12 MB | 2.4/2.6 MB | 0/1.1 MB[0m
2026.06.03 19:30:43 INFO  Progress (5): 0.3/6.3 MB | 147/490 kB | 0.2/12 MB | 2.4/2.6 MB | 0/1.1 MB[0m
2026.06.03 19:30:43 INFO  Progress (5): 0.3/6.3 MB | 147/490 kB | 0.2/12 MB | 2.5/2.6 MB | 0/1.1 MB[0m
2026.06.03 19:30:43 INFO  Progress (5): 0.3/6.3 MB | 147/490 kB | 0.2/12 MB | 2.5/2.6 MB | 0/1.1 MB[0m
2026.06.03 19:30:43 INFO  Progress (5): 0.3/6.3 MB | 147/490 kB | 0.2/12 MB | 2.5/2.6 MB | 0/1.1 MB[0m
2026.06.03 19:30:43 INFO  Progress (5): 0.3/6.3 MB | 147/490 kB | 0.2/12 MB | 2.5/2.6 MB | 0/1.1 MB[0m
2026.06.03 19:30:43 INFO  Progress (5): 0.3/6.3 MB | 164/490 kB | 0.2/12 MB | 2.5/2.6 MB | 0/1.1 MB[0m
2026.06.03 19:30:43 INFO  Progress (5): 0.3/6.3 MB | 164/490 kB | 0.2/12 MB | 2.5/2.6 MB | 0/1.1 MB[0m
2026.06.03 19:30:43 INFO  Progress (5): 0.3/6.3 MB | 164/490 kB | 0.2/12 MB | 2.5/2.6 MB | 0/1.1 MB[0m
2026.06.03 19:30:43 INFO  Progress (5): 0.3/6.3 MB | 164/490 kB | 0.2/12 MB | 2.6/2.6 MB | 0/1.1 MB[0m
2026.06.03 19:30:43 INFO  Progress (5): 0.3/6.3 MB | 164/490 kB | 0.2/12 MB | 2.6/2.6 MB | 0/1.1 MB[0m
2026.06.03 19:30:43 INFO  Progress (5): 0.3/6.3 MB | 164/490 kB | 0.2/12 MB | 2.6/2.6 MB | 0/1.1 MB[0m
2026.06.03 19:30:43 INFO  Progress (5): 0.3/6.3 MB | 164/490 kB | 0.2/12 MB | 2.6/2.6 MB | 0/1.1 MB[0m
2026.06.03 19:30:43 INFO  Progress (5): 0.3/6.3 MB | 164/490 kB | 0.2/12 MB | 2.6/2.6 MB | 0/1.1 MB[0m
2026.06.03 19:30:43 INFO  Progress (5): 0.3/6.3 MB | 164/490 kB | 0.2/12 MB | 2.6 MB | 0/1.1 MB    [0m
2026.06.03 19:30:43 INFO                                                                       [0m
2026.06.03 19:30:43 INFO  Downloaded from central: https://repo.maven.apache.org/maven2/org/scala-sbt/zinc-persist-core-assembly/1.8.0/zinc-persist-core-assembly-1.8.0.jar (2.6 MB at 1000 kB/s)[0m
2026.06.03 19:30:43 INFO  Downloading from central: https://repo.maven.apache.org/maven2/org/scala-sbt/io_2.13/1.8.0/io_2.13-1.8.0.jar[0m
2026.06.03 19:30:43 INFO  Progress (4): 0.3/6.3 MB | 164/490 kB | 0.2/12 MB | 0/1.1 MB[0m
2026.06.03 19:30:43 INFO  Progress (5): 0.3/6.3 MB | 164/490 kB | 0.2/12 MB | 0/1.1 MB | 7.7/636 kB[0m
2026.06.03 19:30:43 INFO  Progress (5): 0.3/6.3 MB | 164/490 kB | 0.2/12 MB | 0/1.1 MB | 11/636 kB [0m
2026.06.03 19:30:43 INFO  Progress (5): 0.3/6.3 MB | 164/490 kB | 0.2/12 MB | 0/1.1 MB | 28/636 kB[0m
2026.06.03 19:30:43 INFO  Progress (5): 0.3/6.3 MB | 164/490 kB | 0.2/12 MB | 0/1.1 MB | 44/636 kB[0m
2026.06.03 19:30:43 INFO  Progress (5): 0.3/6.3 MB | 164/490 kB | 0.2/12 MB | 0/1.1 MB | 61/636 kB[0m
2026.06.03 19:30:43 INFO  Progress (5): 0.3/6.3 MB | 164/490 kB | 0.2/12 MB | 0/1.1 MB | 61/636 kB[0m
2026.06.03 19:30:44 INFO  Progress (5): 0.3/6.3 MB | 164/490 kB | 0.2/12 MB | 0/1.1 MB | 77/636 kB[0m
2026.06.03 19:30:44 INFO  Progress (5): 0.3/6.3 MB | 180/490 kB | 0.2/12 MB | 0/1.1 MB | 77/636 kB[0m
2026.06.03 19:30:44 INFO  Progress (5): 0.3/6.3 MB | 180/490 kB | 0.2/12 MB | 0/1.1 MB | 77/636 kB[0m
2026.06.03 19:30:44 INFO  Progress (5): 0.3/6.3 MB | 180/490 kB | 0.2/12 MB | 0/1.1 MB | 77/636 kB[0m
2026.06.03 19:30:44 INFO  Progress (5): 0.3/6.3 MB | 180/490 kB | 0.2/12 MB | 0/1.1 MB | 77/636 kB[0m
2026.06.03 19:30:44 INFO  Progress (5): 0.3/6.3 MB | 197/490 kB | 0.2/12 MB | 0/1.1 MB | 77/636 kB[0m
2026.06.03 19:30:44 INFO  Progress (5): 0.3/6.3 MB | 197/490 kB | 0.2/12 MB | 0/1.1 MB | 93/636 kB[0m
2026.06.03 19:30:44 INFO  Progress (5): 0.3/6.3 MB | 197/490 kB | 0.2/12 MB | 0/1.1 MB | 93/636 kB[0m
2026.06.03 19:30:44 INFO  Progress (5): 0.3/6.3 MB | 197/490 kB | 0.2/12 MB | 0/1.1 MB | 93/636 kB[0m
2026.06.03 19:30:44 INFO  Progress (5): 0.3/6.3 MB | 197/490 kB | 0.2/12 MB | 0/1.1 MB | 93/636 kB[0m
2026.06.03 19:30:44 INFO  Progress (5): 0.3/6.3 MB | 213/490 kB | 0.2/12 MB | 0/1.1 MB | 93/636 kB[0m
2026.06.03 19:30:44 INFO  Progress (5): 0.3/6.3 MB | 213/490 kB | 0.2/12 MB | 0/1.1 MB | 110/636 kB[0m
2026.06.03 19:30:44 INFO  Progress (5): 0.3/6.3 MB | 213/490 kB | 0.2/12 MB | 0/1.1 MB | 110/636 kB[0m
2026.06.03 19:30:44 INFO  Progress (5): 0.3/6.3 MB | 213/490 kB | 0.3/12 MB | 0/1.1 MB | 110/636 kB[0m
2026.06.03 19:30:44 INFO  Progress (5): 0.3/6.3 MB | 213/490 kB | 0.3/12 MB | 0.1/1.1 MB | 110/636 kB[0m
2026.06.03 19:30:44 INFO  Progress (5): 0.3/6.3 MB | 229/490 kB | 0.3/12 MB | 0.1/1.1 MB | 110/636 kB[0m
2026.06.03 19:30:44 INFO  Progress (5): 0.3/6.3 MB | 229/490 kB | 0.3/12 MB | 0.1/1.1 MB | 126/636 kB[0m
2026.06.03 19:30:44 INFO  Progress (5): 0.3/6.3 MB | 229/490 kB | 0.3/12 MB | 0.1/1.1 MB | 126/636 kB[0m
2026.06.03 19:30:44 INFO  Progress (5): 0.3/6.3 MB | 229/490 kB | 0.3/12 MB | 0.1/1.1 MB | 126/636 kB[0m
2026.06.03 19:30:44 INFO  Progress (5): 0.3/6.3 MB | 229/490 kB | 0.3/12 MB | 0.1/1.1 MB | 126/636 kB[0m
2026.06.03 19:30:44 INFO  Progress (5): 0.3/6.3 MB | 246/490 kB | 0.3/12 MB | 0.1/1.1 MB | 126/636 kB[0m
2026.06.03 19:30:44 INFO  Progress (5): 0.3/6.3 MB | 246/490 kB | 0.3/12 MB | 0.1/1.1 MB | 142/636 kB[0m
2026.06.03 19:30:44 INFO  Progress (5): 0.3/6.3 MB | 246/490 kB | 0.3/12 MB | 0.1/1.1 MB | 142/636 kB[0m
2026.06.03 19:30:44 INFO  Progress (5): 0.3/6.3 MB | 246/490 kB | 0.3/12 MB | 0.1/1.1 MB | 142/636 kB[0m
2026.06.03 19:30:44 INFO  Progress (5): 0.3/6.3 MB | 246/490 kB | 0.3/12 MB | 0.1/1.1 MB | 142/636 kB[0m
2026.06.03 19:30:44 INFO  Progress (5): 0.3/6.3 MB | 262/490 kB | 0.3/12 MB | 0.1/1.1 MB | 142/636 kB[0m
2026.06.03 19:30:44 INFO  Progress (5): 0.3/6.3 MB | 262/490 kB | 0.3/12 MB | 0.1/1.1 MB | 159/636 kB[0m
2026.06.03 19:30:44 INFO  Progress (5): 0.3/6.3 MB | 262/490 kB | 0.3/12 MB | 0.1/1.1 MB | 159/636 kB[0m
2026.06.03 19:30:44 INFO  Progress (5): 0.3/6.3 MB | 262/490 kB | 0.3/12 MB | 0.1/1.1 MB | 159/636 kB[0m
2026.06.03 19:30:44 INFO  Progress (5): 0.4/6.3 MB | 262/490 kB | 0.3/12 MB | 0.1/1.1 MB | 159/636 kB[0m
2026.06.03 19:30:44 INFO  Progress (5): 0.4/6.3 MB | 279/490 kB | 0.3/12 MB | 0.1/1.1 MB | 159/636 kB[0m
2026.06.03 19:30:45 INFO  Progress (5): 0.4/6.3 MB | 279/490 kB | 0.3/12 MB | 0.1/1.1 MB | 175/636 kB[0m
2026.06.03 19:30:45 INFO  Progress (5): 0.4/6.3 MB | 279/490 kB | 0.3/12 MB | 0.1/1.1 MB | 175/636 kB[0m
2026.06.03 19:30:45 INFO  Progress (5): 0.4/6.3 MB | 279/490 kB | 0.3/12 MB | 0.1/1.1 MB | 175/636 kB[0m
2026.06.03 19:30:45 INFO  Progress (5): 0.4/6.3 MB | 295/490 kB | 0.3/12 MB | 0.1/1.1 MB | 175/636 kB[0m
2026.06.03 19:30:45 INFO  Progress (5): 0.4/6.3 MB | 295/490 kB | 0.3/12 MB | 0.1/1.1 MB | 175/636 kB[0m
2026.06.03 19:30:45 INFO  Progress (5): 0.4/6.3 MB | 295/490 kB | 0.3/12 MB | 0.1/1.1 MB | 175/636 kB[0m
2026.06.03 19:30:45 INFO  Progress (5): 0.4/6.3 MB | 295/490 kB | 0.3/12 MB | 0.1/1.1 MB | 175/636 kB[0m
2026.06.03 19:30:45 INFO  Progress (5): 0.4/6.3 MB | 295/490 kB | 0.3/12 MB | 0.1/1.1 MB | 192/636 kB[0m
2026.06.03 19:30:45 INFO  Progress (5): 0.4/6.3 MB | 311/490 kB | 0.3/12 MB | 0.1/1.1 MB | 192/636 kB[0m
2026.06.03 19:30:45 INFO  Progress (5): 0.4/6.3 MB | 311/490 kB | 0.3/12 MB | 0.1/1.1 MB | 192/636 kB[0m
2026.06.03 19:30:45 INFO  Progress (5): 0.4/6.3 MB | 311/490 kB | 0.4/12 MB | 0.1/1.1 MB | 192/636 kB[0m
2026.06.03 19:30:45 INFO  Progress (5): 0.4/6.3 MB | 311/490 kB | 0.4/12 MB | 0.1/1.1 MB | 192/636 kB[0m
2026.06.03 19:30:45 INFO  Progress (5): 0.4/6.3 MB | 311/490 kB | 0.4/12 MB | 0.1/1.1 MB | 208/636 kB[0m
2026.06.03 19:30:45 INFO  Progress (5): 0.4/6.3 MB | 328/490 kB | 0.4/12 MB | 0.1/1.1 MB | 208/636 kB[0m
2026.06.03 19:30:45 INFO  Progress (5): 0.4/6.3 MB | 328/490 kB | 0.4/12 MB | 0.1/1.1 MB | 208/636 kB[0m
2026.06.03 19:30:45 INFO  Progress (5): 0.4/6.3 MB | 328/490 kB | 0.4/12 MB | 0.1/1.1 MB | 208/636 kB[0m
2026.06.03 19:30:45 INFO  Progress (5): 0.4/6.3 MB | 328/490 kB | 0.4/12 MB | 0.2/1.1 MB | 208/636 kB[0m
2026.06.03 19:30:45 INFO  Progress (5): 0.4/6.3 MB | 344/490 kB | 0.4/12 MB | 0.2/1.1 MB | 208/636 kB[0m
2026.06.03 19:30:45 INFO  Progress (5): 0.4/6.3 MB | 344/490 kB | 0.4/12 MB | 0.2/1.1 MB | 224/636 kB[0m
2026.06.03 19:30:45 INFO  Progress (5): 0.4/6.3 MB | 344/490 kB | 0.4/12 MB | 0.2/1.1 MB | 224/636 kB[0m
2026.06.03 19:30:45 INFO  Progress (5): 0.4/6.3 MB | 344/490 kB | 0.4/12 MB | 0.2/1.1 MB | 224/636 kB[0m
2026.06.03 19:30:45 INFO  Progress (5): 0.4/6.3 MB | 360/490 kB | 0.4/12 MB | 0.2/1.1 MB | 224/636 kB[0m
2026.06.03 19:30:45 INFO  Progress (5): 0.4/6.3 MB | 360/490 kB | 0.4/12 MB | 0.2/1.1 MB | 224/636 kB[0m
2026.06.03 19:30:45 INFO  Progress (5): 0.4/6.3 MB | 360/490 kB | 0.4/12 MB | 0.2/1.1 MB | 241/636 kB[0m
2026.06.03 19:30:45 INFO  Progress (5): 0.4/6.3 MB | 360/490 kB | 0.4/12 MB | 0.2/1.1 MB | 241/636 kB[0m
2026.06.03 19:30:45 INFO  Progress (5): 0.4/6.3 MB | 360/490 kB | 0.4/12 MB | 0.2/1.1 MB | 241/636 kB[0m
2026.06.03 19:30:45 INFO  Progress (5): 0.4/6.3 MB | 377/490 kB | 0.4/12 MB | 0.2/1.1 MB | 241/636 kB[0m
2026.06.03 19:30:45 INFO  Progress (5): 0.4/6.3 MB | 377/490 kB | 0.4/12 MB | 0.2/1.1 MB | 241/636 kB[0m
2026.06.03 19:30:45 INFO  Progress (5): 0.4/6.3 MB | 377/490 kB | 0.4/12 MB | 0.2/1.1 MB | 257/636 kB[0m
2026.06.03 19:30:45 INFO  Progress (5): 0.5/6.3 MB | 377/490 kB | 0.4/12 MB | 0.2/1.1 MB | 257/636 kB[0m
2026.06.03 19:30:46 INFO  Progress (5): 0.5/6.3 MB | 377/490 kB | 0.4/12 MB | 0.2/1.1 MB | 257/636 kB[0m
2026.06.03 19:30:46 INFO  Progress (5): 0.5/6.3 MB | 393/490 kB | 0.4/12 MB | 0.2/1.1 MB | 257/636 kB[0m
2026.06.03 19:30:46 INFO  Progress (5): 0.5/6.3 MB | 393/490 kB | 0.4/12 MB | 0.2/1.1 MB | 257/636 kB[0m
2026.06.03 19:30:46 INFO  Progress (5): 0.5/6.3 MB | 393/490 kB | 0.4/12 MB | 0.2/1.1 MB | 274/636 kB[0m
2026.06.03 19:30:46 INFO  Progress (5): 0.5/6.3 MB | 393/490 kB | 0.4/12 MB | 0.2/1.1 MB | 274/636 kB[0m
2026.06.03 19:30:46 INFO  Progress (5): 0.5/6.3 MB | 393/490 kB | 0.4/12 MB | 0.2/1.1 MB | 274/636 kB[0m
2026.06.03 19:30:46 INFO  no build target found for /home/santiago/DesarrolloDeSoftwareI/victus-caf/victus-caf-backend/src/main/java/com/victuscaf/modules/client/controller/UsuarioSistemaController.java. Using fallback presentation compiler.[0m
2026.06.03 19:30:46 INFO  no build target found for /home/santiago/DesarrolloDeSoftwareI/victus-caf/victus-caf-backend/src/main/java/com/victuscaf/modules/client/controller/UsuarioSistemaController.java. Using fallback presentation compiler.[0m
2026.06.03 19:30:46 INFO  Progress (5): 0.5/6.3 MB | 410/490 kB | 0.4/12 MB | 0.2/1.1 MB | 274/636 kB[0m
2026.06.03 19:30:46 INFO  no build target found for /home/santiago/DesarrolloDeSoftwareI/victus-caf/victus-caf-backend/src/main/java/com/victuscaf/modules/client/controller/UsuarioSistemaController.java. Using fallback presentation compiler.[0m
2026.06.03 19:30:46 INFO  Progress (5): 0.5/6.3 MB | 410/490 kB | 0.4/12 MB | 0.2/1.1 MB | 274/636 kB[0m
2026.06.03 19:30:46 INFO  Progress (5): 0.5/6.3 MB | 410/490 kB | 0.5/12 MB | 0.2/1.1 MB | 274/636 kB[0m
2026.06.03 19:30:46 INFO  Progress (5): 0.5/6.3 MB | 410/490 kB | 0.5/12 MB | 0.2/1.1 MB | 290/636 kB[0m
2026.06.03 19:30:46 INFO  Progress (5): 0.5/6.3 MB | 426/490 kB | 0.5/12 MB | 0.2/1.1 MB | 290/636 kB[0m
2026.06.03 19:30:46 INFO  Progress (5): 0.5/6.3 MB | 426/490 kB | 0.5/12 MB | 0.2/1.1 MB | 290/636 kB[0m
2026.06.03 19:30:46 INFO  Progress (5): 0.5/6.3 MB | 426/490 kB | 0.5/12 MB | 0.2/1.1 MB | 290/636 kB[0m
2026.06.03 19:30:46 INFO  Progress (5): 0.5/6.3 MB | 426/490 kB | 0.5/12 MB | 0.2/1.1 MB | 290/636 kB[0m
2026.06.03 19:30:46 INFO  Progress (5): 0.5/6.3 MB | 442/490 kB | 0.5/12 MB | 0.2/1.1 MB | 290/636 kB[0m
2026.06.03 19:30:46 INFO  Progress (5): 0.5/6.3 MB | 442/490 kB | 0.5/12 MB | 0.2/1.1 MB | 306/636 kB[0m
2026.06.03 19:30:46 INFO  Progress (5): 0.5/6.3 MB | 442/490 kB | 0.5/12 MB | 0.2/1.1 MB | 306/636 kB[0m
2026.06.03 19:30:46 INFO  Progress (5): 0.5/6.3 MB | 442/490 kB | 0.5/12 MB | 0.2/1.1 MB | 306/636 kB[0m
2026.06.03 19:30:46 INFO  Progress (5): 0.5/6.3 MB | 459/490 kB | 0.5/12 MB | 0.2/1.1 MB | 306/636 kB[0m
2026.06.03 19:30:46 INFO  Progress (5): 0.5/6.3 MB | 459/490 kB | 0.5/12 MB | 0.3/1.1 MB | 306/636 kB[0m
2026.06.03 19:30:46 INFO  Progress (5): 0.5/6.3 MB | 459/490 kB | 0.5/12 MB | 0.3/1.1 MB | 323/636 kB[0m
2026.06.03 19:30:46 INFO  Progress (5): 0.5/6.3 MB | 459/490 kB | 0.5/12 MB | 0.3/1.1 MB | 323/636 kB[0m
2026.06.03 19:30:46 INFO  Progress (5): 0.5/6.3 MB | 459/490 kB | 0.5/12 MB | 0.3/1.1 MB | 323/636 kB[0m
2026.06.03 19:30:46 INFO  Progress (5): 0.5/6.3 MB | 475/490 kB | 0.5/12 MB | 0.3/1.1 MB | 323/636 kB[0m
2026.06.03 19:30:46 INFO  Progress (5): 0.5/6.3 MB | 475/490 kB | 0.5/12 MB | 0.3/1.1 MB | 323/636 kB[0m
2026.06.03 19:30:46 INFO  Progress (5): 0.5/6.3 MB | 475/490 kB | 0.5/12 MB | 0.3/1.1 MB | 339/636 kB[0m
2026.06.03 19:30:46 INFO  Progress (5): 0.5/6.3 MB | 475/490 kB | 0.5/12 MB | 0.3/1.1 MB | 339/636 kB[0m
2026.06.03 19:30:46 INFO  Progress (5): 0.5/6.3 MB | 475/490 kB | 0.5/12 MB | 0.3/1.1 MB | 339/636 kB[0m
2026.06.03 19:30:47 INFO  Progress (5): 0.5/6.3 MB | 490 kB | 0.5/12 MB | 0.3/1.1 MB | 339/636 kB    [0m
2026.06.03 19:30:47 INFO                                                                         [0m
2026.06.03 19:30:47 INFO  Downloaded from central: https://repo.maven.apache.org/maven2/org/scala-sbt/zinc-core_2.13/1.8.0/zinc-core_2.13-1.8.0.jar (490 kB at 83 kB/s)[0m
2026.06.03 19:30:47 INFO  Downloading from central: https://repo.maven.apache.org/maven2/com/swoval/file-tree-views/2.1.9/file-tree-views-2.1.9.jar[0m
2026.06.03 19:30:47 INFO  Progress (4): 0.5/6.3 MB | 0.5/12 MB | 0.3/1.1 MB | 339/636 kB[0m
2026.06.03 19:30:47 INFO  Progress (4): 0.5/6.3 MB | 0.5/12 MB | 0.3/1.1 MB | 355/636 kB[0m
2026.06.03 19:30:47 INFO  Progress (4): 0.5/6.3 MB | 0.5/12 MB | 0.3/1.1 MB | 355/636 kB[0m
2026.06.03 19:30:47 INFO  Progress (4): 0.5/6.3 MB | 0.5/12 MB | 0.3/1.1 MB | 355/636 kB[0m
2026.06.03 19:30:47 INFO  Progress (5): 0.5/6.3 MB | 0.5/12 MB | 0.3/1.1 MB | 355/636 kB | 7.7/229 kB[0m
2026.06.03 19:30:47 INFO  Progress (5): 0.5/6.3 MB | 0.5/12 MB | 0.3/1.1 MB | 355/636 kB | 7.7/229 kB[0m
2026.06.03 19:30:47 INFO  Progress (5): 0.5/6.3 MB | 0.5/12 MB | 0.3/1.1 MB | 355/636 kB | 11/229 kB [0m
2026.06.03 19:30:47 INFO  Progress (5): 0.5/6.3 MB | 0.5/12 MB | 0.3/1.1 MB | 372/636 kB | 11/229 kB[0m
2026.06.03 19:30:47 INFO  Progress (5): 0.5/6.3 MB | 0.6/12 MB | 0.3/1.1 MB | 372/636 kB | 11/229 kB[0m
2026.06.03 19:30:47 INFO  Progress (5): 0.6/6.3 MB | 0.6/12 MB | 0.3/1.1 MB | 372/636 kB | 11/229 kB[0m
2026.06.03 19:30:47 INFO  Progress (5): 0.6/6.3 MB | 0.6/12 MB | 0.3/1.1 MB | 372/636 kB | 28/229 kB[0m
2026.06.03 19:30:47 INFO  Progress (5): 0.6/6.3 MB | 0.6/12 MB | 0.3/1.1 MB | 372/636 kB | 28/229 kB[0m
2026.06.03 19:30:47 INFO  Progress (5): 0.6/6.3 MB | 0.6/12 MB | 0.3/1.1 MB | 372/636 kB | 28/229 kB[0m
2026.06.03 19:30:47 INFO  Progress (5): 0.6/6.3 MB | 0.6/12 MB | 0.3/1.1 MB | 388/636 kB | 28/229 kB[0m
2026.06.03 19:30:48 INFO  Created report: Optional[file:///home/santiago/DesarrolloDeSoftwareI/victus-caf/victus-caf-backend/src/main/java/com/victuscaf/modules/client/controller/UsuarioSistemaController.java][0m
2026.06.03 19:30:48 INFO  Created report: Optional[file:///home/santiago/DesarrolloDeSoftwareI/victus-caf/victus-caf-backend/src/main/java/com/victuscaf/security/SecurityConfig.java][0m
2026.06.03 19:30:48 INFO  empty definition using pc, found symbol in pc: _empty_/PatchMapping# (full report at: "/home/santiago/DesarrolloDeSoftwareI/victus-caf/.metals/.reports/metals-full/2026-06-03/r_empty-definition_19-30-48-161.md")[0m
2026.06.03 19:30:48 INFO  empty definition using pc, found symbol in pc: _empty_/HttpMethod#OPTIONS# (full report at: "/home/santiago/DesarrolloDeSoftwareI/victus-caf/.metals/.reports/metals-full/2026-06-03/r_empty-definition_19-30-48-162.md")[0m
2026.06.03 19:30:47 INFO  Progress (5): 0.6/6.3 MB | 0.6/12 MB | 0.3/1.1 MB | 388/636 kB | 28/229 kB[0m
2026.06.03 19:30:47 INFO  Progress (5): 0.6/6.3 MB | 0.6/12 MB | 0.3/1.1 MB | 388/636 kB | 44/229 kB[0m
2026.06.03 19:30:47 INFO  Progress (5): 0.6/6.3 MB | 0.6/12 MB | 0.3/1.1 MB | 388/636 kB | 44/229 kB[0m
2026.06.03 19:30:47 INFO  Progress (5): 0.6/6.3 MB | 0.6/12 MB | 0.3/1.1 MB | 388/636 kB | 44/229 kB[0m
2026.06.03 19:30:47 INFO  Progress (5): 0.6/6.3 MB | 0.6/12 MB | 0.3/1.1 MB | 405/636 kB | 44/229 kB[0m
2026.06.03 19:30:47 INFO  Progress (5): 0.6/6.3 MB | 0.6/12 MB | 0.3/1.1 MB | 405/636 kB | 44/229 kB[0m
2026.06.03 19:30:47 INFO  Progress (5): 0.6/6.3 MB | 0.6/12 MB | 0.3/1.1 MB | 405/636 kB | 61/229 kB[0m
2026.06.03 19:30:47 INFO  Progress (5): 0.6/6.3 MB | 0.6/12 MB | 0.3/1.1 MB | 405/636 kB | 61/229 kB[0m
2026.06.03 19:30:47 INFO  Progress (5): 0.6/6.3 MB | 0.6/12 MB | 0.4/1.1 MB | 405/636 kB | 61/229 kB[0m
2026.06.03 19:30:47 INFO  Progress (5): 0.6/6.3 MB | 0.6/12 MB | 0.4/1.1 MB | 421/636 kB | 61/229 kB[0m
2026.06.03 19:30:47 INFO  Progress (5): 0.6/6.3 MB | 0.6/12 MB | 0.4/1.1 MB | 421/636 kB | 61/229 kB[0m
2026.06.03 19:30:47 INFO  Progress (5): 0.6/6.3 MB | 0.6/12 MB | 0.4/1.1 MB | 421/636 kB | 61/229 kB[0m
2026.06.03 19:30:47 INFO  Progress (5): 0.6/6.3 MB | 0.6/12 MB | 0.4/1.1 MB | 421/636 kB | 77/229 kB[0m
2026.06.03 19:30:48 INFO  Progress (5): 0.6/6.3 MB | 0.6/12 MB | 0.4/1.1 MB | 421/636 kB | 77/229 kB[0m
2026.06.03 19:30:48 INFO  Progress (5): 0.6/6.3 MB | 0.6/12 MB | 0.4/1.1 MB | 437/636 kB | 77/229 kB[0m
2026.06.03 19:30:48 INFO  Progress (5): 0.6/6.3 MB | 0.6/12 MB | 0.4/1.1 MB | 437/636 kB | 77/229 kB[0m
2026.06.03 19:30:48 INFO  Progress (5): 0.6/6.3 MB | 0.6/12 MB | 0.4/1.1 MB | 437/636 kB | 77/229 kB[0m
2026.06.03 19:30:48 INFO  Progress (5): 0.6/6.3 MB | 0.6/12 MB | 0.4/1.1 MB | 437/636 kB | 93/229 kB[0m
2026.06.03 19:30:48 INFO  Progress (5): 0.6/6.3 MB | 0.6/12 MB | 0.4/1.1 MB | 437/636 kB | 93/229 kB[0m
2026.06.03 19:30:48 INFO  Progress (5): 0.6/6.3 MB | 0.6/12 MB | 0.4/1.1 MB | 454/636 kB | 93/229 kB[0m
2026.06.03 19:30:48 INFO  Progress (5): 0.6/6.3 MB | 0.7/12 MB | 0.4/1.1 MB | 454/636 kB | 93/229 kB[0m
2026.06.03 19:30:48 INFO  Progress (5): 0.6/6.3 MB | 0.7/12 MB | 0.4/1.1 MB | 454/636 kB | 93/229 kB[0m
2026.06.03 19:30:48 INFO  Progress (5): 0.6/6.3 MB | 0.7/12 MB | 0.4/1.1 MB | 454/636 kB | 110/229 kB[0m
2026.06.03 19:30:48 INFO  Progress (5): 0.6/6.3 MB | 0.7/12 MB | 0.4/1.1 MB | 454/636 kB | 110/229 kB[0m
2026.06.03 19:30:48 INFO  Progress (5): 0.6/6.3 MB | 0.7/12 MB | 0.4/1.1 MB | 454/636 kB | 110/229 kB[0m
2026.06.03 19:30:48 INFO  Progress (5): 0.6/6.3 MB | 0.7/12 MB | 0.4/1.1 MB | 470/636 kB | 110/229 kB[0m
2026.06.03 19:30:48 INFO  Progress (5): 0.7/6.3 MB | 0.7/12 MB | 0.4/1.1 MB | 470/636 kB | 110/229 kB[0m
2026.06.03 19:30:48 INFO  Progress (5): 0.7/6.3 MB | 0.7/12 MB | 0.4/1.1 MB | 470/636 kB | 126/229 kB[0m
2026.06.03 19:30:48 INFO  Progress (5): 0.7/6.3 MB | 0.7/12 MB | 0.4/1.1 MB | 470/636 kB | 126/229 kB[0m
2026.06.03 19:30:48 INFO  Progress (5): 0.7/6.3 MB | 0.7/12 MB | 0.4/1.1 MB | 487/636 kB | 126/229 kB[0m
2026.06.03 19:30:48 INFO  Progress (5): 0.7/6.3 MB | 0.7/12 MB | 0.4/1.1 MB | 487/636 kB | 126/229 kB[0m
2026.06.03 19:30:48 INFO  Progress (5): 0.7/6.3 MB | 0.7/12 MB | 0.4/1.1 MB | 487/636 kB | 142/229 kB[0m
2026.06.03 19:30:48 INFO  Progress (5): 0.7/6.3 MB | 0.7/12 MB | 0.4/1.1 MB | 487/636 kB | 142/229 kB[0m
2026.06.03 19:30:48 INFO  Progress (5): 0.7/6.3 MB | 0.7/12 MB | 0.4/1.1 MB | 487/636 kB | 142/229 kB[0m
2026.06.03 19:30:48 INFO  Progress (5): 0.7/6.3 MB | 0.7/12 MB | 0.4/1.1 MB | 503/636 kB | 142/229 kB[0m
2026.06.03 19:30:48 INFO  Progress (5): 0.7/6.3 MB | 0.7/12 MB | 0.4/1.1 MB | 503/636 kB | 142/229 kB[0m
2026.06.03 19:30:48 INFO  Progress (5): 0.7/6.3 MB | 0.7/12 MB | 0.4/1.1 MB | 503/636 kB | 142/229 kB[0m
2026.06.03 19:30:48 INFO  Progress (5): 0.7/6.3 MB | 0.7/12 MB | 0.4/1.1 MB | 503/636 kB | 159/229 kB[0m
2026.06.03 19:30:48 INFO  Progress (5): 0.7/6.3 MB | 0.7/12 MB | 0.4/1.1 MB | 503/636 kB | 159/229 kB[0m
2026.06.03 19:30:49 INFO  Progress (5): 0.7/6.3 MB | 0.7/12 MB | 0.5/1.1 MB | 503/636 kB | 159/229 kB[0m
2026.06.03 19:30:49 INFO  Progress (5): 0.7/6.3 MB | 0.7/12 MB | 0.5/1.1 MB | 519/636 kB | 159/229 kB[0m
2026.06.03 19:30:49 INFO  Progress (5): 0.7/6.3 MB | 0.7/12 MB | 0.5/1.1 MB | 519/636 kB | 159/229 kB[0m
2026.06.03 19:30:49 INFO  Progress (5): 0.7/6.3 MB | 0.7/12 MB | 0.5/1.1 MB | 519/636 kB | 175/229 kB[0m
2026.06.03 19:30:49 INFO  Progress (5): 0.7/6.3 MB | 0.7/12 MB | 0.5/1.1 MB | 519/636 kB | 175/229 kB[0m
2026.06.03 19:30:49 INFO  Progress (5): 0.7/6.3 MB | 0.7/12 MB | 0.5/1.1 MB | 519/636 kB | 175/229 kB[0m
2026.06.03 19:30:49 INFO  Progress (5): 0.7/6.3 MB | 0.7/12 MB | 0.5/1.1 MB | 536/636 kB | 175/229 kB[0m
2026.06.03 19:30:49 INFO  Progress (5): 0.7/6.3 MB | 0.8/12 MB | 0.5/1.1 MB | 536/636 kB | 175/229 kB[0m
2026.06.03 19:30:49 INFO  Progress (5): 0.7/6.3 MB | 0.8/12 MB | 0.5/1.1 MB | 536/636 kB | 192/229 kB[0m
2026.06.03 19:30:49 INFO  Progress (5): 0.7/6.3 MB | 0.8/12 MB | 0.5/1.1 MB | 536/636 kB | 192/229 kB[0m
2026.06.03 19:30:49 INFO  Progress (5): 0.7/6.3 MB | 0.8/12 MB | 0.5/1.1 MB | 552/636 kB | 192/229 kB[0m
2026.06.03 19:30:49 INFO  Progress (5): 0.7/6.3 MB | 0.8/12 MB | 0.5/1.1 MB | 552/636 kB | 192/229 kB[0m
2026.06.03 19:30:49 INFO  Progress (5): 0.7/6.3 MB | 0.8/12 MB | 0.5/1.1 MB | 552/636 kB | 192/229 kB[0m
2026.06.03 19:30:49 INFO  Progress (5): 0.7/6.3 MB | 0.8/12 MB | 0.5/1.1 MB | 552/636 kB | 192/229 kB[0m
2026.06.03 19:30:49 INFO  Progress (5): 0.7/6.3 MB | 0.8/12 MB | 0.5/1.1 MB | 552/636 kB | 192/229 kB[0m
2026.06.03 19:30:49 INFO  Progress (5): 0.7/6.3 MB | 0.8/12 MB | 0.5/1.1 MB | 552/636 kB | 208/229 kB[0m
2026.06.03 19:30:49 INFO  Progress (5): 0.7/6.3 MB | 0.8/12 MB | 0.5/1.1 MB | 552/636 kB | 208/229 kB[0m
2026.06.03 19:30:49 INFO  Progress (5): 0.7/6.3 MB | 0.8/12 MB | 0.5/1.1 MB | 568/636 kB | 208/229 kB[0m
2026.06.03 19:30:49 INFO  Progress (5): 0.7/6.3 MB | 0.8/12 MB | 0.5/1.1 MB | 568/636 kB | 208/229 kB[0m
2026.06.03 19:30:49 INFO  Progress (5): 0.8/6.3 MB | 0.8/12 MB | 0.5/1.1 MB | 568/636 kB | 208/229 kB[0m
2026.06.03 19:30:49 INFO  Progress (5): 0.8/6.3 MB | 0.8/12 MB | 0.5/1.1 MB | 568/636 kB | 208/229 kB[0m
2026.06.03 19:30:49 INFO  Progress (5): 0.8/6.3 MB | 0.8/12 MB | 0.5/1.1 MB | 568/636 kB | 224/229 kB[0m
2026.06.03 19:30:49 INFO  Progress (5): 0.8/6.3 MB | 0.8/12 MB | 0.5/1.1 MB | 568/636 kB | 229 kB    [0m
2026.06.03 19:30:49 INFO                                                                         [0m
2026.06.03 19:30:49 INFO  Downloaded from central: https://repo.maven.apache.org/maven2/com/swoval/file-tree-views/2.1.9/file-tree-views-2.1.9.jar (229 kB at 26 kB/s)[0m
2026.06.03 19:30:49 INFO  Downloading from central: https://repo.maven.apache.org/maven2/net/java/dev/jna/jna/5.12.0/jna-5.12.0.jar[0m
2026.06.03 19:30:49 INFO  Progress (4): 0.8/6.3 MB | 0.8/12 MB | 0.5/1.1 MB | 585/636 kB[0m
2026.06.03 19:30:49 INFO  Progress (4): 0.8/6.3 MB | 0.8/12 MB | 0.5/1.1 MB | 585/636 kB[0m
2026.06.03 19:30:49 INFO  Progress (4): 0.8/6.3 MB | 0.8/12 MB | 0.5/1.1 MB | 585/636 kB[0m
2026.06.03 19:30:49 INFO  Progress (4): 0.8/6.3 MB | 0.8/12 MB | 0.5/1.1 MB | 585/636 kB[0m
2026.06.03 19:30:49 INFO  Progress (4): 0.8/6.3 MB | 0.8/12 MB | 0.5/1.1 MB | 585/636 kB[0m
2026.06.03 19:30:49 INFO  Progress (4): 0.8/6.3 MB | 0.8/12 MB | 0.5/1.1 MB | 601/636 kB[0m
2026.06.03 19:30:49 INFO  Progress (5): 0.8/6.3 MB | 0.8/12 MB | 0.5/1.1 MB | 601/636 kB | 0/1.9 MB[0m
2026.06.03 19:30:49 INFO  Progress (5): 0.8/6.3 MB | 0.8/12 MB | 0.5/1.1 MB | 601/636 kB | 0/1.9 MB[0m
2026.06.03 19:30:49 INFO  Progress (5): 0.8/6.3 MB | 0.8/12 MB | 0.5/1.1 MB | 601/636 kB | 0/1.9 MB[0m
2026.06.03 19:30:50 INFO  Progress (5): 0.8/6.3 MB | 0.8/12 MB | 0.5/1.1 MB | 601/636 kB | 0/1.9 MB[0m
2026.06.03 19:30:50 INFO  Progress (5): 0.8/6.3 MB | 0.8/12 MB | 0.5/1.1 MB | 601/636 kB | 0/1.9 MB[0m
2026.06.03 19:30:50 INFO  Progress (5): 0.8/6.3 MB | 0.8/12 MB | 0.5/1.1 MB | 618/636 kB | 0/1.9 MB[0m
2026.06.03 19:30:50 INFO  Progress (5): 0.8/6.3 MB | 0.8/12 MB | 0.5/1.1 MB | 618/636 kB | 0/1.9 MB[0m
2026.06.03 19:30:50 INFO  Progress (5): 0.8/6.3 MB | 0.8/12 MB | 0.6/1.1 MB | 618/636 kB | 0/1.9 MB[0m
2026.06.03 19:30:50 INFO  Progress (5): 0.8/6.3 MB | 0.9/12 MB | 0.6/1.1 MB | 618/636 kB | 0/1.9 MB[0m
2026.06.03 19:30:50 INFO  Progress (5): 0.8/6.3 MB | 0.9/12 MB | 0.6/1.1 MB | 618/636 kB | 0/1.9 MB[0m
2026.06.03 19:30:50 INFO  Progress (5): 0.8/6.3 MB | 0.9/12 MB | 0.6/1.1 MB | 618/636 kB | 0/1.9 MB[0m
2026.06.03 19:30:50 INFO  Progress (5): 0.8/6.3 MB | 0.9/12 MB | 0.6/1.1 MB | 634/636 kB | 0/1.9 MB[0m
2026.06.03 19:30:50 INFO  Progress (5): 0.8/6.3 MB | 0.9/12 MB | 0.6/1.1 MB | 636 kB | 0/1.9 MB    [0m
2026.06.03 19:30:50 INFO  Progress (5): 0.8/6.3 MB | 0.9/12 MB | 0.6/1.1 MB | 636 kB | 0/1.9 MB[0m
2026.06.03 19:30:50 INFO  Progress (5): 0.8/6.3 MB | 0.9/12 MB | 0.6/1.1 MB | 636 kB | 0/1.9 MB[0m
2026.06.03 19:30:50 INFO                                                                       [0m
2026.06.03 19:30:50 INFO  Downloaded from central: https://repo.maven.apache.org/maven2/org/scala-sbt/io_2.13/1.8.0/io_2.13-1.8.0.jar (636 kB at 69 kB/s)[0m
2026.06.03 19:30:50 INFO  Downloading from central: https://repo.maven.apache.org/maven2/net/java/dev/jna/jna-platform/5.12.0/jna-platform-5.12.0.jar[0m
2026.06.03 19:30:50 INFO  Progress (4): 0.8/6.3 MB | 0.9/12 MB | 0.6/1.1 MB | 0/1.9 MB[0m
2026.06.03 19:30:50 INFO  Progress (4): 0.8/6.3 MB | 0.9/12 MB | 0.6/1.1 MB | 0.1/1.9 MB[0m
2026.06.03 19:30:50 INFO  Progress (4): 0.8/6.3 MB | 0.9/12 MB | 0.6/1.1 MB | 0.1/1.9 MB[0m
2026.06.03 19:30:50 INFO  Progress (5): 0.8/6.3 MB | 0.9/12 MB | 0.6/1.1 MB | 0.1/1.9 MB | 0/1.4 MB[0m
2026.06.03 19:30:50 INFO  Progress (5): 0.8/6.3 MB | 0.9/12 MB | 0.6/1.1 MB | 0.1/1.9 MB | 0/1.4 MB[0m
2026.06.03 19:30:50 INFO  Progress (5): 0.8/6.3 MB | 0.9/12 MB | 0.6/1.1 MB | 0.1/1.9 MB | 0/1.4 MB[0m
2026.06.03 19:30:50 INFO  Progress (5): 0.8/6.3 MB | 0.9/12 MB | 0.6/1.1 MB | 0.1/1.9 MB | 0/1.4 MB[0m
2026.06.03 19:30:50 INFO  Progress (5): 0.8/6.3 MB | 0.9/12 MB | 0.6/1.1 MB | 0.1/1.9 MB | 0/1.4 MB[0m
2026.06.03 19:30:50 INFO  Progress (5): 0.8/6.3 MB | 0.9/12 MB | 0.6/1.1 MB | 0.1/1.9 MB | 0/1.4 MB[0m
2026.06.03 19:30:50 INFO  Progress (5): 0.8/6.3 MB | 0.9/12 MB | 0.6/1.1 MB | 0.1/1.9 MB | 0/1.4 MB[0m
2026.06.03 19:30:51 WARN  Using H2 2.4.240 which is newer than the version Flyway has been verified with. The latest verified version of H2 is 2.3.232.[0m
2026.06.03 19:30:50 INFO  Progress (5): 0.8/6.3 MB | 0.9/12 MB | 0.6/1.1 MB | 0.1/1.9 MB | 0/1.4 MB[0m
2026.06.03 19:30:50 INFO  Progress (5): 0.9/6.3 MB | 0.9/12 MB | 0.6/1.1 MB | 0.1/1.9 MB | 0/1.4 MB[0m
2026.06.03 19:30:50 INFO  Progress (5): 0.9/6.3 MB | 0.9/12 MB | 0.6/1.1 MB | 0.1/1.9 MB | 0/1.4 MB[0m
2026.06.03 19:30:50 INFO  Progress (5): 0.9/6.3 MB | 0.9/12 MB | 0.6/1.1 MB | 0.1/1.9 MB | 0/1.4 MB[0m
2026.06.03 19:30:50 INFO  Progress (5): 0.9/6.3 MB | 0.9/12 MB | 0.6/1.1 MB | 0.1/1.9 MB | 0/1.4 MB[0m
2026.06.03 19:30:50 INFO  Progress (5): 0.9/6.3 MB | 0.9/12 MB | 0.6/1.1 MB | 0.1/1.9 MB | 0/1.4 MB[0m
2026.06.03 19:30:50 INFO  Progress (5): 0.9/6.3 MB | 0.9/12 MB | 0.6/1.1 MB | 0.1/1.9 MB | 0/1.4 MB[0m
2026.06.03 19:30:50 INFO  Progress (5): 0.9/6.3 MB | 0.9/12 MB | 0.6/1.1 MB | 0.1/1.9 MB | 0/1.4 MB[0m
2026.06.03 19:30:50 INFO  Progress (5): 0.9/6.3 MB | 0.9/12 MB | 0.6/1.1 MB | 0.1/1.9 MB | 0/1.4 MB[0m
2026.06.03 19:30:50 INFO  Progress (5): 0.9/6.3 MB | 0.9/12 MB | 0.6/1.1 MB | 0.1/1.9 MB | 0/1.4 MB[0m
2026.06.03 19:30:50 INFO  Progress (5): 0.9/6.3 MB | 0.9/12 MB | 0.6/1.1 MB | 0.1/1.9 MB | 0/1.4 MB[0m
2026.06.03 19:30:50 INFO  Progress (5): 0.9/6.3 MB | 0.9/12 MB | 0.6/1.1 MB | 0.1/1.9 MB | 0.1/1.4 MB[0m
2026.06.03 19:30:51 INFO  Progress (5): 0.9/6.3 MB | 0.9/12 MB | 0.6/1.1 MB | 0.1/1.9 MB | 0.1/1.4 MB[0m
2026.06.03 19:30:51 INFO  Progress (5): 0.9/6.3 MB | 0.9/12 MB | 0.7/1.1 MB | 0.1/1.9 MB | 0.1/1.4 MB[0m
2026.06.03 19:30:51 INFO  Progress (5): 0.9/6.3 MB | 0.9/12 MB | 0.7/1.1 MB | 0.1/1.9 MB | 0.1/1.4 MB[0m
2026.06.03 19:30:51 INFO  Progress (5): 0.9/6.3 MB | 1.0/12 MB | 0.7/1.1 MB | 0.1/1.9 MB | 0.1/1.4 MB[0m
2026.06.03 19:30:51 INFO  Progress (5): 0.9/6.3 MB | 1.0/12 MB | 0.7/1.1 MB | 0.1/1.9 MB | 0.1/1.4 MB[0m
2026.06.03 19:30:51 INFO  Progress (5): 0.9/6.3 MB | 1.0/12 MB | 0.7/1.1 MB | 0.1/1.9 MB | 0.1/1.4 MB[0m
2026.06.03 19:30:51 INFO  Progress (5): 0.9/6.3 MB | 1.0/12 MB | 0.7/1.1 MB | 0.1/1.9 MB | 0.1/1.4 MB[0m
2026.06.03 19:30:51 INFO  Progress (5): 0.9/6.3 MB | 1.0/12 MB | 0.7/1.1 MB | 0.1/1.9 MB | 0.1/1.4 MB[0m
2026.06.03 19:30:51 INFO  Progress (5): 0.9/6.3 MB | 1.0/12 MB | 0.7/1.1 MB | 0.1/1.9 MB | 0.1/1.4 MB[0m
2026.06.03 19:30:51 INFO  Progress (5): 0.9/6.3 MB | 1.0/12 MB | 0.7/1.1 MB | 0.1/1.9 MB | 0.1/1.4 MB[0m
2026.06.03 19:30:51 INFO  Progress (5): 0.9/6.3 MB | 1.0/12 MB | 0.7/1.1 MB | 0.1/1.9 MB | 0.1/1.4 MB[0m
2026.06.03 19:30:51 INFO  Progress (5): 0.9/6.3 MB | 1.0/12 MB | 0.7/1.1 MB | 0.1/1.9 MB | 0.1/1.4 MB[0m
2026.06.03 19:30:51 INFO  Progress (5): 0.9/6.3 MB | 1.0/12 MB | 0.7/1.1 MB | 0.2/1.9 MB | 0.1/1.4 MB[0m
2026.06.03 19:30:51 INFO  Progress (5): 0.9/6.3 MB | 1.0/12 MB | 0.7/1.1 MB | 0.2/1.9 MB | 0.1/1.4 MB[0m
2026.06.03 19:30:51 INFO  Progress (5): 0.9/6.3 MB | 1.0/12 MB | 0.7/1.1 MB | 0.2/1.9 MB | 0.1/1.4 MB[0m
2026.06.03 19:30:51 INFO  Progress (5): 0.9/6.3 MB | 1.0/12 MB | 0.7/1.1 MB | 0.2/1.9 MB | 0.1/1.4 MB[0m
2026.06.03 19:30:51 INFO  Progress (5): 0.9/6.3 MB | 1.0/12 MB | 0.7/1.1 MB | 0.2/1.9 MB | 0.1/1.4 MB[0m
2026.06.03 19:30:51 INFO  Progress (5): 0.9/6.3 MB | 1.0/12 MB | 0.7/1.1 MB | 0.2/1.9 MB | 0.1/1.4 MB[0m
2026.06.03 19:30:51 INFO  Progress (5): 0.9/6.3 MB | 1.0/12 MB | 0.7/1.1 MB | 0.2/1.9 MB | 0.1/1.4 MB[0m
2026.06.03 19:30:51 INFO  Progress (5): 0.9/6.3 MB | 1.0/12 MB | 0.7/1.1 MB | 0.2/1.9 MB | 0.1/1.4 MB[0m
2026.06.03 19:30:51 INFO  Progress (5): 0.9/6.3 MB | 1.0/12 MB | 0.7/1.1 MB | 0.2/1.9 MB | 0.1/1.4 MB[0m
2026.06.03 19:30:51 INFO  Progress (5): 1.0/6.3 MB | 1.0/12 MB | 0.7/1.1 MB | 0.2/1.9 MB | 0.1/1.4 MB[0m
2026.06.03 19:30:51 INFO  Progress (5): 1.0/6.3 MB | 1.0/12 MB | 0.7/1.1 MB | 0.2/1.9 MB | 0.1/1.4 MB[0m
2026.06.03 19:30:51 INFO  Progress (5): 1.0/6.3 MB | 1.0/12 MB | 0.7/1.1 MB | 0.2/1.9 MB | 0.1/1.4 MB[0m
2026.06.03 19:30:51 INFO  Progress (5): 1.0/6.3 MB | 1.0/12 MB | 0.7/1.1 MB | 0.2/1.9 MB | 0.1/1.4 MB[0m
2026.06.03 19:30:51 INFO  Progress (5): 1.0/6.3 MB | 1.0/12 MB | 0.7/1.1 MB | 0.2/1.9 MB | 0.1/1.4 MB[0m
2026.06.03 19:30:52 INFO  Progress (5): 1.0/6.3 MB | 1.0/12 MB | 0.7/1.1 MB | 0.2/1.9 MB | 0.1/1.4 MB[0m
2026.06.03 19:30:52 INFO  Progress (5): 1.0/6.3 MB | 1.0/12 MB | 0.8/1.1 MB | 0.2/1.9 MB | 0.1/1.4 MB[0m
2026.06.03 19:30:52 INFO  Progress (5): 1.0/6.3 MB | 1.0/12 MB | 0.8/1.1 MB | 0.2/1.9 MB | 0.1/1.4 MB[0m
2026.06.03 19:30:52 INFO  Progress (5): 1.0/6.3 MB | 1.0/12 MB | 0.8/1.1 MB | 0.2/1.9 MB | 0.2/1.4 MB[0m
2026.06.03 19:30:52 INFO  Progress (5): 1.0/6.3 MB | 1.0/12 MB | 0.8/1.1 MB | 0.2/1.9 MB | 0.2/1.4 MB[0m
2026.06.03 19:30:52 INFO  Progress (5): 1.0/6.3 MB | 1.0/12 MB | 0.8/1.1 MB | 0.2/1.9 MB | 0.2/1.4 MB[0m
2026.06.03 19:30:52 INFO  Progress (5): 1.0/6.3 MB | 1.0/12 MB | 0.8/1.1 MB | 0.2/1.9 MB | 0.2/1.4 MB[0m
2026.06.03 19:30:52 INFO  Progress (5): 1.0/6.3 MB | 1.0/12 MB | 0.8/1.1 MB | 0.2/1.9 MB | 0.2/1.4 MB[0m
2026.06.03 19:30:53 INFO  no build target found for /home/santiago/DesarrolloDeSoftwareI/victus-caf/victus-caf-backend/src/main/java/com/victuscaf/modules/client/controller/UsuarioSistemaController.java. Using fallback presentation compiler.[0m
2026.06.03 19:30:52 INFO  Progress (5): 1.0/6.3 MB | 1.0/12 MB | 0.8/1.1 MB | 0.2/1.9 MB | 0.2/1.4 MB[0m
2026.06.03 19:30:52 INFO  Progress (5): 1.0/6.3 MB | 1.1/12 MB | 0.8/1.1 MB | 0.2/1.9 MB | 0.2/1.4 MB[0m
2026.06.03 19:30:52 INFO  Progress (5): 1.0/6.3 MB | 1.1/12 MB | 0.8/1.1 MB | 0.2/1.9 MB | 0.2/1.4 MB[0m
2026.06.03 19:30:52 INFO  Progress (5): 1.0/6.3 MB | 1.1/12 MB | 0.8/1.1 MB | 0.2/1.9 MB | 0.2/1.4 MB[0m
2026.06.03 19:30:52 INFO  Progress (5): 1.0/6.3 MB | 1.1/12 MB | 0.8/1.1 MB | 0.2/1.9 MB | 0.2/1.4 MB[0m
2026.06.03 19:30:52 INFO  Progress (5): 1.0/6.3 MB | 1.1/12 MB | 0.8/1.1 MB | 0.2/1.9 MB | 0.2/1.4 MB[0m
2026.06.03 19:30:52 INFO  Progress (5): 1.0/6.3 MB | 1.1/12 MB | 0.8/1.1 MB | 0.2/1.9 MB | 0.2/1.4 MB[0m
2026.06.03 19:30:53 INFO  no build target found for /org/springframework/web/bind/annotation/PatchMapping.java. Using fallback presentation compiler.[0m
2026.06.03 19:30:52 INFO  Progress (5): 1.0/6.3 MB | 1.1/12 MB | 0.8/1.1 MB | 0.2/1.9 MB | 0.2/1.4 MB[0m
2026.06.03 19:30:52 INFO  Progress (5): 1.0/6.3 MB | 1.1/12 MB | 0.8/1.1 MB | 0.2/1.9 MB | 0.2/1.4 MB[0m
2026.06.03 19:30:52 INFO  Progress (5): 1.0/6.3 MB | 1.1/12 MB | 0.8/1.1 MB | 0.3/1.9 MB | 0.2/1.4 MB[0m
2026.06.03 19:30:52 INFO  Progress (5): 1.0/6.3 MB | 1.1/12 MB | 0.8/1.1 MB | 0.3/1.9 MB | 0.2/1.4 MB[0m
2026.06.03 19:30:52 INFO  Progress (5): 1.0/6.3 MB | 1.1/12 MB | 0.8/1.1 MB | 0.3/1.9 MB | 0.2/1.4 MB[0m
2026.06.03 19:30:52 INFO  Progress (5): 1.0/6.3 MB | 1.1/12 MB | 0.8/1.1 MB | 0.3/1.9 MB | 0.2/1.4 MB[0m
2026.06.03 19:30:52 INFO  Progress (5): 1.0/6.3 MB | 1.1/12 MB | 0.8/1.1 MB | 0.3/1.9 MB | 0.2/1.4 MB[0m
2026.06.03 19:30:52 INFO  Progress (5): 1.0/6.3 MB | 1.1/12 MB | 0.8/1.1 MB | 0.3/1.9 MB | 0.2/1.4 MB[0m
2026.06.03 19:30:52 INFO  Progress (5): 1.0/6.3 MB | 1.1/12 MB | 0.8/1.1 MB | 0.3/1.9 MB | 0.2/1.4 MB[0m
2026.06.03 19:30:52 INFO  Progress (5): 1.0/6.3 MB | 1.1/12 MB | 0.8/1.1 MB | 0.3/1.9 MB | 0.2/1.4 MB[0m
2026.06.03 19:30:52 INFO  Progress (5): 1.0/6.3 MB | 1.1/12 MB | 0.8/1.1 MB | 0.3/1.9 MB | 0.2/1.4 MB[0m
2026.06.03 19:30:52 INFO  Progress (5): 1.1/6.3 MB | 1.1/12 MB | 0.8/1.1 MB | 0.3/1.9 MB | 0.2/1.4 MB[0m
2026.06.03 19:30:53 INFO  Progress (5): 1.1/6.3 MB | 1.1/12 MB | 0.8/1.1 MB | 0.3/1.9 MB | 0.2/1.4 MB[0m
2026.06.03 19:30:53 INFO  Progress (5): 1.1/6.3 MB | 1.1/12 MB | 0.9/1.1 MB | 0.3/1.9 MB | 0.2/1.4 MB[0m
2026.06.03 19:30:53 INFO  Progress (5): 1.1/6.3 MB | 1.1/12 MB | 0.9/1.1 MB | 0.3/1.9 MB | 0.2/1.4 MB[0m
2026.06.03 19:30:53 INFO  Progress (5): 1.1/6.3 MB | 1.1/12 MB | 0.9/1.1 MB | 0.3/1.9 MB | 0.2/1.4 MB[0m
2026.06.03 19:30:53 INFO  Progress (5): 1.1/6.3 MB | 1.1/12 MB | 0.9/1.1 MB | 0.3/1.9 MB | 0.2/1.4 MB[0m
2026.06.03 19:30:53 INFO  Progress (5): 1.1/6.3 MB | 1.1/12 MB | 0.9/1.1 MB | 0.3/1.9 MB | 0.2/1.4 MB[0m
2026.06.03 19:30:53 INFO  Progress (5): 1.1/6.3 MB | 1.1/12 MB | 0.9/1.1 MB | 0.3/1.9 MB | 0.2/1.4 MB[0m
2026.06.03 19:30:53 INFO  Progress (5): 1.1/6.3 MB | 1.1/12 MB | 0.9/1.1 MB | 0.3/1.9 MB | 0.2/1.4 MB[0m
2026.06.03 19:30:53 INFO  Progress (5): 1.1/6.3 MB | 1.1/12 MB | 0.9/1.1 MB | 0.3/1.9 MB | 0.3/1.4 MB[0m
2026.06.03 19:30:53 INFO  Progress (5): 1.1/6.3 MB | 1.1/12 MB | 0.9/1.1 MB | 0.3/1.9 MB | 0.3/1.4 MB[0m
2026.06.03 19:30:53 INFO  Progress (5): 1.1/6.3 MB | 1.2/12 MB | 0.9/1.1 MB | 0.3/1.9 MB | 0.3/1.4 MB[0m
2026.06.03 19:30:53 INFO  Progress (5): 1.1/6.3 MB | 1.2/12 MB | 0.9/1.1 MB | 0.3/1.9 MB | 0.3/1.4 MB[0m
2026.06.03 19:30:53 INFO  Progress (5): 1.1/6.3 MB | 1.2/12 MB | 0.9/1.1 MB | 0.3/1.9 MB | 0.3/1.4 MB[0m
2026.06.03 19:30:53 INFO  Progress (5): 1.1/6.3 MB | 1.2/12 MB | 0.9/1.1 MB | 0.3/1.9 MB | 0.3/1.4 MB[0m
2026.06.03 19:30:53 INFO  Progress (5): 1.1/6.3 MB | 1.2/12 MB | 0.9/1.1 MB | 0.3/1.9 MB | 0.3/1.4 MB[0m
2026.06.03 19:30:53 INFO  Progress (5): 1.1/6.3 MB | 1.2/12 MB | 0.9/1.1 MB | 0.3/1.9 MB | 0.3/1.4 MB[0m
2026.06.03 19:30:53 INFO  Progress (5): 1.1/6.3 MB | 1.2/12 MB | 0.9/1.1 MB | 0.3/1.9 MB | 0.3/1.4 MB[0m
2026.06.03 19:30:53 INFO  Progress (5): 1.1/6.3 MB | 1.2/12 MB | 0.9/1.1 MB | 0.3/1.9 MB | 0.3/1.4 MB[0m
2026.06.03 19:30:53 INFO  Progress (5): 1.1/6.3 MB | 1.2/12 MB | 0.9/1.1 MB | 0.3/1.9 MB | 0.3/1.4 MB[0m
2026.06.03 19:30:53 INFO  Progress (5): 1.1/6.3 MB | 1.2/12 MB | 0.9/1.1 MB | 0.3/1.9 MB | 0.3/1.4 MB[0m
2026.06.03 19:30:53 INFO  Progress (5): 1.1/6.3 MB | 1.2/12 MB | 0.9/1.1 MB | 0.3/1.9 MB | 0.3/1.4 MB[0m
2026.06.03 19:30:53 INFO  Progress (5): 1.1/6.3 MB | 1.2/12 MB | 0.9/1.1 MB | 0.3/1.9 MB | 0.3/1.4 MB[0m
2026.06.03 19:30:53 INFO  Progress (5): 1.1/6.3 MB | 1.2/12 MB | 0.9/1.1 MB | 0.4/1.9 MB | 0.3/1.4 MB[0m
2026.06.03 19:30:53 INFO  Progress (5): 1.1/6.3 MB | 1.2/12 MB | 0.9/1.1 MB | 0.4/1.9 MB | 0.3/1.4 MB[0m
2026.06.03 19:30:53 INFO  Progress (5): 1.1/6.3 MB | 1.2/12 MB | 0.9/1.1 MB | 0.4/1.9 MB | 0.3/1.4 MB[0m
2026.06.03 19:30:53 INFO  Progress (5): 1.1/6.3 MB | 1.2/12 MB | 0.9/1.1 MB | 0.4/1.9 MB | 0.3/1.4 MB[0m
2026.06.03 19:30:53 INFO  Progress (5): 1.1/6.3 MB | 1.2/12 MB | 0.9/1.1 MB | 0.4/1.9 MB | 0.3/1.4 MB[0m
2026.06.03 19:30:53 INFO  Progress (5): 1.1/6.3 MB | 1.2/12 MB | 0.9/1.1 MB | 0.4/1.9 MB | 0.3/1.4 MB[0m
2026.06.03 19:30:54 INFO  Progress (5): 1.1/6.3 MB | 1.2/12 MB | 1.0/1.1 MB | 0.4/1.9 MB | 0.3/1.4 MB[0m
2026.06.03 19:30:54 INFO  Progress (5): 1.1/6.3 MB | 1.2/12 MB | 1.0/1.1 MB | 0.4/1.9 MB | 0.3/1.4 MB[0m
2026.06.03 19:30:54 INFO  Progress (5): 1.1/6.3 MB | 1.2/12 MB | 1.0/1.1 MB | 0.4/1.9 MB | 0.3/1.4 MB[0m
2026.06.03 19:30:54 INFO  Progress (5): 1.2/6.3 MB | 1.2/12 MB | 1.0/1.1 MB | 0.4/1.9 MB | 0.3/1.4 MB[0m
2026.06.03 19:30:54 INFO  Progress (5): 1.2/6.3 MB | 1.2/12 MB | 1.0/1.1 MB | 0.4/1.9 MB | 0.3/1.4 MB[0m
2026.06.03 19:30:54 INFO  Progress (5): 1.2/6.3 MB | 1.2/12 MB | 1.0/1.1 MB | 0.4/1.9 MB | 0.3/1.4 MB[0m
2026.06.03 19:30:54 INFO  Progress (5): 1.2/6.3 MB | 1.2/12 MB | 1.0/1.1 MB | 0.4/1.9 MB | 0.3/1.4 MB[0m
2026.06.03 19:30:54 INFO  Progress (5): 1.2/6.3 MB | 1.2/12 MB | 1.0/1.1 MB | 0.4/1.9 MB | 0.3/1.4 MB[0m
2026.06.03 19:30:54 INFO  Progress (5): 1.2/6.3 MB | 1.2/12 MB | 1.0/1.1 MB | 0.4/1.9 MB | 0.3/1.4 MB[0m
2026.06.03 19:30:54 INFO  Progress (5): 1.2/6.3 MB | 1.2/12 MB | 1.0/1.1 MB | 0.4/1.9 MB | 0.3/1.4 MB[0m
2026.06.03 19:30:54 INFO  Progress (5): 1.2/6.3 MB | 1.2/12 MB | 1.0/1.1 MB | 0.4/1.9 MB | 0.3/1.4 MB[0m
2026.06.03 19:30:54 INFO  Progress (5): 1.2/6.3 MB | 1.2/12 MB | 1.0/1.1 MB | 0.4/1.9 MB | 0.3/1.4 MB[0m
2026.06.03 19:30:54 INFO  Progress (5): 1.2/6.3 MB | 1.2/12 MB | 1.0/1.1 MB | 0.4/1.9 MB | 0.4/1.4 MB[0m
2026.06.03 19:30:54 INFO  Progress (5): 1.2/6.3 MB | 1.2/12 MB | 1.0/1.1 MB | 0.4/1.9 MB | 0.4/1.4 MB[0m
2026.06.03 19:30:54 INFO  Progress (5): 1.2/6.3 MB | 1.2/12 MB | 1.0/1.1 MB | 0.4/1.9 MB | 0.4/1.4 MB[0m
2026.06.03 19:30:54 INFO  Progress (5): 1.2/6.3 MB | 1.2/12 MB | 1.0/1.1 MB | 0.4/1.9 MB | 0.4/1.4 MB[0m
2026.06.03 19:30:54 INFO  Progress (5): 1.2/6.3 MB | 1.2/12 MB | 1.0/1.1 MB | 0.4/1.9 MB | 0.4/1.4 MB[0m
2026.06.03 19:30:54 INFO  Progress (5): 1.2/6.3 MB | 1.2/12 MB | 1.0/1.1 MB | 0.4/1.9 MB | 0.4/1.4 MB[0m
2026.06.03 19:30:54 INFO  Progress (5): 1.2/6.3 MB | 1.3/12 MB | 1.0/1.1 MB | 0.4/1.9 MB | 0.4/1.4 MB[0m
2026.06.03 19:30:54 INFO  Progress (5): 1.2/6.3 MB | 1.3/12 MB | 1.0/1.1 MB | 0.4/1.9 MB | 0.4/1.4 MB[0m
2026.06.03 19:30:54 INFO  Progress (5): 1.2/6.3 MB | 1.3/12 MB | 1.0/1.1 MB | 0.4/1.9 MB | 0.4/1.4 MB[0m
2026.06.03 19:30:54 INFO  Progress (5): 1.2/6.3 MB | 1.3/12 MB | 1.0/1.1 MB | 0.4/1.9 MB | 0.4/1.4 MB[0m
2026.06.03 19:30:54 INFO  Progress (5): 1.2/6.3 MB | 1.3/12 MB | 1.0/1.1 MB | 0.4/1.9 MB | 0.4/1.4 MB[0m
2026.06.03 19:30:54 INFO  Progress (5): 1.2/6.3 MB | 1.3/12 MB | 1.0/1.1 MB | 0.4/1.9 MB | 0.4/1.4 MB[0m
2026.06.03 19:30:54 INFO  Progress (5): 1.2/6.3 MB | 1.3/12 MB | 1.1/1.1 MB | 0.4/1.9 MB | 0.4/1.4 MB[0m
2026.06.03 19:30:54 INFO  Progress (5): 1.2/6.3 MB | 1.3/12 MB | 1.1/1.1 MB | 0.4/1.9 MB | 0.4/1.4 MB[0m
2026.06.03 19:30:54 INFO  Progress (5): 1.2/6.3 MB | 1.3/12 MB | 1.1/1.1 MB | 0.5/1.9 MB | 0.4/1.4 MB[0m
2026.06.03 19:30:54 INFO  Progress (5): 1.2/6.3 MB | 1.3/12 MB | 1.1/1.1 MB | 0.5/1.9 MB | 0.4/1.4 MB[0m
2026.06.03 19:30:54 INFO  Progress (5): 1.2/6.3 MB | 1.3/12 MB | 1.1/1.1 MB | 0.5/1.9 MB | 0.4/1.4 MB[0m
2026.06.03 19:30:54 INFO  Progress (5): 1.2/6.3 MB | 1.3/12 MB | 1.1/1.1 MB | 0.5/1.9 MB | 0.4/1.4 MB[0m
2026.06.03 19:30:54 INFO  Progress (5): 1.2/6.3 MB | 1.3/12 MB | 1.1/1.1 MB | 0.5/1.9 MB | 0.4/1.4 MB[0m
2026.06.03 19:30:54 INFO  Progress (5): 1.2/6.3 MB | 1.3/12 MB | 1.1/1.1 MB | 0.5/1.9 MB | 0.4/1.4 MB[0m
2026.06.03 19:30:54 INFO  Progress (5): 1.2/6.3 MB | 1.3/12 MB | 1.1/1.1 MB | 0.5/1.9 MB | 0.4/1.4 MB[0m
2026.06.03 19:30:54 INFO  Progress (5): 1.2/6.3 MB | 1.3/12 MB | 1.1/1.1 MB | 0.5/1.9 MB | 0.4/1.4 MB[0m
2026.06.03 19:30:54 INFO  Progress (5): 1.2/6.3 MB | 1.3/12 MB | 1.1/1.1 MB | 0.5/1.9 MB | 0.4/1.4 MB[0m
2026.06.03 19:30:54 INFO  Progress (5): 1.2/6.3 MB | 1.3/12 MB | 1.1/1.1 MB | 0.5/1.9 MB | 0.4/1.4 MB[0m
2026.06.03 19:30:54 INFO  Progress (5): 1.2/6.3 MB | 1.3/12 MB | 1.1/1.1 MB | 0.5/1.9 MB | 0.4/1.4 MB[0m
2026.06.03 19:30:54 INFO  Progress (5): 1.2/6.3 MB | 1.3/12 MB | 1.1/1.1 MB | 0.5/1.9 MB | 0.4/1.4 MB[0m
2026.06.03 19:30:54 INFO  Progress (5): 1.2/6.3 MB | 1.3/12 MB | 1.1 MB | 0.5/1.9 MB | 0.4/1.4 MB    [0m
2026.06.03 19:30:54 INFO  Progress (5): 1.2/6.3 MB | 1.3/12 MB | 1.1 MB | 0.5/1.9 MB | 0.4/1.4 MB[0m
2026.06.03 19:30:54 INFO                                                                         [0m
2026.06.03 19:30:54 INFO  Downloaded from central: https://repo.maven.apache.org/maven2/org/scala-lang/modules/scala-parallel-collections_2.13/0.2.0/scala-parallel-collections_2.13-0.2.0.jar (1.1 MB at 82 kB/s)[0m
2026.06.03 19:30:54 INFO  Downloading from central: https://repo.maven.apache.org/maven2/org/scala-sbt/util-logging_2.13/1.8.0/util-logging_2.13-1.8.0.jar[0m
2026.06.03 19:30:54 INFO  Progress (4): 1.2/6.3 MB | 1.3/12 MB | 0.5/1.9 MB | 0.4/1.4 MB[0m
2026.06.03 19:30:54 INFO  Progress (4): 1.2/6.3 MB | 1.3/12 MB | 0.5/1.9 MB | 0.4/1.4 MB[0m
2026.06.03 19:30:54 INFO  Progress (4): 1.3/6.3 MB | 1.3/12 MB | 0.5/1.9 MB | 0.4/1.4 MB[0m
2026.06.03 19:30:54 INFO  Progress (4): 1.3/6.3 MB | 1.3/12 MB | 0.5/1.9 MB | 0.4/1.4 MB[0m
2026.06.03 19:30:54 INFO  Progress (4): 1.3/6.3 MB | 1.3/12 MB | 0.5/1.9 MB | 0.4/1.4 MB[0m
2026.06.03 19:30:54 INFO  Progress (4): 1.3/6.3 MB | 1.3/12 MB | 0.5/1.9 MB | 0.4/1.4 MB[0m
2026.06.03 19:30:54 INFO  Progress (5): 1.3/6.3 MB | 1.3/12 MB | 0.5/1.9 MB | 0.4/1.4 MB | 7.7/463 kB[0m
2026.06.03 19:30:54 INFO  Progress (5): 1.3/6.3 MB | 1.3/12 MB | 0.5/1.9 MB | 0.4/1.4 MB | 8.2/463 kB[0m
2026.06.03 19:30:54 INFO  Progress (5): 1.3/6.3 MB | 1.3/12 MB | 0.5/1.9 MB | 0.4/1.4 MB | 8.2/463 kB[0m
2026.06.03 19:30:54 INFO  Progress (5): 1.3/6.3 MB | 1.3/12 MB | 0.6/1.9 MB | 0.4/1.4 MB | 8.2/463 kB[0m
2026.06.03 19:30:54 INFO  Progress (5): 1.3/6.3 MB | 1.3/12 MB | 0.6/1.9 MB | 0.4/1.4 MB | 25/463 kB [0m
2026.06.03 19:30:54 INFO  Progress (5): 1.3/6.3 MB | 1.3/12 MB | 0.6/1.9 MB | 0.5/1.4 MB | 25/463 kB[0m
2026.06.03 19:30:54 INFO  Progress (5): 1.3/6.3 MB | 1.3/12 MB | 0.6/1.9 MB | 0.5/1.4 MB | 25/463 kB[0m
2026.06.03 19:30:54 INFO  Progress (5): 1.3/6.3 MB | 1.4/12 MB | 0.6/1.9 MB | 0.5/1.4 MB | 25/463 kB[0m
2026.06.03 19:30:54 INFO  Progress (5): 1.3/6.3 MB | 1.4/12 MB | 0.6/1.9 MB | 0.5/1.4 MB | 41/463 kB[0m
2026.06.03 19:30:54 INFO  Progress (5): 1.3/6.3 MB | 1.4/12 MB | 0.6/1.9 MB | 0.5/1.4 MB | 41/463 kB[0m
2026.06.03 19:30:54 INFO  Progress (5): 1.3/6.3 MB | 1.4/12 MB | 0.6/1.9 MB | 0.5/1.4 MB | 41/463 kB[0m
2026.06.03 19:30:54 INFO  Progress (5): 1.3/6.3 MB | 1.4/12 MB | 0.6/1.9 MB | 0.5/1.4 MB | 57/463 kB[0m
2026.06.03 19:30:54 INFO  Progress (5): 1.3/6.3 MB | 1.4/12 MB | 0.6/1.9 MB | 0.5/1.4 MB | 57/463 kB[0m
2026.06.03 19:30:54 INFO  Progress (5): 1.3/6.3 MB | 1.4/12 MB | 0.6/1.9 MB | 0.5/1.4 MB | 57/463 kB[0m
2026.06.03 19:30:54 INFO  Progress (5): 1.3/6.3 MB | 1.4/12 MB | 0.6/1.9 MB | 0.5/1.4 MB | 66/463 kB[0m
2026.06.03 19:30:54 INFO  Progress (5): 1.3/6.3 MB | 1.4/12 MB | 0.6/1.9 MB | 0.5/1.4 MB | 66/463 kB[0m
2026.06.03 19:30:54 INFO  Progress (5): 1.3/6.3 MB | 1.4/12 MB | 0.6/1.9 MB | 0.5/1.4 MB | 74/463 kB[0m
2026.06.03 19:30:54 INFO  Progress (5): 1.3/6.3 MB | 1.4/12 MB | 0.6/1.9 MB | 0.5/1.4 MB | 74/463 kB[0m
2026.06.03 19:30:54 INFO  Progress (5): 1.3/6.3 MB | 1.4/12 MB | 0.6/1.9 MB | 0.5/1.4 MB | 74/463 kB[0m
2026.06.03 19:30:54 INFO  Progress (5): 1.3/6.3 MB | 1.4/12 MB | 0.6/1.9 MB | 0.5/1.4 MB | 82/463 kB[0m
2026.06.03 19:30:55 INFO  Progress (5): 1.3/6.3 MB | 1.4/12 MB | 0.6/1.9 MB | 0.5/1.4 MB | 82/463 kB[0m
2026.06.03 19:30:55 INFO  Progress (5): 1.3/6.3 MB | 1.4/12 MB | 0.6/1.9 MB | 0.5/1.4 MB | 82/463 kB[0m
2026.06.03 19:30:55 INFO  Progress (5): 1.3/6.3 MB | 1.4/12 MB | 0.6/1.9 MB | 0.5/1.4 MB | 82/463 kB[0m
2026.06.03 19:30:55 INFO  Progress (5): 1.3/6.3 MB | 1.4/12 MB | 0.6/1.9 MB | 0.5/1.4 MB | 98/463 kB[0m
2026.06.03 19:30:55 INFO  Progress (5): 1.3/6.3 MB | 1.4/12 MB | 0.6/1.9 MB | 0.5/1.4 MB | 98/463 kB[0m
2026.06.03 19:30:55 INFO  Progress (5): 1.3/6.3 MB | 1.4/12 MB | 0.7/1.9 MB | 0.5/1.4 MB | 98/463 kB[0m
2026.06.03 19:30:55 INFO  Progress (5): 1.3/6.3 MB | 1.4/12 MB | 0.7/1.9 MB | 0.5/1.4 MB | 115/463 kB[0m
2026.06.03 19:30:55 INFO  Progress (5): 1.3/6.3 MB | 1.4/12 MB | 0.7/1.9 MB | 0.5/1.4 MB | 115/463 kB[0m
2026.06.03 19:30:55 INFO  Progress (5): 1.3/6.3 MB | 1.4/12 MB | 0.7/1.9 MB | 0.5/1.4 MB | 115/463 kB[0m
2026.06.03 19:30:55 INFO  Progress (5): 1.3/6.3 MB | 1.4/12 MB | 0.7/1.9 MB | 0.5/1.4 MB | 115/463 kB[0m
2026.06.03 19:30:55 INFO  Progress (5): 1.3/6.3 MB | 1.4/12 MB | 0.7/1.9 MB | 0.5/1.4 MB | 131/463 kB[0m
2026.06.03 19:30:55 INFO  Progress (5): 1.3/6.3 MB | 1.4/12 MB | 0.7/1.9 MB | 0.5/1.4 MB | 131/463 kB[0m
2026.06.03 19:30:55 INFO  Progress (5): 1.3/6.3 MB | 1.4/12 MB | 0.7/1.9 MB | 0.5/1.4 MB | 131/463 kB[0m
2026.06.03 19:30:55 INFO  Progress (5): 1.3/6.3 MB | 1.4/12 MB | 0.7/1.9 MB | 0.5/1.4 MB | 139/463 kB[0m
2026.06.03 19:30:55 INFO  Progress (5): 1.3/6.3 MB | 1.4/12 MB | 0.7/1.9 MB | 0.5/1.4 MB | 139/463 kB[0m
2026.06.03 19:30:55 INFO  Progress (5): 1.3/6.3 MB | 1.4/12 MB | 0.7/1.9 MB | 0.5/1.4 MB | 139/463 kB[0m
2026.06.03 19:30:55 INFO  Progress (5): 1.3/6.3 MB | 1.4/12 MB | 0.7/1.9 MB | 0.5/1.4 MB | 156/463 kB[0m
2026.06.03 19:30:55 INFO  Progress (5): 1.3/6.3 MB | 1.4/12 MB | 0.7/1.9 MB | 0.5/1.4 MB | 156/463 kB[0m
2026.06.03 19:30:55 INFO  Progress (5): 1.3/6.3 MB | 1.4/12 MB | 0.7/1.9 MB | 0.5/1.4 MB | 156/463 kB[0m
2026.06.03 19:30:55 INFO  Progress (5): 1.4/6.3 MB | 1.4/12 MB | 0.7/1.9 MB | 0.5/1.4 MB | 156/463 kB[0m
2026.06.03 19:30:55 INFO  Progress (5): 1.4/6.3 MB | 1.4/12 MB | 0.7/1.9 MB | 0.5/1.4 MB | 172/463 kB[0m
2026.06.03 19:30:55 INFO  Progress (5): 1.4/6.3 MB | 1.4/12 MB | 0.7/1.9 MB | 0.5/1.4 MB | 172/463 kB[0m
2026.06.03 19:30:55 INFO  Progress (5): 1.4/6.3 MB | 1.4/12 MB | 0.7/1.9 MB | 0.5/1.4 MB | 172/463 kB[0m
2026.06.03 19:30:55 INFO  Progress (5): 1.4/6.3 MB | 1.4/12 MB | 0.7/1.9 MB | 0.5/1.4 MB | 188/463 kB[0m
2026.06.03 19:30:55 INFO  Progress (5): 1.4/6.3 MB | 1.4/12 MB | 0.7/1.9 MB | 0.5/1.4 MB | 188/463 kB[0m
2026.06.03 19:30:55 INFO  Progress (5): 1.4/6.3 MB | 1.4/12 MB | 0.7/1.9 MB | 0.5/1.4 MB | 188/463 kB[0m
2026.06.03 19:30:55 INFO  Progress (5): 1.4/6.3 MB | 1.5/12 MB | 0.7/1.9 MB | 0.5/1.4 MB | 188/463 kB[0m
2026.06.03 19:30:55 INFO  Progress (5): 1.4/6.3 MB | 1.5/12 MB | 0.7/1.9 MB | 0.5/1.4 MB | 188/463 kB[0m
2026.06.03 19:30:55 INFO  Progress (5): 1.4/6.3 MB | 1.5/12 MB | 0.7/1.9 MB | 0.5/1.4 MB | 205/463 kB[0m
2026.06.03 19:30:55 INFO  Progress (5): 1.4/6.3 MB | 1.5/12 MB | 0.8/1.9 MB | 0.5/1.4 MB | 205/463 kB[0m
2026.06.03 19:30:55 INFO  Progress (5): 1.4/6.3 MB | 1.5/12 MB | 0.8/1.9 MB | 0.5/1.4 MB | 221/463 kB[0m
2026.06.03 19:30:55 INFO  Progress (5): 1.4/6.3 MB | 1.5/12 MB | 0.8/1.9 MB | 0.5/1.4 MB | 221/463 kB[0m
2026.06.03 19:30:55 INFO  Progress (5): 1.4/6.3 MB | 1.5/12 MB | 0.8/1.9 MB | 0.5/1.4 MB | 221/463 kB[0m
2026.06.03 19:30:55 INFO  Progress (5): 1.4/6.3 MB | 1.5/12 MB | 0.8/1.9 MB | 0.5/1.4 MB | 221/463 kB[0m
2026.06.03 19:30:55 INFO  Progress (5): 1.4/6.3 MB | 1.5/12 MB | 0.8/1.9 MB | 0.5/1.4 MB | 238/463 kB[0m
2026.06.03 19:30:55 INFO  Progress (5): 1.4/6.3 MB | 1.5/12 MB | 0.8/1.9 MB | 0.5/1.4 MB | 238/463 kB[0m
2026.06.03 19:30:55 INFO  Progress (5): 1.4/6.3 MB | 1.5/12 MB | 0.8/1.9 MB | 0.5/1.4 MB | 254/463 kB[0m
2026.06.03 19:30:55 INFO  Progress (5): 1.4/6.3 MB | 1.5/12 MB | 0.8/1.9 MB | 0.5/1.4 MB | 254/463 kB[0m
2026.06.03 19:30:55 INFO  Progress (5): 1.4/6.3 MB | 1.5/12 MB | 0.8/1.9 MB | 0.5/1.4 MB | 254/463 kB[0m
2026.06.03 19:30:55 INFO  Progress (5): 1.4/6.3 MB | 1.5/12 MB | 0.8/1.9 MB | 0.6/1.4 MB | 254/463 kB[0m
2026.06.03 19:30:55 INFO  Progress (5): 1.4/6.3 MB | 1.5/12 MB | 0.8/1.9 MB | 0.6/1.4 MB | 270/463 kB[0m
2026.06.03 19:30:55 INFO  Progress (5): 1.4/6.3 MB | 1.5/12 MB | 0.8/1.9 MB | 0.6/1.4 MB | 270/463 kB[0m
2026.06.03 19:30:55 INFO  Progress (5): 1.4/6.3 MB | 1.5/12 MB | 0.8/1.9 MB | 0.6/1.4 MB | 270/463 kB[0m
2026.06.03 19:30:55 INFO  Progress (5): 1.4/6.3 MB | 1.5/12 MB | 0.8/1.9 MB | 0.6/1.4 MB | 287/463 kB[0m
2026.06.03 19:30:55 INFO  Progress (5): 1.4/6.3 MB | 1.5/12 MB | 0.8/1.9 MB | 0.6/1.4 MB | 287/463 kB[0m
2026.06.03 19:30:55 INFO  Progress (5): 1.4/6.3 MB | 1.5/12 MB | 0.8/1.9 MB | 0.6/1.4 MB | 287/463 kB[0m
2026.06.03 19:30:55 INFO  Progress (5): 1.4/6.3 MB | 1.5/12 MB | 0.8/1.9 MB | 0.6/1.4 MB | 287/463 kB[0m
2026.06.03 19:30:55 INFO  Progress (5): 1.4/6.3 MB | 1.5/12 MB | 0.8/1.9 MB | 0.6/1.4 MB | 287/463 kB[0m
2026.06.03 19:30:55 INFO  Progress (5): 1.4/6.3 MB | 1.5/12 MB | 0.8/1.9 MB | 0.6/1.4 MB | 303/463 kB[0m
2026.06.03 19:30:55 INFO  Progress (5): 1.4/6.3 MB | 1.5/12 MB | 0.8/1.9 MB | 0.6/1.4 MB | 303/463 kB[0m
2026.06.03 19:30:55 INFO  Progress (5): 1.4/6.3 MB | 1.5/12 MB | 0.8/1.9 MB | 0.6/1.4 MB | 319/463 kB[0m
2026.06.03 19:30:55 INFO  Progress (5): 1.4/6.3 MB | 1.5/12 MB | 0.8/1.9 MB | 0.6/1.4 MB | 319/463 kB[0m
2026.06.03 19:30:55 INFO  Progress (5): 1.4/6.3 MB | 1.5/12 MB | 0.8/1.9 MB | 0.6/1.4 MB | 319/463 kB[0m
2026.06.03 19:30:55 INFO  Progress (5): 1.4/6.3 MB | 1.5/12 MB | 0.8/1.9 MB | 0.6/1.4 MB | 319/463 kB[0m
2026.06.03 19:30:55 INFO  Progress (5): 1.4/6.3 MB | 1.5/12 MB | 0.8/1.9 MB | 0.6/1.4 MB | 336/463 kB[0m
2026.06.03 19:30:55 INFO  Progress (5): 1.4/6.3 MB | 1.5/12 MB | 0.9/1.9 MB | 0.6/1.4 MB | 336/463 kB[0m
2026.06.03 19:30:55 INFO  Progress (5): 1.4/6.3 MB | 1.5/12 MB | 0.9/1.9 MB | 0.6/1.4 MB | 336/463 kB[0m
2026.06.03 19:30:55 INFO  Progress (5): 1.4/6.3 MB | 1.5/12 MB | 0.9/1.9 MB | 0.6/1.4 MB | 352/463 kB[0m
2026.06.03 19:30:55 INFO  Progress (5): 1.4/6.3 MB | 1.5/12 MB | 0.9/1.9 MB | 0.6/1.4 MB | 352/463 kB[0m
2026.06.03 19:30:55 INFO  Progress (5): 1.4/6.3 MB | 1.5/12 MB | 0.9/1.9 MB | 0.6/1.4 MB | 352/463 kB[0m
2026.06.03 19:30:55 INFO  Progress (5): 1.4/6.3 MB | 1.5/12 MB | 0.9/1.9 MB | 0.6/1.4 MB | 352/463 kB[0m
2026.06.03 19:30:55 INFO  Progress (5): 1.4/6.3 MB | 1.5/12 MB | 0.9/1.9 MB | 0.6/1.4 MB | 369/463 kB[0m
2026.06.03 19:30:55 INFO  Progress (5): 1.4/6.3 MB | 1.6/12 MB | 0.9/1.9 MB | 0.6/1.4 MB | 369/463 kB[0m
2026.06.03 19:30:55 INFO  Progress (5): 1.5/6.3 MB | 1.6/12 MB | 0.9/1.9 MB | 0.6/1.4 MB | 369/463 kB[0m
2026.06.03 19:30:55 INFO  Progress (5): 1.5/6.3 MB | 1.6/12 MB | 0.9/1.9 MB | 0.6/1.4 MB | 385/463 kB[0m
2026.06.03 19:30:55 INFO  Progress (5): 1.5/6.3 MB | 1.6/12 MB | 0.9/1.9 MB | 0.6/1.4 MB | 385/463 kB[0m
2026.06.03 19:30:55 INFO  Progress (5): 1.5/6.3 MB | 1.6/12 MB | 0.9/1.9 MB | 0.6/1.4 MB | 385/463 kB[0m
2026.06.03 19:30:55 INFO  Progress (5): 1.5/6.3 MB | 1.6/12 MB | 0.9/1.9 MB | 0.6/1.4 MB | 385/463 kB[0m
2026.06.03 19:30:55 INFO  Progress (5): 1.5/6.3 MB | 1.6/12 MB | 0.9/1.9 MB | 0.6/1.4 MB | 401/463 kB[0m
2026.06.03 19:30:55 INFO  Progress (5): 1.5/6.3 MB | 1.6/12 MB | 0.9/1.9 MB | 0.6/1.4 MB | 401/463 kB[0m
2026.06.03 19:30:55 INFO  Progress (5): 1.5/6.3 MB | 1.6/12 MB | 0.9/1.9 MB | 0.6/1.4 MB | 401/463 kB[0m
2026.06.03 19:30:55 INFO  Progress (5): 1.5/6.3 MB | 1.6/12 MB | 0.9/1.9 MB | 0.6/1.4 MB | 401/463 kB[0m
2026.06.03 19:30:55 INFO  Progress (5): 1.5/6.3 MB | 1.6/12 MB | 0.9/1.9 MB | 0.6/1.4 MB | 401/463 kB[0m
2026.06.03 19:30:55 INFO  Progress (5): 1.5/6.3 MB | 1.6/12 MB | 0.9/1.9 MB | 0.6/1.4 MB | 418/463 kB[0m
2026.06.03 19:30:55 INFO  Progress (5): 1.5/6.3 MB | 1.6/12 MB | 0.9/1.9 MB | 0.6/1.4 MB | 418/463 kB[0m
2026.06.03 19:30:55 INFO  Progress (5): 1.5/6.3 MB | 1.6/12 MB | 0.9/1.9 MB | 0.6/1.4 MB | 434/463 kB[0m
2026.06.03 19:30:55 INFO  Progress (5): 1.5/6.3 MB | 1.6/12 MB | 0.9/1.9 MB | 0.6/1.4 MB | 434/463 kB[0m
2026.06.03 19:30:55 INFO  Progress (5): 1.5/6.3 MB | 1.6/12 MB | 0.9/1.9 MB | 0.6/1.4 MB | 434/463 kB[0m
2026.06.03 19:30:55 INFO  Progress (5): 1.5/6.3 MB | 1.6/12 MB | 0.9/1.9 MB | 0.7/1.4 MB | 434/463 kB[0m
2026.06.03 19:30:55 INFO  Progress (5): 1.5/6.3 MB | 1.6/12 MB | 0.9/1.9 MB | 0.7/1.4 MB | 451/463 kB[0m
2026.06.03 19:30:55 INFO  Progress (5): 1.5/6.3 MB | 1.6/12 MB | 0.9/1.9 MB | 0.7/1.4 MB | 451/463 kB[0m
2026.06.03 19:30:55 INFO  Progress (5): 1.5/6.3 MB | 1.6/12 MB | 0.9/1.9 MB | 0.7/1.4 MB | 451/463 kB[0m
2026.06.03 19:30:55 INFO  Progress (5): 1.5/6.3 MB | 1.6/12 MB | 0.9/1.9 MB | 0.7/1.4 MB | 451/463 kB[0m
2026.06.03 19:30:55 INFO  Progress (5): 1.5/6.3 MB | 1.6/12 MB | 0.9/1.9 MB | 0.7/1.4 MB | 463 kB    [0m
2026.06.03 19:30:55 INFO                                                                         [0m
2026.06.03 19:30:55 INFO  Downloaded from central: https://repo.maven.apache.org/maven2/org/scala-sbt/util-logging_2.13/1.8.0/util-logging_2.13-1.8.0.jar (463 kB at 32 kB/s)[0m
2026.06.03 19:30:55 INFO  Downloading from central: https://repo.maven.apache.org/maven2/org/scala-sbt/collections_2.13/1.8.0/collections_2.13-1.8.0.jar[0m
2026.06.03 19:30:55 INFO  Progress (4): 1.5/6.3 MB | 1.6/12 MB | 0.9/1.9 MB | 0.7/1.4 MB[0m
2026.06.03 19:30:55 INFO  Progress (4): 1.5/6.3 MB | 1.6/12 MB | 1.0/1.9 MB | 0.7/1.4 MB[0m
2026.06.03 19:30:55 INFO  Progress (4): 1.5/6.3 MB | 1.6/12 MB | 1.0/1.9 MB | 0.7/1.4 MB[0m
2026.06.03 19:30:55 INFO  Progress (4): 1.5/6.3 MB | 1.6/12 MB | 1.0/1.9 MB | 0.7/1.4 MB[0m
2026.06.03 19:30:55 INFO  Progress (4): 1.5/6.3 MB | 1.6/12 MB | 1.0/1.9 MB | 0.7/1.4 MB[0m
2026.06.03 19:30:55 INFO  Progress (4): 1.5/6.3 MB | 1.6/12 MB | 1.0/1.9 MB | 0.7/1.4 MB[0m
2026.06.03 19:30:55 INFO  Progress (4): 1.5/6.3 MB | 1.7/12 MB | 1.0/1.9 MB | 0.7/1.4 MB[0m
2026.06.03 19:30:55 INFO  Progress (4): 1.5/6.3 MB | 1.7/12 MB | 1.0/1.9 MB | 0.7/1.4 MB[0m
2026.06.03 19:30:55 INFO  Progress (4): 1.5/6.3 MB | 1.7/12 MB | 1.0/1.9 MB | 0.7/1.4 MB[0m
2026.06.03 19:30:55 INFO  Progress (4): 1.5/6.3 MB | 1.7/12 MB | 1.0/1.9 MB | 0.7/1.4 MB[0m
2026.06.03 19:30:55 INFO  Progress (4): 1.5/6.3 MB | 1.7/12 MB | 1.0/1.9 MB | 0.7/1.4 MB[0m
2026.06.03 19:30:55 INFO  Progress (4): 1.6/6.3 MB | 1.7/12 MB | 1.0/1.9 MB | 0.7/1.4 MB[0m
2026.06.03 19:30:55 INFO  Progress (4): 1.6/6.3 MB | 1.7/12 MB | 1.0/1.9 MB | 0.7/1.4 MB[0m
2026.06.03 19:30:55 INFO  Progress (4): 1.6/6.3 MB | 1.7/12 MB | 1.0/1.9 MB | 0.7/1.4 MB[0m
2026.06.03 19:30:55 INFO  Progress (4): 1.6/6.3 MB | 1.7/12 MB | 1.0/1.9 MB | 0.7/1.4 MB[0m
2026.06.03 19:30:55 INFO  Progress (5): 1.6/6.3 MB | 1.7/12 MB | 1.0/1.9 MB | 0.7/1.4 MB | 7.7/365 kB[0m
2026.06.03 19:30:55 INFO  Progress (5): 1.6/6.3 MB | 1.7/12 MB | 1.0/1.9 MB | 0.7/1.4 MB | 16/365 kB [0m
2026.06.03 19:30:55 INFO  Progress (5): 1.6/6.3 MB | 1.7/12 MB | 1.0/1.9 MB | 0.7/1.4 MB | 16/365 kB[0m
2026.06.03 19:30:55 INFO  Progress (5): 1.6/6.3 MB | 1.7/12 MB | 1.0/1.9 MB | 0.7/1.4 MB | 16/365 kB[0m
2026.06.03 19:30:55 INFO  Progress (5): 1.6/6.3 MB | 1.7/12 MB | 1.0/1.9 MB | 0.7/1.4 MB | 24/365 kB[0m
2026.06.03 19:30:55 INFO  Progress (5): 1.6/6.3 MB | 1.7/12 MB | 1.0/1.9 MB | 0.7/1.4 MB | 24/365 kB[0m
2026.06.03 19:30:55 INFO  Progress (5): 1.6/6.3 MB | 1.7/12 MB | 1.0/1.9 MB | 0.7/1.4 MB | 24/365 kB[0m
2026.06.03 19:30:55 INFO  Progress (5): 1.6/6.3 MB | 1.7/12 MB | 1.0/1.9 MB | 0.7/1.4 MB | 40/365 kB[0m
2026.06.03 19:30:55 INFO  Progress (5): 1.6/6.3 MB | 1.7/12 MB | 1.0/1.9 MB | 0.8/1.4 MB | 40/365 kB[0m
2026.06.03 19:30:55 INFO  Progress (5): 1.6/6.3 MB | 1.7/12 MB | 1.0/1.9 MB | 0.8/1.4 MB | 40/365 kB[0m
2026.06.03 19:30:55 INFO  Progress (5): 1.6/6.3 MB | 1.7/12 MB | 1.0/1.9 MB | 0.8/1.4 MB | 57/365 kB[0m
2026.06.03 19:30:55 INFO  Progress (5): 1.6/6.3 MB | 1.7/12 MB | 1.0/1.9 MB | 0.8/1.4 MB | 57/365 kB[0m
2026.06.03 19:30:55 INFO  Progress (5): 1.6/6.3 MB | 1.7/12 MB | 1.0/1.9 MB | 0.8/1.4 MB | 57/365 kB[0m
2026.06.03 19:30:55 INFO  Progress (5): 1.6/6.3 MB | 1.7/12 MB | 1.0/1.9 MB | 0.8/1.4 MB | 57/365 kB[0m
2026.06.03 19:30:55 INFO  Progress (5): 1.6/6.3 MB | 1.7/12 MB | 1.0/1.9 MB | 0.8/1.4 MB | 57/365 kB[0m
2026.06.03 19:30:55 INFO  Progress (5): 1.6/6.3 MB | 1.7/12 MB | 1.0/1.9 MB | 0.8/1.4 MB | 73/365 kB[0m
2026.06.03 19:30:55 INFO  Progress (5): 1.6/6.3 MB | 1.7/12 MB | 1.0/1.9 MB | 0.8/1.4 MB | 74/365 kB[0m
2026.06.03 19:30:55 INFO  Progress (5): 1.6/6.3 MB | 1.8/12 MB | 1.0/1.9 MB | 0.8/1.4 MB | 74/365 kB[0m
2026.06.03 19:30:55 INFO  Progress (5): 1.6/6.3 MB | 1.8/12 MB | 1.0/1.9 MB | 0.8/1.4 MB | 74/365 kB[0m
2026.06.03 19:30:55 INFO  Progress (5): 1.6/6.3 MB | 1.8/12 MB | 1.0/1.9 MB | 0.8/1.4 MB | 74/365 kB[0m
2026.06.03 19:30:56 INFO  Progress (5): 1.6/6.3 MB | 1.8/12 MB | 1.0/1.9 MB | 0.8/1.4 MB | 74/365 kB[0m
2026.06.03 19:30:56 INFO  Progress (5): 1.6/6.3 MB | 1.8/12 MB | 1.0/1.9 MB | 0.8/1.4 MB | 90/365 kB[0m
2026.06.03 19:30:56 INFO  Progress (5): 1.6/6.3 MB | 1.8/12 MB | 1.0/1.9 MB | 0.8/1.4 MB | 90/365 kB[0m
2026.06.03 19:30:56 INFO  Progress (5): 1.6/6.3 MB | 1.8/12 MB | 1.0/1.9 MB | 0.8/1.4 MB | 90/365 kB[0m
2026.06.03 19:30:56 INFO  Progress (5): 1.6/6.3 MB | 1.8/12 MB | 1.1/1.9 MB | 0.8/1.4 MB | 90/365 kB[0m
2026.06.03 19:30:56 INFO  Progress (5): 1.6/6.3 MB | 1.8/12 MB | 1.1/1.9 MB | 0.8/1.4 MB | 90/365 kB[0m
2026.06.03 19:30:56 INFO  Progress (5): 1.6/6.3 MB | 1.8/12 MB | 1.1/1.9 MB | 0.8/1.4 MB | 106/365 kB[0m
2026.06.03 19:30:56 INFO  Progress (5): 1.6/6.3 MB | 1.8/12 MB | 1.1/1.9 MB | 0.8/1.4 MB | 106/365 kB[0m
2026.06.03 19:30:56 INFO  Progress (5): 1.6/6.3 MB | 1.8/12 MB | 1.1/1.9 MB | 0.8/1.4 MB | 106/365 kB[0m
2026.06.03 19:30:56 INFO  Progress (5): 1.6/6.3 MB | 1.8/12 MB | 1.1/1.9 MB | 0.8/1.4 MB | 106/365 kB[0m
2026.06.03 19:30:56 INFO  Progress (5): 1.7/6.3 MB | 1.8/12 MB | 1.1/1.9 MB | 0.8/1.4 MB | 106/365 kB[0m
2026.06.03 19:30:56 INFO  Progress (5): 1.7/6.3 MB | 1.8/12 MB | 1.1/1.9 MB | 0.8/1.4 MB | 123/365 kB[0m
2026.06.03 19:30:56 INFO  Progress (5): 1.7/6.3 MB | 1.8/12 MB | 1.1/1.9 MB | 0.8/1.4 MB | 123/365 kB[0m
2026.06.03 19:30:56 INFO  Progress (5): 1.7/6.3 MB | 1.8/12 MB | 1.1/1.9 MB | 0.8/1.4 MB | 123/365 kB[0m
2026.06.03 19:30:56 INFO  Progress (5): 1.7/6.3 MB | 1.8/12 MB | 1.1/1.9 MB | 0.8/1.4 MB | 123/365 kB[0m
2026.06.03 19:30:56 INFO  Progress (5): 1.7/6.3 MB | 1.8/12 MB | 1.1/1.9 MB | 0.8/1.4 MB | 123/365 kB[0m
2026.06.03 19:30:56 INFO  Progress (5): 1.7/6.3 MB | 1.8/12 MB | 1.1/1.9 MB | 0.8/1.4 MB | 123/365 kB[0m
2026.06.03 19:30:56 INFO  Progress (5): 1.7/6.3 MB | 1.8/12 MB | 1.1/1.9 MB | 0.8/1.4 MB | 139/365 kB[0m
2026.06.03 19:30:56 INFO  Progress (5): 1.7/6.3 MB | 1.8/12 MB | 1.1/1.9 MB | 0.9/1.4 MB | 139/365 kB[0m
2026.06.03 19:30:56 INFO  Progress (5): 1.7/6.3 MB | 1.8/12 MB | 1.1/1.9 MB | 0.9/1.4 MB | 139/365 kB[0m
2026.06.03 19:30:56 INFO  Progress (5): 1.7/6.3 MB | 1.8/12 MB | 1.1/1.9 MB | 0.9/1.4 MB | 139/365 kB[0m
2026.06.03 19:30:56 INFO  Progress (5): 1.7/6.3 MB | 1.8/12 MB | 1.1/1.9 MB | 0.9/1.4 MB | 139/365 kB[0m
2026.06.03 19:30:56 INFO  Progress (5): 1.7/6.3 MB | 1.8/12 MB | 1.1/1.9 MB | 0.9/1.4 MB | 156/365 kB[0m
2026.06.03 19:30:56 INFO  Progress (5): 1.7/6.3 MB | 1.8/12 MB | 1.1/1.9 MB | 0.9/1.4 MB | 156/365 kB[0m
2026.06.03 19:30:56 INFO  Progress (5): 1.7/6.3 MB | 1.8/12 MB | 1.1/1.9 MB | 0.9/1.4 MB | 156/365 kB[0m
2026.06.03 19:30:56 INFO  Progress (5): 1.7/6.3 MB | 1.8/12 MB | 1.1/1.9 MB | 0.9/1.4 MB | 156/365 kB[0m
2026.06.03 19:30:56 INFO  Progress (5): 1.7/6.3 MB | 1.8/12 MB | 1.1/1.9 MB | 0.9/1.4 MB | 156/365 kB[0m
2026.06.03 19:30:56 INFO  Progress (5): 1.7/6.3 MB | 1.8/12 MB | 1.1/1.9 MB | 0.9/1.4 MB | 172/365 kB[0m
2026.06.03 19:30:56 INFO  Progress (5): 1.7/6.3 MB | 1.8/12 MB | 1.1/1.9 MB | 0.9/1.4 MB | 172/365 kB[0m
2026.06.03 19:30:56 INFO  Progress (5): 1.7/6.3 MB | 1.9/12 MB | 1.1/1.9 MB | 0.9/1.4 MB | 172/365 kB[0m
2026.06.03 19:30:56 INFO  Progress (5): 1.7/6.3 MB | 1.9/12 MB | 1.1/1.9 MB | 0.9/1.4 MB | 172/365 kB[0m
2026.06.03 19:30:57 INFO  Progress (5): 1.7/6.3 MB | 1.9/12 MB | 1.1/1.9 MB | 0.9/1.4 MB | 172/365 kB[0m
2026.06.03 19:30:57 INFO  Progress (5): 1.7/6.3 MB | 1.9/12 MB | 1.1/1.9 MB | 0.9/1.4 MB | 188/365 kB[0m
2026.06.03 19:30:57 INFO  Progress (5): 1.7/6.3 MB | 1.9/12 MB | 1.1/1.9 MB | 0.9/1.4 MB | 188/365 kB[0m
2026.06.03 19:30:57 INFO  Progress (5): 1.7/6.3 MB | 1.9/12 MB | 1.2/1.9 MB | 0.9/1.4 MB | 188/365 kB[0m
2026.06.03 19:30:57 INFO  Progress (5): 1.7/6.3 MB | 1.9/12 MB | 1.2/1.9 MB | 0.9/1.4 MB | 188/365 kB[0m
2026.06.03 19:30:57 INFO  Progress (5): 1.7/6.3 MB | 1.9/12 MB | 1.2/1.9 MB | 0.9/1.4 MB | 188/365 kB[0m
2026.06.03 19:30:57 INFO  Progress (5): 1.7/6.3 MB | 1.9/12 MB | 1.2/1.9 MB | 0.9/1.4 MB | 205/365 kB[0m
2026.06.03 19:30:57 INFO  Progress (5): 1.7/6.3 MB | 1.9/12 MB | 1.2/1.9 MB | 0.9/1.4 MB | 205/365 kB[0m
2026.06.03 19:30:57 INFO  Progress (5): 1.7/6.3 MB | 1.9/12 MB | 1.2/1.9 MB | 0.9/1.4 MB | 205/365 kB[0m
2026.06.03 19:30:57 INFO  Progress (5): 1.7/6.3 MB | 1.9/12 MB | 1.2/1.9 MB | 0.9/1.4 MB | 205/365 kB[0m
2026.06.03 19:30:57 INFO  Progress (5): 1.8/6.3 MB | 1.9/12 MB | 1.2/1.9 MB | 0.9/1.4 MB | 205/365 kB[0m
2026.06.03 19:30:57 INFO  Progress (5): 1.8/6.3 MB | 1.9/12 MB | 1.2/1.9 MB | 0.9/1.4 MB | 221/365 kB[0m
2026.06.03 19:30:57 INFO  Progress (5): 1.8/6.3 MB | 1.9/12 MB | 1.2/1.9 MB | 0.9/1.4 MB | 221/365 kB[0m
2026.06.03 19:30:57 INFO  Progress (5): 1.8/6.3 MB | 1.9/12 MB | 1.2/1.9 MB | 0.9/1.4 MB | 221/365 kB[0m
2026.06.03 19:30:57 INFO  Progress (5): 1.8/6.3 MB | 1.9/12 MB | 1.2/1.9 MB | 0.9/1.4 MB | 221/365 kB[0m
2026.06.03 19:30:57 INFO  Progress (5): 1.8/6.3 MB | 1.9/12 MB | 1.2/1.9 MB | 0.9/1.4 MB | 221/365 kB[0m
2026.06.03 19:30:57 INFO  Progress (5): 1.8/6.3 MB | 1.9/12 MB | 1.2/1.9 MB | 0.9/1.4 MB | 238/365 kB[0m
2026.06.03 19:30:57 INFO  Progress (5): 1.8/6.3 MB | 1.9/12 MB | 1.2/1.9 MB | 0.9/1.4 MB | 238/365 kB[0m
2026.06.03 19:30:57 INFO  Progress (5): 1.8/6.3 MB | 1.9/12 MB | 1.2/1.9 MB | 1.0/1.4 MB | 238/365 kB[0m
2026.06.03 19:30:57 INFO  Progress (5): 1.8/6.3 MB | 1.9/12 MB | 1.2/1.9 MB | 1.0/1.4 MB | 238/365 kB[0m
2026.06.03 19:30:57 INFO  Progress (5): 1.8/6.3 MB | 1.9/12 MB | 1.2/1.9 MB | 1.0/1.4 MB | 238/365 kB[0m
2026.06.03 19:30:57 INFO  Progress (5): 1.8/6.3 MB | 1.9/12 MB | 1.2/1.9 MB | 1.0/1.4 MB | 238/365 kB[0m
2026.06.03 19:30:57 INFO  Progress (5): 1.8/6.3 MB | 1.9/12 MB | 1.2/1.9 MB | 1.0/1.4 MB | 238/365 kB[0m
2026.06.03 19:30:57 INFO  Progress (5): 1.8/6.3 MB | 1.9/12 MB | 1.2/1.9 MB | 1.0/1.4 MB | 238/365 kB[0m
2026.06.03 19:30:57 INFO  Progress (5): 1.8/6.3 MB | 1.9/12 MB | 1.2/1.9 MB | 1.0/1.4 MB | 238/365 kB[0m
2026.06.03 19:30:57 INFO  Progress (5): 1.8/6.3 MB | 1.9/12 MB | 1.2/1.9 MB | 1.0/1.4 MB | 238/365 kB[0m
2026.06.03 19:30:57 INFO  Progress (5): 1.8/6.3 MB | 1.9/12 MB | 1.2/1.9 MB | 1.0/1.4 MB | 238/365 kB[0m
2026.06.03 19:30:57 INFO  Progress (5): 1.8/6.3 MB | 1.9/12 MB | 1.2/1.9 MB | 1.0/1.4 MB | 238/365 kB[0m
2026.06.03 19:30:57 INFO  Progress (5): 1.8/6.3 MB | 1.9/12 MB | 1.2/1.9 MB | 1.0/1.4 MB | 254/365 kB[0m
2026.06.03 19:30:57 INFO  Progress (5): 1.8/6.3 MB | 1.9/12 MB | 1.2/1.9 MB | 1.0/1.4 MB | 270/365 kB[0m
2026.06.03 19:30:57 INFO  Progress (5): 1.8/6.3 MB | 2.0/12 MB | 1.2/1.9 MB | 1.0/1.4 MB | 270/365 kB[0m
2026.06.03 19:30:57 INFO  Progress (5): 1.8/6.3 MB | 2.0/12 MB | 1.3/1.9 MB | 1.0/1.4 MB | 270/365 kB[0m
2026.06.03 19:30:57 INFO  Progress (5): 1.8/6.3 MB | 2.0/12 MB | 1.3/1.9 MB | 1.0/1.4 MB | 270/365 kB[0m
2026.06.03 19:30:57 INFO  Progress (5): 1.8/6.3 MB | 2.0/12 MB | 1.3/1.9 MB | 1.0/1.4 MB | 287/365 kB[0m
2026.06.03 19:30:57 INFO  Progress (5): 1.8/6.3 MB | 2.0/12 MB | 1.3/1.9 MB | 1.0/1.4 MB | 287/365 kB[0m
2026.06.03 19:30:57 INFO  Progress (5): 1.8/6.3 MB | 2.0/12 MB | 1.3/1.9 MB | 1.0/1.4 MB | 287/365 kB[0m
2026.06.03 19:30:57 INFO  Progress (5): 1.8/6.3 MB | 2.0/12 MB | 1.3/1.9 MB | 1.0/1.4 MB | 287/365 kB[0m
2026.06.03 19:30:57 INFO  Progress (5): 1.9/6.3 MB | 2.0/12 MB | 1.3/1.9 MB | 1.0/1.4 MB | 287/365 kB[0m
2026.06.03 19:30:57 INFO  Progress (5): 1.9/6.3 MB | 2.0/12 MB | 1.3/1.9 MB | 1.0/1.4 MB | 287/365 kB[0m
2026.06.03 19:30:57 INFO  Progress (5): 1.9/6.3 MB | 2.0/12 MB | 1.3/1.9 MB | 1.0/1.4 MB | 303/365 kB[0m
2026.06.03 19:30:57 INFO  Progress (5): 1.9/6.3 MB | 2.0/12 MB | 1.3/1.9 MB | 1.0/1.4 MB | 303/365 kB[0m
2026.06.03 19:30:57 INFO  Progress (5): 1.9/6.3 MB | 2.0/12 MB | 1.3/1.9 MB | 1.0/1.4 MB | 303/365 kB[0m
2026.06.03 19:30:57 INFO  Progress (5): 1.9/6.3 MB | 2.0/12 MB | 1.3/1.9 MB | 1.0/1.4 MB | 303/365 kB[0m
2026.06.03 19:30:57 INFO  Progress (5): 1.9/6.3 MB | 2.0/12 MB | 1.3/1.9 MB | 1.0/1.4 MB | 303/365 kB[0m
2026.06.03 19:30:57 INFO  Progress (5): 1.9/6.3 MB | 2.0/12 MB | 1.3/1.9 MB | 1.0/1.4 MB | 303/365 kB[0m
2026.06.03 19:30:57 INFO  Progress (5): 1.9/6.3 MB | 2.0/12 MB | 1.3/1.9 MB | 1.0/1.4 MB | 319/365 kB[0m
2026.06.03 19:30:57 INFO  Progress (5): 1.9/6.3 MB | 2.0/12 MB | 1.3/1.9 MB | 1.0/1.4 MB | 319/365 kB[0m
2026.06.03 19:30:57 INFO  Progress (5): 1.9/6.3 MB | 2.0/12 MB | 1.3/1.9 MB | 1.1/1.4 MB | 319/365 kB[0m
2026.06.03 19:30:57 INFO  Progress (5): 1.9/6.3 MB | 2.0/12 MB | 1.3/1.9 MB | 1.1/1.4 MB | 319/365 kB[0m
2026.06.03 19:30:57 INFO  Progress (5): 1.9/6.3 MB | 2.0/12 MB | 1.3/1.9 MB | 1.1/1.4 MB | 319/365 kB[0m
2026.06.03 19:30:57 INFO  Progress (5): 1.9/6.3 MB | 2.0/12 MB | 1.3/1.9 MB | 1.1/1.4 MB | 319/365 kB[0m
2026.06.03 19:30:57 INFO  Progress (5): 1.9/6.3 MB | 2.0/12 MB | 1.3/1.9 MB | 1.1/1.4 MB | 319/365 kB[0m
2026.06.03 19:30:57 INFO  Progress (5): 1.9/6.3 MB | 2.0/12 MB | 1.3/1.9 MB | 1.1/1.4 MB | 319/365 kB[0m
2026.06.03 19:30:57 INFO  Progress (5): 1.9/6.3 MB | 2.0/12 MB | 1.3/1.9 MB | 1.1/1.4 MB | 336/365 kB[0m
2026.06.03 19:30:57 INFO  Progress (5): 1.9/6.3 MB | 2.0/12 MB | 1.3/1.9 MB | 1.1/1.4 MB | 336/365 kB[0m
2026.06.03 19:30:57 INFO  Progress (5): 1.9/6.3 MB | 2.0/12 MB | 1.3/1.9 MB | 1.1/1.4 MB | 336/365 kB[0m
2026.06.03 19:30:57 INFO  Progress (5): 1.9/6.3 MB | 2.0/12 MB | 1.3/1.9 MB | 1.1/1.4 MB | 336/365 kB[0m
2026.06.03 19:30:57 INFO  Progress (5): 1.9/6.3 MB | 2.0/12 MB | 1.3/1.9 MB | 1.1/1.4 MB | 336/365 kB[0m
2026.06.03 19:30:57 INFO  Progress (5): 1.9/6.3 MB | 2.0/12 MB | 1.4/1.9 MB | 1.1/1.4 MB | 336/365 kB[0m
2026.06.03 19:30:57 INFO  Progress (5): 1.9/6.3 MB | 2.1/12 MB | 1.4/1.9 MB | 1.1/1.4 MB | 336/365 kB[0m
2026.06.03 19:30:57 INFO  Progress (5): 1.9/6.3 MB | 2.1/12 MB | 1.4/1.9 MB | 1.1/1.4 MB | 336/365 kB[0m
2026.06.03 19:30:57 INFO  Progress (5): 1.9/6.3 MB | 2.1/12 MB | 1.4/1.9 MB | 1.1/1.4 MB | 352/365 kB[0m
2026.06.03 19:30:57 INFO  Progress (5): 1.9/6.3 MB | 2.1/12 MB | 1.4/1.9 MB | 1.1/1.4 MB | 352/365 kB[0m
2026.06.03 19:30:57 INFO  Progress (5): 1.9/6.3 MB | 2.1/12 MB | 1.4/1.9 MB | 1.1/1.4 MB | 352/365 kB[0m
2026.06.03 19:30:57 INFO  Progress (5): 2.0/6.3 MB | 2.1/12 MB | 1.4/1.9 MB | 1.1/1.4 MB | 352/365 kB[0m
2026.06.03 19:30:57 INFO  Progress (5): 2.0/6.3 MB | 2.1/12 MB | 1.4/1.9 MB | 1.1/1.4 MB | 352/365 kB[0m
2026.06.03 19:30:57 INFO  Progress (5): 2.0/6.3 MB | 2.1/12 MB | 1.4/1.9 MB | 1.1/1.4 MB | 352/365 kB[0m
2026.06.03 19:30:58 INFO  Progress (5): 2.0/6.3 MB | 2.1/12 MB | 1.4/1.9 MB | 1.1/1.4 MB | 365 kB    [0m
2026.06.03 19:30:58 INFO  Progress (5): 2.0/6.3 MB | 2.1/12 MB | 1.4/1.9 MB | 1.1/1.4 MB | 365 kB[0m
2026.06.03 19:30:58 INFO  Progress (5): 2.0/6.3 MB | 2.1/12 MB | 1.4/1.9 MB | 1.1/1.4 MB | 365 kB[0m
2026.06.03 19:30:58 INFO  Progress (5): 2.0/6.3 MB | 2.1/12 MB | 1.4/1.9 MB | 1.1/1.4 MB | 365 kB[0m
2026.06.03 19:30:58 INFO                                                                         [0m
2026.06.03 19:30:58 INFO  Downloaded from central: https://repo.maven.apache.org/maven2/org/scala-sbt/collections_2.13/1.8.0/collections_2.13-1.8.0.jar (365 kB at 21 kB/s)[0m
2026.06.03 19:30:58 INFO  Downloading from central: https://repo.maven.apache.org/maven2/org/scala-sbt/util-position_2.13/1.8.0/util-position_2.13-1.8.0.jar[0m
2026.06.03 19:30:58 INFO  Progress (4): 2.0/6.3 MB | 2.1/12 MB | 1.4/1.9 MB | 1.1/1.4 MB[0m
2026.06.03 19:30:58 INFO  Progress (4): 2.0/6.3 MB | 2.1/12 MB | 1.4/1.9 MB | 1.1/1.4 MB[0m
2026.06.03 19:30:58 INFO  Progress (4): 2.0/6.3 MB | 2.1/12 MB | 1.4/1.9 MB | 1.1/1.4 MB[0m
2026.06.03 19:30:58 INFO  Progress (4): 2.0/6.3 MB | 2.1/12 MB | 1.4/1.9 MB | 1.1/1.4 MB[0m
2026.06.03 19:30:58 INFO  Progress (4): 2.0/6.3 MB | 2.1/12 MB | 1.4/1.9 MB | 1.2/1.4 MB[0m
2026.06.03 19:30:58 INFO  Progress (4): 2.0/6.3 MB | 2.1/12 MB | 1.4/1.9 MB | 1.2/1.4 MB[0m
2026.06.03 19:30:58 INFO  Progress (4): 2.0/6.3 MB | 2.1/12 MB | 1.4/1.9 MB | 1.2/1.4 MB[0m
2026.06.03 19:30:58 INFO  Progress (4): 2.0/6.3 MB | 2.1/12 MB | 1.4/1.9 MB | 1.2/1.4 MB[0m
2026.06.03 19:30:58 INFO  Progress (4): 2.0/6.3 MB | 2.1/12 MB | 1.4/1.9 MB | 1.2/1.4 MB[0m
2026.06.03 19:30:58 INFO  Progress (4): 2.0/6.3 MB | 2.1/12 MB | 1.4/1.9 MB | 1.2/1.4 MB[0m
2026.06.03 19:30:58 INFO  Progress (4): 2.0/6.3 MB | 2.1/12 MB | 1.4/1.9 MB | 1.2/1.4 MB[0m
2026.06.03 19:30:58 INFO  Progress (4): 2.0/6.3 MB | 2.1/12 MB | 1.4/1.9 MB | 1.2/1.4 MB[0m
2026.06.03 19:30:58 INFO  Progress (4): 2.0/6.3 MB | 2.1/12 MB | 1.4/1.9 MB | 1.2/1.4 MB[0m
2026.06.03 19:30:58 INFO  Progress (4): 2.0/6.3 MB | 2.1/12 MB | 1.5/1.9 MB | 1.2/1.4 MB[0m
2026.06.03 19:30:58 INFO  Progress (4): 2.0/6.3 MB | 2.1/12 MB | 1.5/1.9 MB | 1.2/1.4 MB[0m
2026.06.03 19:30:58 INFO  Progress (4): 2.0/6.3 MB | 2.1/12 MB | 1.5/1.9 MB | 1.2/1.4 MB[0m
2026.06.03 19:30:58 INFO  Progress (4): 2.0/6.3 MB | 2.2/12 MB | 1.5/1.9 MB | 1.2/1.4 MB[0m
2026.06.03 19:30:58 INFO  Progress (4): 2.1/6.3 MB | 2.2/12 MB | 1.5/1.9 MB | 1.2/1.4 MB[0m
2026.06.03 19:30:58 INFO  Progress (4): 2.1/6.3 MB | 2.2/12 MB | 1.5/1.9 MB | 1.2/1.4 MB[0m
2026.06.03 19:30:58 INFO  Progress (5): 2.1/6.3 MB | 2.2/12 MB | 1.5/1.9 MB | 1.2/1.4 MB | 7.7/28 kB[0m
2026.06.03 19:30:58 INFO  Progress (5): 2.1/6.3 MB | 2.2/12 MB | 1.5/1.9 MB | 1.2/1.4 MB | 16/28 kB [0m
2026.06.03 19:30:58 INFO  Progress (5): 2.1/6.3 MB | 2.2/12 MB | 1.5/1.9 MB | 1.2/1.4 MB | 16/28 kB[0m
2026.06.03 19:30:58 INFO  Progress (5): 2.1/6.3 MB | 2.2/12 MB | 1.5/1.9 MB | 1.2/1.4 MB | 16/28 kB[0m
2026.06.03 19:30:58 INFO  Progress (5): 2.1/6.3 MB | 2.2/12 MB | 1.5/1.9 MB | 1.2/1.4 MB | 16/28 kB[0m
2026.06.03 19:30:58 INFO  Progress (5): 2.1/6.3 MB | 2.2/12 MB | 1.5/1.9 MB | 1.2/1.4 MB | 16/28 kB[0m
2026.06.03 19:30:58 INFO  Progress (5): 2.1/6.3 MB | 2.2/12 MB | 1.5/1.9 MB | 1.2/1.4 MB | 16/28 kB[0m
2026.06.03 19:30:58 INFO  Progress (5): 2.1/6.3 MB | 2.2/12 MB | 1.5/1.9 MB | 1.2/1.4 MB | 24/28 kB[0m
2026.06.03 19:30:58 INFO  Progress (5): 2.1/6.3 MB | 2.2/12 MB | 1.5/1.9 MB | 1.2/1.4 MB | 24/28 kB[0m
2026.06.03 19:30:58 INFO  Progress (5): 2.1/6.3 MB | 2.2/12 MB | 1.5/1.9 MB | 1.2/1.4 MB | 24/28 kB[0m
2026.06.03 19:30:58 INFO  Progress (5): 2.1/6.3 MB | 2.2/12 MB | 1.5/1.9 MB | 1.2/1.4 MB | 24/28 kB[0m
2026.06.03 19:30:58 INFO  Progress (5): 2.1/6.3 MB | 2.2/12 MB | 1.5/1.9 MB | 1.2/1.4 MB | 28 kB   [0m
2026.06.03 19:30:58 INFO                                                                        [0m
2026.06.03 19:30:58 INFO  Downloaded from central: https://repo.maven.apache.org/maven2/org/scala-sbt/util-position_2.13/1.8.0/util-position_2.13-1.8.0.jar (28 kB at 1.6 kB/s)[0m
2026.06.03 19:30:58 INFO  Downloading from central: https://repo.maven.apache.org/maven2/org/scala-sbt/core-macros_2.13/1.8.0/core-macros_2.13-1.8.0.jar[0m
2026.06.03 19:30:58 INFO  Progress (4): 2.1/6.3 MB | 2.2/12 MB | 1.5/1.9 MB | 1.3/1.4 MB[0m
2026.06.03 19:30:58 INFO  Progress (4): 2.1/6.3 MB | 2.2/12 MB | 1.5/1.9 MB | 1.3/1.4 MB[0m
2026.06.03 19:30:58 INFO  Progress (4): 2.1/6.3 MB | 2.2/12 MB | 1.5/1.9 MB | 1.3/1.4 MB[0m
2026.06.03 19:30:58 INFO  Progress (4): 2.1/6.3 MB | 2.2/12 MB | 1.5/1.9 MB | 1.3/1.4 MB[0m
2026.06.03 19:30:58 INFO  Progress (4): 2.1/6.3 MB | 2.2/12 MB | 1.5/1.9 MB | 1.3/1.4 MB[0m
2026.06.03 19:30:58 INFO  Progress (4): 2.1/6.3 MB | 2.2/12 MB | 1.5/1.9 MB | 1.3/1.4 MB[0m
2026.06.03 19:30:58 INFO  Progress (4): 2.1/6.3 MB | 2.2/12 MB | 1.5/1.9 MB | 1.3/1.4 MB[0m
2026.06.03 19:30:58 INFO  Progress (4): 2.1/6.3 MB | 2.2/12 MB | 1.5/1.9 MB | 1.3/1.4 MB[0m
2026.06.03 19:30:58 INFO  Progress (4): 2.1/6.3 MB | 2.2/12 MB | 1.5/1.9 MB | 1.3/1.4 MB[0m
2026.06.03 19:30:58 INFO  Progress (4): 2.1/6.3 MB | 2.2/12 MB | 1.5/1.9 MB | 1.3/1.4 MB[0m
2026.06.03 19:30:58 INFO  Progress (4): 2.1/6.3 MB | 2.2/12 MB | 1.6/1.9 MB | 1.3/1.4 MB[0m
2026.06.03 19:30:58 INFO  Progress (4): 2.1/6.3 MB | 2.2/12 MB | 1.6/1.9 MB | 1.3/1.4 MB[0m
2026.06.03 19:30:58 INFO  Progress (4): 2.1/6.3 MB | 2.2/12 MB | 1.6/1.9 MB | 1.3/1.4 MB[0m
2026.06.03 19:30:58 INFO  Progress (4): 2.2/6.3 MB | 2.2/12 MB | 1.6/1.9 MB | 1.3/1.4 MB[0m
2026.06.03 19:30:58 INFO  Progress (4): 2.2/6.3 MB | 2.2/12 MB | 1.6/1.9 MB | 1.3/1.4 MB[0m
2026.06.03 19:30:58 INFO  Progress (4): 2.2/6.3 MB | 2.3/12 MB | 1.6/1.9 MB | 1.3/1.4 MB[0m
2026.06.03 19:30:58 INFO  Progress (4): 2.2/6.3 MB | 2.3/12 MB | 1.6/1.9 MB | 1.3/1.4 MB[0m
2026.06.03 19:30:58 INFO  Progress (4): 2.2/6.3 MB | 2.3/12 MB | 1.6/1.9 MB | 1.3/1.4 MB[0m
2026.06.03 19:30:58 INFO  Progress (4): 2.2/6.3 MB | 2.3/12 MB | 1.6/1.9 MB | 1.3/1.4 MB[0m
2026.06.03 19:30:58 INFO  Progress (4): 2.2/6.3 MB | 2.3/12 MB | 1.6/1.9 MB | 1.3/1.4 MB[0m
2026.06.03 19:30:58 INFO  Progress (4): 2.2/6.3 MB | 2.3/12 MB | 1.6/1.9 MB | 1.3/1.4 MB[0m
2026.06.03 19:30:58 INFO  Progress (4): 2.2/6.3 MB | 2.3/12 MB | 1.6/1.9 MB | 1.3/1.4 MB[0m
2026.06.03 19:30:58 INFO  Progress (4): 2.2/6.3 MB | 2.3/12 MB | 1.6/1.9 MB | 1.3/1.4 MB[0m
2026.06.03 19:30:58 INFO  Progress (4): 2.2/6.3 MB | 2.3/12 MB | 1.6/1.9 MB | 1.3/1.4 MB[0m
2026.06.03 19:30:58 INFO  Progress (4): 2.2/6.3 MB | 2.3/12 MB | 1.6/1.9 MB | 1.4/1.4 MB[0m
2026.06.03 19:30:58 INFO  Progress (4): 2.2/6.3 MB | 2.3/12 MB | 1.6/1.9 MB | 1.4/1.4 MB[0m
2026.06.03 19:30:58 INFO  Progress (4): 2.2/6.3 MB | 2.3/12 MB | 1.6/1.9 MB | 1.4/1.4 MB[0m
2026.06.03 19:30:58 INFO  Progress (4): 2.2/6.3 MB | 2.3/12 MB | 1.6/1.9 MB | 1.4 MB    [0m
2026.06.03 19:30:58 INFO                                                            [0m
2026.06.03 19:30:58 INFO  Downloaded from central: https://repo.maven.apache.org/maven2/net/java/dev/jna/jna-platform/5.12.0/jna-platform-5.12.0.jar (1.4 MB at 78 kB/s)[0m
2026.06.03 19:30:58 INFO  Downloading from central: https://repo.maven.apache.org/maven2/org/jline/jline-terminal/3.19.0/jline-terminal-3.19.0.jar[0m
2026.06.03 19:30:58 INFO  Progress (3): 2.2/6.3 MB | 2.3/12 MB | 1.6/1.9 MB[0m
2026.06.03 19:30:58 INFO  Progress (3): 2.2/6.3 MB | 2.3/12 MB | 1.6/1.9 MB[0m
2026.06.03 19:30:58 INFO  Progress (4): 2.2/6.3 MB | 2.3/12 MB | 1.6/1.9 MB | 7.7/87 kB[0m
2026.06.03 19:30:58 INFO  Progress (4): 2.2/6.3 MB | 2.3/12 MB | 1.6/1.9 MB | 8.2/87 kB[0m
2026.06.03 19:30:58 INFO  Progress (4): 2.2/6.3 MB | 2.3/12 MB | 1.6/1.9 MB | 8.2/87 kB[0m
2026.06.03 19:30:58 INFO  Progress (4): 2.2/6.3 MB | 2.3/12 MB | 1.6/1.9 MB | 8.2/87 kB[0m
2026.06.03 19:30:58 INFO  Progress (4): 2.2/6.3 MB | 2.3/12 MB | 1.6/1.9 MB | 8.2/87 kB[0m
2026.06.03 19:30:58 INFO  Progress (4): 2.2/6.3 MB | 2.3/12 MB | 1.6/1.9 MB | 8.2/87 kB[0m
2026.06.03 19:30:58 INFO  Progress (4): 2.3/6.3 MB | 2.3/12 MB | 1.6/1.9 MB | 8.2/87 kB[0m
2026.06.03 19:30:58 INFO  Progress (4): 2.3/6.3 MB | 2.3/12 MB | 1.6/1.9 MB | 8.2/87 kB[0m
2026.06.03 19:30:58 INFO  Progress (4): 2.3/6.3 MB | 2.3/12 MB | 1.7/1.9 MB | 8.2/87 kB[0m
2026.06.03 19:30:58 INFO  Progress (4): 2.3/6.3 MB | 2.3/12 MB | 1.7/1.9 MB | 8.2/87 kB[0m
2026.06.03 19:30:58 INFO  Progress (4): 2.3/6.3 MB | 2.4/12 MB | 1.7/1.9 MB | 8.2/87 kB[0m
2026.06.03 19:30:58 INFO  Progress (4): 2.3/6.3 MB | 2.4/12 MB | 1.7/1.9 MB | 8.2/87 kB[0m
2026.06.03 19:30:58 INFO  Progress (4): 2.3/6.3 MB | 2.4/12 MB | 1.7/1.9 MB | 25/87 kB [0m
2026.06.03 19:30:58 INFO  Progress (4): 2.3/6.3 MB | 2.4/12 MB | 1.7/1.9 MB | 25/87 kB[0m
2026.06.03 19:30:58 INFO  Progress (4): 2.3/6.3 MB | 2.4/12 MB | 1.7/1.9 MB | 25/87 kB[0m
2026.06.03 19:30:58 INFO  Progress (4): 2.3/6.3 MB | 2.4/12 MB | 1.7/1.9 MB | 25/87 kB[0m
2026.06.03 19:30:58 INFO  Progress (4): 2.3/6.3 MB | 2.4/12 MB | 1.7/1.9 MB | 25/87 kB[0m
2026.06.03 19:30:58 INFO  Progress (4): 2.3/6.3 MB | 2.4/12 MB | 1.7/1.9 MB | 25/87 kB[0m
2026.06.03 19:30:58 INFO  Progress (4): 2.3/6.3 MB | 2.4/12 MB | 1.7/1.9 MB | 33/87 kB[0m
2026.06.03 19:30:58 INFO  Progress (4): 2.3/6.3 MB | 2.4/12 MB | 1.7/1.9 MB | 33/87 kB[0m
2026.06.03 19:30:58 INFO  Progress (4): 2.3/6.3 MB | 2.4/12 MB | 1.7/1.9 MB | 33/87 kB[0m
2026.06.03 19:30:58 INFO  Progress (4): 2.3/6.3 MB | 2.4/12 MB | 1.7/1.9 MB | 33/87 kB[0m
2026.06.03 19:30:58 INFO  Progress (4): 2.3/6.3 MB | 2.4/12 MB | 1.7/1.9 MB | 33/87 kB[0m
2026.06.03 19:30:58 INFO  Progress (4): 2.3/6.3 MB | 2.4/12 MB | 1.7/1.9 MB | 33/87 kB[0m
2026.06.03 19:30:58 INFO  Progress (4): 2.3/6.3 MB | 2.4/12 MB | 1.8/1.9 MB | 33/87 kB[0m
2026.06.03 19:30:58 INFO  Progress (4): 2.4/6.3 MB | 2.4/12 MB | 1.8/1.9 MB | 33/87 kB[0m
2026.06.03 19:30:58 INFO  Progress (5): 2.4/6.3 MB | 2.4/12 MB | 1.8/1.9 MB | 33/87 kB | 7.7/228 kB[0m
2026.06.03 19:30:58 INFO  Progress (5): 2.4/6.3 MB | 2.4/12 MB | 1.8/1.9 MB | 33/87 kB | 16/228 kB [0m
2026.06.03 19:30:58 INFO  Progress (5): 2.4/6.3 MB | 2.4/12 MB | 1.8/1.9 MB | 33/87 kB | 28/228 kB[0m
2026.06.03 19:30:58 INFO  Progress (5): 2.4/6.3 MB | 2.4/12 MB | 1.8/1.9 MB | 33/87 kB | 44/228 kB[0m
2026.06.03 19:30:58 INFO  Progress (5): 2.4/6.3 MB | 2.4/12 MB | 1.8/1.9 MB | 33/87 kB | 44/228 kB[0m
2026.06.03 19:30:58 INFO  Progress (5): 2.4/6.3 MB | 2.4/12 MB | 1.8/1.9 MB | 33/87 kB | 44/228 kB[0m
2026.06.03 19:30:58 INFO  Progress (5): 2.4/6.3 MB | 2.4/12 MB | 1.8/1.9 MB | 33/87 kB | 44/228 kB[0m
2026.06.03 19:30:58 INFO  Progress (5): 2.4/6.3 MB | 2.4/12 MB | 1.8/1.9 MB | 49/87 kB | 44/228 kB[0m
2026.06.03 19:30:58 INFO  Progress (5): 2.4/6.3 MB | 2.4/12 MB | 1.8/1.9 MB | 49/87 kB | 44/228 kB[0m
2026.06.03 19:30:58 INFO  Progress (5): 2.4/6.3 MB | 2.5/12 MB | 1.8/1.9 MB | 49/87 kB | 44/228 kB[0m
2026.06.03 19:30:58 INFO  Progress (5): 2.4/6.3 MB | 2.5/12 MB | 1.8/1.9 MB | 49/87 kB | 44/228 kB[0m
2026.06.03 19:30:58 INFO  Progress (5): 2.4/6.3 MB | 2.5/12 MB | 1.8/1.9 MB | 49/87 kB | 44/228 kB[0m
2026.06.03 19:30:58 INFO  Progress (5): 2.4/6.3 MB | 2.5/12 MB | 1.8/1.9 MB | 49/87 kB | 44/228 kB[0m
2026.06.03 19:30:58 INFO  Progress (5): 2.4/6.3 MB | 2.5/12 MB | 1.8/1.9 MB | 49/87 kB | 44/228 kB[0m
2026.06.03 19:30:58 INFO  Progress (5): 2.4/6.3 MB | 2.5/12 MB | 1.8/1.9 MB | 49/87 kB | 61/228 kB[0m
2026.06.03 19:30:58 INFO  Progress (5): 2.4/6.3 MB | 2.5/12 MB | 1.8/1.9 MB | 49/87 kB | 61/228 kB[0m
2026.06.03 19:30:58 INFO  Progress (5): 2.4/6.3 MB | 2.5/12 MB | 1.8/1.9 MB | 49/87 kB | 61/228 kB[0m
2026.06.03 19:30:58 INFO  Progress (5): 2.4/6.3 MB | 2.5/12 MB | 1.8/1.9 MB | 49/87 kB | 77/228 kB[0m
2026.06.03 19:30:58 INFO  Progress (5): 2.4/6.3 MB | 2.5/12 MB | 1.8/1.9 MB | 49/87 kB | 77/228 kB[0m
2026.06.03 19:30:58 INFO  Progress (5): 2.4/6.3 MB | 2.5/12 MB | 1.8/1.9 MB | 49/87 kB | 77/228 kB[0m
2026.06.03 19:30:58 INFO  Progress (5): 2.4/6.3 MB | 2.5/12 MB | 1.8/1.9 MB | 49/87 kB | 93/228 kB[0m
2026.06.03 19:30:58 INFO  Progress (5): 2.4/6.3 MB | 2.5/12 MB | 1.8/1.9 MB | 49/87 kB | 93/228 kB[0m
2026.06.03 19:30:58 INFO  Progress (5): 2.4/6.3 MB | 2.5/12 MB | 1.8/1.9 MB | 49/87 kB | 93/228 kB[0m
2026.06.03 19:30:58 INFO  Progress (5): 2.4/6.3 MB | 2.5/12 MB | 1.8/1.9 MB | 66/87 kB | 93/228 kB[0m
2026.06.03 19:30:58 INFO  Progress (5): 2.4/6.3 MB | 2.5/12 MB | 1.8/1.9 MB | 66/87 kB | 93/228 kB[0m
2026.06.03 19:30:58 INFO  Progress (5): 2.4/6.3 MB | 2.5/12 MB | 1.8/1.9 MB | 66/87 kB | 93/228 kB[0m
2026.06.03 19:30:58 INFO  Progress (5): 2.4/6.3 MB | 2.5/12 MB | 1.8/1.9 MB | 66/87 kB | 93/228 kB[0m
2026.06.03 19:30:58 INFO  Progress (5): 2.4/6.3 MB | 2.5/12 MB | 1.9/1.9 MB | 66/87 kB | 93/228 kB[0m
2026.06.03 19:30:58 INFO  Progress (5): 2.4/6.3 MB | 2.5/12 MB | 1.9 MB | 66/87 kB | 93/228 kB    [0m
2026.06.03 19:30:58 INFO  Progress (5): 2.4/6.3 MB | 2.5/12 MB | 1.9 MB | 66/87 kB | 110/228 kB[0m
2026.06.03 19:30:58 INFO                                                                       [0m
2026.06.03 19:30:58 INFO  Downloaded from central: https://repo.maven.apache.org/maven2/net/java/dev/jna/jna/5.12.0/jna-5.12.0.jar (1.9 MB at 106 kB/s)[0m
2026.06.03 19:30:58 INFO  Downloading from central: https://repo.maven.apache.org/maven2/org/scala-lang/scala-reflect/2.13.8/scala-reflect-2.13.8.jar[0m
2026.06.03 19:30:58 INFO  Progress (4): 2.4/6.3 MB | 2.5/12 MB | 66/87 kB | 110/228 kB[0m
2026.06.03 19:30:58 INFO  Progress (4): 2.5/6.3 MB | 2.5/12 MB | 66/87 kB | 110/228 kB[0m
2026.06.03 19:30:58 INFO  Progress (4): 2.5/6.3 MB | 2.5/12 MB | 66/87 kB | 126/228 kB[0m
2026.06.03 19:30:58 INFO  Progress (4): 2.5/6.3 MB | 2.5/12 MB | 66/87 kB | 126/228 kB[0m
2026.06.03 19:30:58 INFO  Progress (4): 2.5/6.3 MB | 2.5/12 MB | 66/87 kB | 142/228 kB[0m
2026.06.03 19:30:58 INFO  Progress (4): 2.5/6.3 MB | 2.5/12 MB | 66/87 kB | 142/228 kB[0m
2026.06.03 19:30:58 INFO  Progress (4): 2.5/6.3 MB | 2.5/12 MB | 66/87 kB | 142/228 kB[0m
2026.06.03 19:30:58 INFO  Progress (4): 2.5/6.3 MB | 2.5/12 MB | 66/87 kB | 142/228 kB[0m
2026.06.03 19:30:58 INFO  Progress (4): 2.5/6.3 MB | 2.5/12 MB | 82/87 kB | 142/228 kB[0m
2026.06.03 19:30:58 INFO  Progress (4): 2.5/6.3 MB | 2.5/12 MB | 82/87 kB | 142/228 kB[0m
2026.06.03 19:30:58 INFO  Progress (4): 2.5/6.3 MB | 2.5/12 MB | 87 kB | 142/228 kB   [0m
2026.06.03 19:30:58 INFO  Progress (4): 2.5/6.3 MB | 2.5/12 MB | 87 kB | 142/228 kB[0m
2026.06.03 19:30:58 INFO  Progress (4): 2.5/6.3 MB | 2.6/12 MB | 87 kB | 142/228 kB[0m
2026.06.03 19:30:58 INFO  Progress (4): 2.5/6.3 MB | 2.6/12 MB | 87 kB | 142/228 kB[0m
2026.06.03 19:30:58 INFO                                                           [0m
2026.06.03 19:30:58 INFO  Downloaded from central: https://repo.maven.apache.org/maven2/org/scala-sbt/core-macros_2.13/1.8.0/core-macros_2.13-1.8.0.jar (87 kB at 4.9 kB/s)[0m
2026.06.03 19:30:58 INFO  Progress (3): 2.5/6.3 MB | 2.6/12 MB | 159/228 kB[0m
2026.06.03 19:30:58 INFO  Progress (3): 2.5/6.3 MB | 2.6/12 MB | 159/228 kB[0m
2026.06.03 19:30:58 INFO                                                   [0m
2026.06.03 19:30:58 INFO  Downloading from central: https://repo.maven.apache.org/maven2/org/scala-sbt/util-relation_2.13/1.8.0/util-relation_2.13-1.8.0.jar[0m
2026.06.03 19:30:58 INFO  Progress (3): 2.5/6.3 MB | 2.6/12 MB | 175/228 kB[0m
2026.06.03 19:30:58 INFO  Progress (3): 2.6/6.3 MB | 2.6/12 MB | 175/228 kB[0m
2026.06.03 19:30:58 INFO  Progress (3): 2.6/6.3 MB | 2.6/12 MB | 175/228 kB[0m
2026.06.03 19:30:58 INFO  Progress (3): 2.6/6.3 MB | 2.6/12 MB | 175/228 kB[0m
2026.06.03 19:30:58 INFO  Progress (3): 2.6/6.3 MB | 2.6/12 MB | 192/228 kB[0m
2026.06.03 19:30:58 INFO  Progress (3): 2.6/6.3 MB | 2.6/12 MB | 192/228 kB[0m
2026.06.03 19:30:58 INFO  Progress (3): 2.6/6.3 MB | 2.6/12 MB | 192/228 kB[0m
2026.06.03 19:30:58 INFO  Progress (3): 2.6/6.3 MB | 2.6/12 MB | 192/228 kB[0m
2026.06.03 19:30:58 INFO  Progress (3): 2.6/6.3 MB | 2.6/12 MB | 208/228 kB[0m
2026.06.03 19:30:58 INFO  Progress (3): 2.6/6.3 MB | 2.6/12 MB | 208/228 kB[0m
2026.06.03 19:30:58 INFO  Progress (4): 2.6/6.3 MB | 2.6/12 MB | 208/228 kB | 0/3.8 MB[0m
2026.06.03 19:30:58 INFO  Progress (4): 2.6/6.3 MB | 2.6/12 MB | 208/228 kB | 0/3.8 MB[0m
2026.06.03 19:30:58 INFO  Progress (4): 2.6/6.3 MB | 2.6/12 MB | 224/228 kB | 0/3.8 MB[0m
2026.06.03 19:30:58 INFO  Progress (4): 2.6/6.3 MB | 2.6/12 MB | 224/228 kB | 0/3.8 MB[0m
2026.06.03 19:30:58 INFO  Progress (4): 2.6/6.3 MB | 2.6/12 MB | 224/228 kB | 0/3.8 MB[0m
2026.06.03 19:30:58 INFO  Progress (4): 2.6/6.3 MB | 2.6/12 MB | 224/228 kB | 0/3.8 MB[0m
2026.06.03 19:30:58 INFO  Progress (4): 2.6/6.3 MB | 2.6/12 MB | 228 kB | 0/3.8 MB    [0m
2026.06.03 19:30:58 INFO  Progress (4): 2.6/6.3 MB | 2.6/12 MB | 228 kB | 0.1/3.8 MB[0m
2026.06.03 19:30:58 INFO  Progress (4): 2.6/6.3 MB | 2.7/12 MB | 228 kB | 0.1/3.8 MB[0m
2026.06.03 19:30:58 INFO  Progress (4): 2.6/6.3 MB | 2.7/12 MB | 228 kB | 0.1/3.8 MB[0m
2026.06.03 19:30:58 INFO  Progress (4): 2.6/6.3 MB | 2.7/12 MB | 228 kB | 0.1/3.8 MB[0m
2026.06.03 19:30:58 INFO                                                            [0m
2026.06.03 19:30:58 INFO  Downloaded from central: https://repo.maven.apache.org/maven2/org/jline/jline-terminal/3.19.0/jline-terminal-3.19.0.jar (228 kB at 13 kB/s)[0m
2026.06.03 19:30:58 INFO  Downloading from central: https://repo.maven.apache.org/maven2/org/scala-sbt/zinc-persist_2.13/1.8.0/zinc-persist_2.13-1.8.0.jar[0m
2026.06.03 19:30:58 INFO  Progress (3): 2.6/6.3 MB | 2.7/12 MB | 0.1/3.8 MB[0m
2026.06.03 19:30:58 INFO  Progress (3): 2.6/6.3 MB | 2.7/12 MB | 0.1/3.8 MB[0m
2026.06.03 19:30:58 INFO  Progress (3): 2.6/6.3 MB | 2.7/12 MB | 0.1/3.8 MB[0m
2026.06.03 19:30:58 INFO  Progress (3): 2.6/6.3 MB | 2.7/12 MB | 0.1/3.8 MB[0m
2026.06.03 19:30:58 INFO  Progress (3): 2.6/6.3 MB | 2.7/12 MB | 0.1/3.8 MB[0m
2026.06.03 19:30:58 INFO  Progress (4): 2.6/6.3 MB | 2.7/12 MB | 0.1/3.8 MB | 7.7/15 kB[0m
2026.06.03 19:30:58 INFO  Progress (4): 2.6/6.3 MB | 2.7/12 MB | 0.1/3.8 MB | 15 kB    [0m
2026.06.03 19:30:58 INFO  Progress (4): 2.6/6.3 MB | 2.7/12 MB | 0.1/3.8 MB | 15 kB[0m
2026.06.03 19:30:58 INFO  Progress (4): 2.6/6.3 MB | 2.7/12 MB | 0.1/3.8 MB | 15 kB[0m
2026.06.03 19:30:58 INFO  Progress (4): 2.6/6.3 MB | 2.7/12 MB | 0.2/3.8 MB | 15 kB[0m
2026.06.03 19:30:58 INFO  Progress (4): 2.6/6.3 MB | 2.7/12 MB | 0.2/3.8 MB | 15 kB[0m
2026.06.03 19:30:58 INFO  Progress (4): 2.6/6.3 MB | 2.7/12 MB | 0.2/3.8 MB | 15 kB[0m
2026.06.03 19:30:58 INFO  Progress (4): 2.7/6.3 MB | 2.7/12 MB | 0.2/3.8 MB | 15 kB[0m
2026.06.03 19:30:58 INFO  Progress (4): 2.7/6.3 MB | 2.7/12 MB | 0.2/3.8 MB | 15 kB[0m
2026.06.03 19:30:58 INFO  Progress (4): 2.7/6.3 MB | 2.7/12 MB | 0.2/3.8 MB | 15 kB[0m
2026.06.03 19:30:58 INFO  Progress (4): 2.7/6.3 MB | 2.7/12 MB | 0.2/3.8 MB | 15 kB[0m
2026.06.03 19:30:58 INFO                                                           [0m
2026.06.03 19:30:58 INFO  Downloaded from central: https://repo.maven.apache.org/maven2/org/scala-sbt/util-relation_2.13/1.8.0/util-relation_2.13-1.8.0.jar (15 kB at 839 B/s)[0m
2026.06.03 19:30:58 INFO  Progress (3): 2.7/6.3 MB | 2.7/12 MB | 0.2/3.8 MB[0m
2026.06.03 19:30:58 INFO                                                   [0m
2026.06.03 19:30:58 INFO  Downloading from central: https://repo.maven.apache.org/maven2/org/scala-sbt/zinc-compile-core_2.13/1.8.0/zinc-compile-core_2.13-1.8.0.jar[0m
2026.06.03 19:30:58 INFO  Progress (3): 2.7/6.3 MB | 2.7/12 MB | 0.2/3.8 MB[0m
2026.06.03 19:30:58 INFO  Progress (3): 2.7/6.3 MB | 2.7/12 MB | 0.2/3.8 MB[0m
2026.06.03 19:30:58 INFO  Progress (3): 2.8/6.3 MB | 2.7/12 MB | 0.2/3.8 MB[0m
2026.06.03 19:30:58 INFO  Progress (3): 2.8/6.3 MB | 2.7/12 MB | 0.2/3.8 MB[0m
2026.06.03 19:30:58 INFO  Progress (3): 2.8/6.3 MB | 2.7/12 MB | 0.2/3.8 MB[0m
2026.06.03 19:30:58 INFO  Progress (3): 2.8/6.3 MB | 2.7/12 MB | 0.2/3.8 MB[0m
2026.06.03 19:30:58 INFO  Progress (3): 2.8/6.3 MB | 2.7/12 MB | 0.2/3.8 MB[0m
2026.06.03 19:30:58 INFO  Progress (3): 2.8/6.3 MB | 2.8/12 MB | 0.2/3.8 MB[0m
2026.06.03 19:30:58 INFO  Progress (3): 2.8/6.3 MB | 2.8/12 MB | 0.2/3.8 MB[0m
2026.06.03 19:30:58 INFO  Progress (3): 2.8/6.3 MB | 2.8/12 MB | 0.2/3.8 MB[0m
2026.06.03 19:30:58 INFO  Progress (3): 2.8/6.3 MB | 2.8/12 MB | 0.2/3.8 MB[0m
2026.06.03 19:30:58 INFO  Progress (3): 2.8/6.3 MB | 2.8/12 MB | 0.2/3.8 MB[0m
2026.06.03 19:30:58 INFO  Progress (3): 2.8/6.3 MB | 2.8/12 MB | 0.2/3.8 MB[0m
2026.06.03 19:30:58 INFO  Progress (3): 2.8/6.3 MB | 2.8/12 MB | 0.2/3.8 MB[0m
2026.06.03 19:30:58 INFO  Progress (3): 2.8/6.3 MB | 2.8/12 MB | 0.2/3.8 MB[0m
2026.06.03 19:30:58 INFO  Progress (3): 2.8/6.3 MB | 2.8/12 MB | 0.2/3.8 MB[0m
2026.06.03 19:30:58 INFO  Progress (3): 2.8/6.3 MB | 2.8/12 MB | 0.2/3.8 MB[0m
2026.06.03 19:30:58 INFO  Progress (3): 2.8/6.3 MB | 2.8/12 MB | 0.2/3.8 MB[0m
2026.06.03 19:30:58 INFO  Progress (3): 2.8/6.3 MB | 2.8/12 MB | 0.3/3.8 MB[0m
2026.06.03 19:30:58 INFO  Progress (3): 2.9/6.3 MB | 2.8/12 MB | 0.3/3.8 MB[0m
2026.06.03 19:30:58 INFO  Progress (3): 2.9/6.3 MB | 2.8/12 MB | 0.3/3.8 MB[0m
2026.06.03 19:30:58 INFO  Progress (3): 2.9/6.3 MB | 2.8/12 MB | 0.3/3.8 MB[0m
2026.06.03 19:30:59 INFO  Progress (3): 2.9/6.3 MB | 2.8/12 MB | 0.3/3.8 MB[0m
2026.06.03 19:30:59 INFO  Progress (3): 2.9/6.3 MB | 2.8/12 MB | 0.3/3.8 MB[0m
2026.06.03 19:30:59 INFO  Progress (3): 2.9/6.3 MB | 2.8/12 MB | 0.3/3.8 MB[0m
2026.06.03 19:30:59 INFO  Progress (3): 2.9/6.3 MB | 2.8/12 MB | 0.3/3.8 MB[0m
2026.06.03 19:30:59 INFO  Progress (3): 2.9/6.3 MB | 2.8/12 MB | 0.3/3.8 MB[0m
2026.06.03 19:30:59 INFO  Progress (3): 2.9/6.3 MB | 2.8/12 MB | 0.3/3.8 MB[0m
2026.06.03 19:30:59 INFO  Progress (3): 2.9/6.3 MB | 2.8/12 MB | 0.3/3.8 MB[0m
2026.06.03 19:30:59 INFO  Progress (3): 2.9/6.3 MB | 2.8/12 MB | 0.3/3.8 MB[0m
2026.06.03 19:30:59 INFO  Progress (3): 2.9/6.3 MB | 2.9/12 MB | 0.3/3.8 MB[0m
2026.06.03 19:30:59 INFO  Progress (3): 3.0/6.3 MB | 2.9/12 MB | 0.3/3.8 MB[0m
2026.06.03 19:30:59 INFO  Progress (3): 3.0/6.3 MB | 2.9/12 MB | 0.3/3.8 MB[0m
2026.06.03 19:30:59 INFO  Progress (3): 3.0/6.3 MB | 2.9/12 MB | 0.3/3.8 MB[0m
2026.06.03 19:30:59 INFO  Progress (3): 3.0/6.3 MB | 2.9/12 MB | 0.3/3.8 MB[0m
2026.06.03 19:30:59 INFO  Progress (3): 3.0/6.3 MB | 2.9/12 MB | 0.3/3.8 MB[0m
2026.06.03 19:30:59 INFO  Progress (3): 3.0/6.3 MB | 2.9/12 MB | 0.3/3.8 MB[0m
2026.06.03 19:30:59 INFO  Progress (3): 3.0/6.3 MB | 2.9/12 MB | 0.4/3.8 MB[0m
2026.06.03 19:30:59 INFO  Progress (3): 3.0/6.3 MB | 2.9/12 MB | 0.4/3.8 MB[0m
2026.06.03 19:30:59 INFO  Progress (4): 3.0/6.3 MB | 2.9/12 MB | 0.4/3.8 MB | 8.2/270 kB[0m
2026.06.03 19:30:59 INFO  Progress (4): 3.0/6.3 MB | 2.9/12 MB | 0.4/3.8 MB | 16/270 kB [0m
2026.06.03 19:30:59 INFO  Progress (4): 3.0/6.3 MB | 2.9/12 MB | 0.4/3.8 MB | 16/270 kB[0m
2026.06.03 19:30:59 INFO  Progress (4): 3.0/6.3 MB | 2.9/12 MB | 0.4/3.8 MB | 16/270 kB[0m
2026.06.03 19:30:59 INFO  Progress (4): 3.0/6.3 MB | 2.9/12 MB | 0.4/3.8 MB | 16/270 kB[0m
2026.06.03 19:30:59 INFO  Progress (4): 3.0/6.3 MB | 2.9/12 MB | 0.4/3.8 MB | 16/270 kB[0m
2026.06.03 19:30:59 INFO  Progress (5): 3.0/6.3 MB | 2.9/12 MB | 0.4/3.8 MB | 16/270 kB | 7.7/254 kB[0m
2026.06.03 19:30:59 INFO  Progress (5): 3.0/6.3 MB | 2.9/12 MB | 0.4/3.8 MB | 16/270 kB | 8.2/254 kB[0m
2026.06.03 19:30:59 INFO  Progress (5): 3.0/6.3 MB | 2.9/12 MB | 0.4/3.8 MB | 16/270 kB | 8.2/254 kB[0m
2026.06.03 19:30:59 INFO  Progress (5): 3.0/6.3 MB | 2.9/12 MB | 0.4/3.8 MB | 16/270 kB | 8.2/254 kB[0m
2026.06.03 19:30:59 INFO  Progress (5): 3.1/6.3 MB | 2.9/12 MB | 0.4/3.8 MB | 16/270 kB | 8.2/254 kB[0m
2026.06.03 19:30:59 INFO  Progress (5): 3.1/6.3 MB | 2.9/12 MB | 0.4/3.8 MB | 16/270 kB | 8.2/254 kB[0m
2026.06.03 19:30:59 INFO  Progress (5): 3.1/6.3 MB | 2.9/12 MB | 0.4/3.8 MB | 16/270 kB | 8.2/254 kB[0m
2026.06.03 19:30:59 INFO  Progress (5): 3.1/6.3 MB | 3.0/12 MB | 0.4/3.8 MB | 16/270 kB | 8.2/254 kB[0m
2026.06.03 19:30:59 INFO  Progress (5): 3.1/6.3 MB | 3.0/12 MB | 0.4/3.8 MB | 16/270 kB | 8.2/254 kB[0m
2026.06.03 19:30:59 INFO  Progress (5): 3.1/6.3 MB | 3.0/12 MB | 0.4/3.8 MB | 16/270 kB | 25/254 kB [0m
2026.06.03 19:30:59 INFO  Progress (5): 3.1/6.3 MB | 3.0/12 MB | 0.4/3.8 MB | 16/270 kB | 25/254 kB[0m
2026.06.03 19:30:59 INFO  Progress (5): 3.1/6.3 MB | 3.0/12 MB | 0.4/3.8 MB | 16/270 kB | 25/254 kB[0m
2026.06.03 19:30:59 INFO  Progress (5): 3.1/6.3 MB | 3.0/12 MB | 0.4/3.8 MB | 33/270 kB | 25/254 kB[0m
2026.06.03 19:30:59 INFO  Progress (5): 3.1/6.3 MB | 3.0/12 MB | 0.4/3.8 MB | 49/270 kB | 25/254 kB[0m
2026.06.03 19:30:59 INFO  Progress (5): 3.1/6.3 MB | 3.0/12 MB | 0.4/3.8 MB | 49/270 kB | 25/254 kB[0m
2026.06.03 19:30:59 INFO  Progress (5): 3.1/6.3 MB | 3.0/12 MB | 0.4/3.8 MB | 49/270 kB | 25/254 kB[0m
2026.06.03 19:30:59 INFO  Progress (5): 3.1/6.3 MB | 3.0/12 MB | 0.4/3.8 MB | 49/270 kB | 25/254 kB[0m
2026.06.03 19:30:59 INFO  Progress (5): 3.2/6.3 MB | 3.0/12 MB | 0.4/3.8 MB | 49/270 kB | 25/254 kB[0m
2026.06.03 19:30:59 INFO  Progress (5): 3.2/6.3 MB | 3.0/12 MB | 0.4/3.8 MB | 49/270 kB | 41/254 kB[0m
2026.06.03 19:30:59 INFO  Progress (5): 3.2/6.3 MB | 3.0/12 MB | 0.4/3.8 MB | 49/270 kB | 41/254 kB[0m
2026.06.03 19:30:59 INFO  Progress (5): 3.2/6.3 MB | 3.0/12 MB | 0.4/3.8 MB | 49/270 kB | 41/254 kB[0m
2026.06.03 19:30:59 INFO  Progress (5): 3.2/6.3 MB | 3.0/12 MB | 0.4/3.8 MB | 49/270 kB | 41/254 kB[0m
2026.06.03 19:30:59 INFO  Progress (5): 3.2/6.3 MB | 3.0/12 MB | 0.5/3.8 MB | 49/270 kB | 41/254 kB[0m
2026.06.03 19:30:59 INFO  Progress (5): 3.2/6.3 MB | 3.0/12 MB | 0.5/3.8 MB | 49/270 kB | 41/254 kB[0m
2026.06.03 19:30:59 INFO  Progress (5): 3.2/6.3 MB | 3.0/12 MB | 0.5/3.8 MB | 49/270 kB | 41/254 kB[0m
2026.06.03 19:30:59 INFO  Progress (5): 3.2/6.3 MB | 3.0/12 MB | 0.5/3.8 MB | 49/270 kB | 41/254 kB[0m
2026.06.03 19:30:59 INFO  Progress (5): 3.2/6.3 MB | 3.0/12 MB | 0.5/3.8 MB | 49/270 kB | 41/254 kB[0m
2026.06.03 19:30:59 INFO  Progress (5): 3.2/6.3 MB | 3.0/12 MB | 0.5/3.8 MB | 49/270 kB | 41/254 kB[0m
2026.06.03 19:30:59 INFO  Progress (5): 3.2/6.3 MB | 3.0/12 MB | 0.5/3.8 MB | 49/270 kB | 41/254 kB[0m
2026.06.03 19:30:59 INFO  Progress (5): 3.2/6.3 MB | 3.0/12 MB | 0.5/3.8 MB | 49/270 kB | 41/254 kB[0m
2026.06.03 19:30:59 INFO  Progress (5): 3.2/6.3 MB | 3.0/12 MB | 0.5/3.8 MB | 66/270 kB | 41/254 kB[0m
2026.06.03 19:30:59 INFO  Progress (5): 3.2/6.3 MB | 3.0/12 MB | 0.5/3.8 MB | 82/270 kB | 41/254 kB[0m
2026.06.03 19:30:59 INFO  Progress (5): 3.2/6.3 MB | 3.0/12 MB | 0.5/3.8 MB | 98/270 kB | 41/254 kB[0m
2026.06.03 19:30:59 INFO  Progress (5): 3.2/6.3 MB | 3.0/12 MB | 0.5/3.8 MB | 115/270 kB | 41/254 kB[0m
2026.06.03 19:30:59 INFO  Progress (5): 3.2/6.3 MB | 3.0/12 MB | 0.5/3.8 MB | 115/270 kB | 41/254 kB[0m
2026.06.03 19:30:59 INFO  Progress (5): 3.2/6.3 MB | 3.0/12 MB | 0.5/3.8 MB | 115/270 kB | 41/254 kB[0m
2026.06.03 19:30:59 INFO  Progress (5): 3.2/6.3 MB | 3.0/12 MB | 0.5/3.8 MB | 115/270 kB | 41/254 kB[0m
2026.06.03 19:30:59 INFO  Progress (5): 3.2/6.3 MB | 3.0/12 MB | 0.6/3.8 MB | 115/270 kB | 41/254 kB[0m
2026.06.03 19:30:59 INFO  Progress (5): 3.2/6.3 MB | 3.0/12 MB | 0.6/3.8 MB | 131/270 kB | 41/254 kB[0m
2026.06.03 19:30:59 INFO  Progress (5): 3.2/6.3 MB | 3.0/12 MB | 0.6/3.8 MB | 131/270 kB | 41/254 kB[0m
2026.06.03 19:30:59 INFO  Progress (5): 3.2/6.3 MB | 3.1/12 MB | 0.6/3.8 MB | 131/270 kB | 41/254 kB[0m
2026.06.03 19:30:59 INFO  Progress (5): 3.2/6.3 MB | 3.1/12 MB | 0.6/3.8 MB | 147/270 kB | 41/254 kB[0m
2026.06.03 19:30:59 INFO  Progress (5): 3.2/6.3 MB | 3.1/12 MB | 0.6/3.8 MB | 147/270 kB | 41/254 kB[0m
2026.06.03 19:30:59 INFO  Progress (5): 3.2/6.3 MB | 3.1/12 MB | 0.6/3.8 MB | 147/270 kB | 41/254 kB[0m
2026.06.03 19:30:59 INFO  Progress (5): 3.2/6.3 MB | 3.1/12 MB | 0.6/3.8 MB | 147/270 kB | 41/254 kB[0m
2026.06.03 19:30:59 INFO  Progress (5): 3.2/6.3 MB | 3.1/12 MB | 0.6/3.8 MB | 147/270 kB | 41/254 kB[0m
2026.06.03 19:30:59 INFO  Progress (5): 3.2/6.3 MB | 3.1/12 MB | 0.6/3.8 MB | 147/270 kB | 41/254 kB[0m
2026.06.03 19:30:59 INFO  Progress (5): 3.2/6.3 MB | 3.1/12 MB | 0.6/3.8 MB | 147/270 kB | 41/254 kB[0m
2026.06.03 19:30:59 INFO  Progress (5): 3.2/6.3 MB | 3.1/12 MB | 0.6/3.8 MB | 164/270 kB | 41/254 kB[0m
2026.06.03 19:30:59 INFO  Progress (5): 3.2/6.3 MB | 3.1/12 MB | 0.6/3.8 MB | 164/270 kB | 57/254 kB[0m
2026.06.03 19:30:59 INFO  Progress (5): 3.2/6.3 MB | 3.1/12 MB | 0.6/3.8 MB | 164/270 kB | 57/254 kB[0m
2026.06.03 19:30:59 INFO  Progress (5): 3.3/6.3 MB | 3.1/12 MB | 0.6/3.8 MB | 164/270 kB | 57/254 kB[0m
2026.06.03 19:30:59 INFO  Progress (5): 3.3/6.3 MB | 3.1/12 MB | 0.6/3.8 MB | 180/270 kB | 57/254 kB[0m
2026.06.03 19:30:59 INFO  Progress (5): 3.3/6.3 MB | 3.1/12 MB | 0.6/3.8 MB | 180/270 kB | 57/254 kB[0m
2026.06.03 19:30:59 INFO  Progress (5): 3.3/6.3 MB | 3.1/12 MB | 0.6/3.8 MB | 180/270 kB | 57/254 kB[0m
2026.06.03 19:30:59 INFO  Progress (5): 3.3/6.3 MB | 3.1/12 MB | 0.6/3.8 MB | 180/270 kB | 57/254 kB[0m
2026.06.03 19:30:59 INFO  Progress (5): 3.3/6.3 MB | 3.1/12 MB | 0.6/3.8 MB | 180/270 kB | 57/254 kB[0m
2026.06.03 19:30:59 INFO  Progress (5): 3.3/6.3 MB | 3.1/12 MB | 0.7/3.8 MB | 180/270 kB | 57/254 kB[0m
2026.06.03 19:30:59 INFO  Progress (5): 3.3/6.3 MB | 3.1/12 MB | 0.7/3.8 MB | 180/270 kB | 57/254 kB[0m
2026.06.03 19:30:59 INFO  Progress (5): 3.3/6.3 MB | 3.1/12 MB | 0.7/3.8 MB | 180/270 kB | 74/254 kB[0m
2026.06.03 19:30:59 INFO  Progress (5): 3.3/6.3 MB | 3.1/12 MB | 0.7/3.8 MB | 197/270 kB | 74/254 kB[0m
2026.06.03 19:30:59 INFO  Progress (5): 3.3/6.3 MB | 3.1/12 MB | 0.7/3.8 MB | 197/270 kB | 74/254 kB[0m
2026.06.03 19:30:59 INFO  Progress (5): 3.3/6.3 MB | 3.1/12 MB | 0.7/3.8 MB | 197/270 kB | 74/254 kB[0m
2026.06.03 19:30:59 INFO  Progress (5): 3.3/6.3 MB | 3.1/12 MB | 0.7/3.8 MB | 197/270 kB | 74/254 kB[0m
2026.06.03 19:30:59 INFO  Progress (5): 3.3/6.3 MB | 3.1/12 MB | 0.7/3.8 MB | 197/270 kB | 74/254 kB[0m
2026.06.03 19:30:59 INFO  Progress (5): 3.3/6.3 MB | 3.2/12 MB | 0.7/3.8 MB | 197/270 kB | 74/254 kB[0m
2026.06.03 19:30:59 INFO  Progress (5): 3.3/6.3 MB | 3.2/12 MB | 0.7/3.8 MB | 213/270 kB | 74/254 kB[0m
2026.06.03 19:30:59 INFO  Progress (5): 3.3/6.3 MB | 3.2/12 MB | 0.7/3.8 MB | 213/270 kB | 74/254 kB[0m
2026.06.03 19:30:59 INFO  Progress (5): 3.3/6.3 MB | 3.2/12 MB | 0.7/3.8 MB | 213/270 kB | 74/254 kB[0m
2026.06.03 19:30:59 INFO  Progress (5): 3.3/6.3 MB | 3.2/12 MB | 0.7/3.8 MB | 213/270 kB | 74/254 kB[0m
2026.06.03 19:30:59 INFO  Progress (5): 3.3/6.3 MB | 3.2/12 MB | 0.7/3.8 MB | 213/270 kB | 74/254 kB[0m
2026.06.03 19:30:59 INFO  Progress (5): 3.3/6.3 MB | 3.2/12 MB | 0.7/3.8 MB | 213/270 kB | 74/254 kB[0m
2026.06.03 19:30:59 INFO  Progress (5): 3.3/6.3 MB | 3.2/12 MB | 0.7/3.8 MB | 213/270 kB | 74/254 kB[0m
2026.06.03 19:30:59 INFO  Progress (5): 3.3/6.3 MB | 3.2/12 MB | 0.7/3.8 MB | 213/270 kB | 74/254 kB[0m
2026.06.03 19:30:59 INFO  Progress (5): 3.3/6.3 MB | 3.2/12 MB | 0.7/3.8 MB | 213/270 kB | 90/254 kB[0m
2026.06.03 19:30:59 INFO  Progress (5): 3.3/6.3 MB | 3.2/12 MB | 0.7/3.8 MB | 229/270 kB | 90/254 kB[0m
2026.06.03 19:30:59 INFO  Progress (5): 3.3/6.3 MB | 3.2/12 MB | 0.7/3.8 MB | 229/270 kB | 90/254 kB[0m
2026.06.03 19:30:59 INFO  Progress (5): 3.4/6.3 MB | 3.2/12 MB | 0.7/3.8 MB | 229/270 kB | 90/254 kB[0m
2026.06.03 19:30:59 INFO  Progress (5): 3.4/6.3 MB | 3.2/12 MB | 0.7/3.8 MB | 229/270 kB | 90/254 kB[0m
2026.06.03 19:30:59 INFO  Progress (5): 3.4/6.3 MB | 3.2/12 MB | 0.7/3.8 MB | 229/270 kB | 90/254 kB[0m
2026.06.03 19:30:59 INFO  Progress (5): 3.4/6.3 MB | 3.2/12 MB | 0.7/3.8 MB | 229/270 kB | 90/254 kB[0m
2026.06.03 19:30:59 INFO  Progress (5): 3.4/6.3 MB | 3.2/12 MB | 0.7/3.8 MB | 246/270 kB | 90/254 kB[0m
2026.06.03 19:30:59 INFO  Progress (5): 3.4/6.3 MB | 3.2/12 MB | 0.7/3.8 MB | 262/270 kB | 90/254 kB[0m
2026.06.03 19:30:59 INFO  Progress (5): 3.4/6.3 MB | 3.2/12 MB | 0.7/3.8 MB | 262/270 kB | 90/254 kB[0m
2026.06.03 19:30:59 INFO  Progress (5): 3.4/6.3 MB | 3.2/12 MB | 0.7/3.8 MB | 262/270 kB | 106/254 kB[0m
2026.06.03 19:30:59 INFO  Progress (5): 3.4/6.3 MB | 3.2/12 MB | 0.7/3.8 MB | 262/270 kB | 106/254 kB[0m
2026.06.03 19:30:59 INFO  Progress (5): 3.4/6.3 MB | 3.2/12 MB | 0.7/3.8 MB | 262/270 kB | 106/254 kB[0m
2026.06.03 19:30:59 INFO  Progress (5): 3.4/6.3 MB | 3.2/12 MB | 0.8/3.8 MB | 262/270 kB | 106/254 kB[0m
2026.06.03 19:30:59 INFO  Progress (5): 3.4/6.3 MB | 3.2/12 MB | 0.8/3.8 MB | 270 kB | 106/254 kB    [0m
2026.06.03 19:30:59 INFO  Progress (5): 3.4/6.3 MB | 3.2/12 MB | 0.8/3.8 MB | 270 kB | 106/254 kB[0m
2026.06.03 19:30:59 INFO  Progress (5): 3.4/6.3 MB | 3.2/12 MB | 0.8/3.8 MB | 270 kB | 106/254 kB[0m
2026.06.03 19:30:59 INFO  Progress (5): 3.4/6.3 MB | 3.2/12 MB | 0.8/3.8 MB | 270 kB | 106/254 kB[0m
2026.06.03 19:30:59 INFO  Progress (5): 3.4/6.3 MB | 3.2/12 MB | 0.8/3.8 MB | 270 kB | 115/254 kB[0m
2026.06.03 19:30:59 INFO  Progress (5): 3.4/6.3 MB | 3.2/12 MB | 0.8/3.8 MB | 270 kB | 115/254 kB[0m
2026.06.03 19:30:59 INFO                                                                         [0m
2026.06.03 19:30:59 INFO  Downloaded from central: https://repo.maven.apache.org/maven2/org/scala-sbt/zinc-persist_2.13/1.8.0/zinc-persist_2.13-1.8.0.jar (270 kB at 15 kB/s)[0m
2026.06.03 19:30:59 INFO  Downloading from central: https://repo.maven.apache.org/maven2/org/scala-lang/modules/scala-parser-combinators_2.13/1.1.2/scala-parser-combinators_2.13-1.1.2.jar[0m
2026.06.03 19:30:59 INFO  Progress (4): 3.4/6.3 MB | 3.2/12 MB | 0.8/3.8 MB | 115/254 kB[0m
2026.06.03 19:30:59 INFO  Progress (4): 3.5/6.3 MB | 3.2/12 MB | 0.8/3.8 MB | 115/254 kB[0m
2026.06.03 19:30:59 INFO  Progress (4): 3.5/6.3 MB | 3.2/12 MB | 0.8/3.8 MB | 115/254 kB[0m
2026.06.03 19:30:59 INFO  Progress (4): 3.5/6.3 MB | 3.2/12 MB | 0.8/3.8 MB | 115/254 kB[0m
2026.06.03 19:30:59 INFO  Progress (4): 3.5/6.3 MB | 3.2/12 MB | 0.8/3.8 MB | 115/254 kB[0m
2026.06.03 19:30:59 INFO  Progress (4): 3.5/6.3 MB | 3.3/12 MB | 0.8/3.8 MB | 115/254 kB[0m
2026.06.03 19:30:59 INFO  Progress (4): 3.5/6.3 MB | 3.3/12 MB | 0.8/3.8 MB | 131/254 kB[0m
2026.06.03 19:30:59 INFO  Progress (4): 3.5/6.3 MB | 3.3/12 MB | 0.8/3.8 MB | 131/254 kB[0m
2026.06.03 19:30:59 INFO  Progress (4): 3.5/6.3 MB | 3.3/12 MB | 0.8/3.8 MB | 131/254 kB[0m
2026.06.03 19:30:59 INFO  Progress (4): 3.5/6.3 MB | 3.3/12 MB | 0.8/3.8 MB | 131/254 kB[0m
2026.06.03 19:30:59 INFO  Progress (4): 3.5/6.3 MB | 3.3/12 MB | 0.8/3.8 MB | 131/254 kB[0m
2026.06.03 19:30:59 INFO  Progress (4): 3.5/6.3 MB | 3.3/12 MB | 0.8/3.8 MB | 147/254 kB[0m
2026.06.03 19:30:59 INFO  Progress (4): 3.5/6.3 MB | 3.3/12 MB | 0.8/3.8 MB | 147/254 kB[0m
2026.06.03 19:30:59 INFO  Progress (4): 3.5/6.3 MB | 3.3/12 MB | 0.8/3.8 MB | 147/254 kB[0m
2026.06.03 19:30:59 INFO  Progress (4): 3.5/6.3 MB | 3.3/12 MB | 0.8/3.8 MB | 147/254 kB[0m
2026.06.03 19:30:59 INFO  Progress (4): 3.5/6.3 MB | 3.3/12 MB | 0.8/3.8 MB | 147/254 kB[0m
2026.06.03 19:30:59 INFO  Progress (4): 3.5/6.3 MB | 3.3/12 MB | 0.9/3.8 MB | 147/254 kB[0m
2026.06.03 19:30:59 INFO  Progress (4): 3.5/6.3 MB | 3.3/12 MB | 0.9/3.8 MB | 147/254 kB[0m
2026.06.03 19:30:59 INFO  Progress (4): 3.5/6.3 MB | 3.3/12 MB | 0.9/3.8 MB | 147/254 kB[0m
2026.06.03 19:30:59 INFO  Progress (4): 3.5/6.3 MB | 3.3/12 MB | 0.9/3.8 MB | 147/254 kB[0m
2026.06.03 19:30:59 INFO  Progress (4): 3.6/6.3 MB | 3.3/12 MB | 0.9/3.8 MB | 147/254 kB[0m
2026.06.03 19:30:59 INFO  Progress (4): 3.6/6.3 MB | 3.3/12 MB | 0.9/3.8 MB | 147/254 kB[0m
2026.06.03 19:30:59 INFO  Progress (4): 3.6/6.3 MB | 3.3/12 MB | 0.9/3.8 MB | 164/254 kB[0m
2026.06.03 19:30:59 INFO  Progress (4): 3.6/6.3 MB | 3.3/12 MB | 0.9/3.8 MB | 164/254 kB[0m
2026.06.03 19:30:59 INFO  Progress (4): 3.6/6.3 MB | 3.3/12 MB | 0.9/3.8 MB | 164/254 kB[0m
2026.06.03 19:30:59 INFO  Progress (4): 3.6/6.3 MB | 3.3/12 MB | 0.9/3.8 MB | 164/254 kB[0m
2026.06.03 19:30:59 INFO  Progress (4): 3.6/6.3 MB | 3.3/12 MB | 0.9/3.8 MB | 164/254 kB[0m
2026.06.03 19:30:59 INFO  Progress (4): 3.6/6.3 MB | 3.3/12 MB | 0.9/3.8 MB | 164/254 kB[0m
2026.06.03 19:30:59 INFO  Progress (4): 3.6/6.3 MB | 3.3/12 MB | 0.9/3.8 MB | 164/254 kB[0m
2026.06.03 19:30:59 INFO  Progress (4): 3.6/6.3 MB | 3.4/12 MB | 0.9/3.8 MB | 164/254 kB[0m
2026.06.03 19:30:59 INFO  Progress (4): 3.6/6.3 MB | 3.4/12 MB | 0.9/3.8 MB | 164/254 kB[0m
2026.06.03 19:30:59 INFO  Progress (4): 3.6/6.3 MB | 3.4/12 MB | 0.9/3.8 MB | 164/254 kB[0m
2026.06.03 19:30:59 INFO  Progress (4): 3.6/6.3 MB | 3.4/12 MB | 0.9/3.8 MB | 164/254 kB[0m
2026.06.03 19:30:59 INFO  Progress (4): 3.6/6.3 MB | 3.4/12 MB | 1.0/3.8 MB | 164/254 kB[0m
2026.06.03 19:30:59 INFO  Progress (4): 3.6/6.3 MB | 3.4/12 MB | 1.0/3.8 MB | 180/254 kB[0m
2026.06.03 19:30:59 INFO  Progress (4): 3.6/6.3 MB | 3.4/12 MB | 1.0/3.8 MB | 180/254 kB[0m
2026.06.03 19:30:59 INFO  Progress (4): 3.7/6.3 MB | 3.4/12 MB | 1.0/3.8 MB | 180/254 kB[0m
2026.06.03 19:30:59 INFO  Progress (4): 3.7/6.3 MB | 3.4/12 MB | 1.0/3.8 MB | 180/254 kB[0m
2026.06.03 19:30:59 INFO  Progress (4): 3.7/6.3 MB | 3.4/12 MB | 1.0/3.8 MB | 180/254 kB[0m
2026.06.03 19:30:59 INFO  Progress (4): 3.7/6.3 MB | 3.4/12 MB | 1.0/3.8 MB | 180/254 kB[0m
2026.06.03 19:30:59 INFO  Progress (4): 3.7/6.3 MB | 3.4/12 MB | 1.0/3.8 MB | 180/254 kB[0m
2026.06.03 19:30:59 INFO  Progress (5): 3.7/6.3 MB | 3.4/12 MB | 1.0/3.8 MB | 180/254 kB | 7.7/225 kB[0m
2026.06.03 19:30:59 INFO  Progress (5): 3.7/6.3 MB | 3.4/12 MB | 1.0/3.8 MB | 180/254 kB | 16/225 kB [0m
2026.06.03 19:30:59 INFO  Progress (5): 3.7/6.3 MB | 3.4/12 MB | 1.0/3.8 MB | 180/254 kB | 16/225 kB[0m
2026.06.03 19:30:59 INFO  Progress (5): 3.7/6.3 MB | 3.4/12 MB | 1.0/3.8 MB | 180/254 kB | 16/225 kB[0m
2026.06.03 19:30:59 INFO  Progress (5): 3.7/6.3 MB | 3.4/12 MB | 1.0/3.8 MB | 180/254 kB | 16/225 kB[0m
2026.06.03 19:30:59 INFO  Progress (5): 3.7/6.3 MB | 3.4/12 MB | 1.0/3.8 MB | 180/254 kB | 32/225 kB[0m
2026.06.03 19:30:59 INFO  Progress (5): 3.7/6.3 MB | 3.4/12 MB | 1.0/3.8 MB | 180/254 kB | 32/225 kB[0m
2026.06.03 19:30:59 INFO  Progress (5): 3.7/6.3 MB | 3.4/12 MB | 1.0/3.8 MB | 180/254 kB | 32/225 kB[0m
2026.06.03 19:30:59 INFO  Progress (5): 3.7/6.3 MB | 3.4/12 MB | 1.0/3.8 MB | 180/254 kB | 32/225 kB[0m
2026.06.03 19:30:59 INFO  Progress (5): 3.7/6.3 MB | 3.4/12 MB | 1.0/3.8 MB | 197/254 kB | 32/225 kB[0m
2026.06.03 19:30:59 INFO  Progress (5): 3.7/6.3 MB | 3.4/12 MB | 1.0/3.8 MB | 197/254 kB | 32/225 kB[0m
2026.06.03 19:30:59 INFO  Progress (5): 3.7/6.3 MB | 3.4/12 MB | 1.0/3.8 MB | 197/254 kB | 32/225 kB[0m
2026.06.03 19:30:59 INFO  Progress (5): 3.7/6.3 MB | 3.4/12 MB | 1.0/3.8 MB | 197/254 kB | 49/225 kB[0m
2026.06.03 19:30:59 INFO  Progress (5): 3.7/6.3 MB | 3.4/12 MB | 1.0/3.8 MB | 197/254 kB | 49/225 kB[0m
2026.06.03 19:30:59 INFO  Progress (5): 3.7/6.3 MB | 3.4/12 MB | 1.0/3.8 MB | 197/254 kB | 57/225 kB[0m
2026.06.03 19:30:59 INFO  Progress (5): 3.7/6.3 MB | 3.5/12 MB | 1.0/3.8 MB | 197/254 kB | 57/225 kB[0m
2026.06.03 19:30:59 INFO  Progress (5): 3.7/6.3 MB | 3.5/12 MB | 1.0/3.8 MB | 197/254 kB | 57/225 kB[0m
2026.06.03 19:30:59 INFO  Progress (5): 3.7/6.3 MB | 3.5/12 MB | 1.1/3.8 MB | 197/254 kB | 57/225 kB[0m
2026.06.03 19:30:59 INFO  Progress (5): 3.7/6.3 MB | 3.5/12 MB | 1.1/3.8 MB | 213/254 kB | 57/225 kB[0m
2026.06.03 19:30:59 INFO  Progress (5): 3.7/6.3 MB | 3.5/12 MB | 1.1/3.8 MB | 213/254 kB | 57/225 kB[0m
2026.06.03 19:30:59 INFO  Progress (5): 3.8/6.3 MB | 3.5/12 MB | 1.1/3.8 MB | 213/254 kB | 57/225 kB[0m
2026.06.03 19:30:59 INFO  Progress (5): 3.8/6.3 MB | 3.5/12 MB | 1.1/3.8 MB | 213/254 kB | 74/225 kB[0m
2026.06.03 19:30:59 INFO  Progress (5): 3.8/6.3 MB | 3.5/12 MB | 1.1/3.8 MB | 213/254 kB | 74/225 kB[0m
2026.06.03 19:30:59 INFO  Progress (5): 3.8/6.3 MB | 3.5/12 MB | 1.1/3.8 MB | 213/254 kB | 74/225 kB[0m
2026.06.03 19:30:59 INFO  Progress (5): 3.8/6.3 MB | 3.5/12 MB | 1.1/3.8 MB | 213/254 kB | 74/225 kB[0m
2026.06.03 19:30:59 INFO  Progress (5): 3.8/6.3 MB | 3.5/12 MB | 1.1/3.8 MB | 213/254 kB | 74/225 kB[0m
2026.06.03 19:30:59 INFO  Progress (5): 3.8/6.3 MB | 3.5/12 MB | 1.1/3.8 MB | 229/254 kB | 74/225 kB[0m
2026.06.03 19:30:59 INFO  Progress (5): 3.8/6.3 MB | 3.5/12 MB | 1.1/3.8 MB | 229/254 kB | 74/225 kB[0m
2026.06.03 19:30:59 INFO  Progress (5): 3.8/6.3 MB | 3.5/12 MB | 1.1/3.8 MB | 229/254 kB | 90/225 kB[0m
2026.06.03 19:30:59 INFO  Progress (5): 3.8/6.3 MB | 3.5/12 MB | 1.1/3.8 MB | 229/254 kB | 90/225 kB[0m
2026.06.03 19:30:59 INFO  Progress (5): 3.8/6.3 MB | 3.5/12 MB | 1.1/3.8 MB | 229/254 kB | 90/225 kB[0m
2026.06.03 19:30:59 INFO  Progress (5): 3.8/6.3 MB | 3.5/12 MB | 1.1/3.8 MB | 229/254 kB | 90/225 kB[0m
2026.06.03 19:30:59 INFO  Progress (5): 3.8/6.3 MB | 3.5/12 MB | 1.1/3.8 MB | 229/254 kB | 106/225 kB[0m
2026.06.03 19:30:59 INFO  Progress (5): 3.8/6.3 MB | 3.5/12 MB | 1.1/3.8 MB | 229/254 kB | 106/225 kB[0m
2026.06.03 19:30:59 INFO  Progress (5): 3.8/6.3 MB | 3.5/12 MB | 1.1/3.8 MB | 246/254 kB | 106/225 kB[0m
2026.06.03 19:30:59 INFO  Progress (5): 3.8/6.3 MB | 3.5/12 MB | 1.1/3.8 MB | 246/254 kB | 123/225 kB[0m
2026.06.03 19:30:59 INFO  Progress (5): 3.8/6.3 MB | 3.5/12 MB | 1.1/3.8 MB | 246/254 kB | 123/225 kB[0m
2026.06.03 19:30:59 INFO  Progress (5): 3.9/6.3 MB | 3.5/12 MB | 1.1/3.8 MB | 246/254 kB | 123/225 kB[0m
2026.06.03 19:30:59 INFO  Progress (5): 3.9/6.3 MB | 3.5/12 MB | 1.2/3.8 MB | 246/254 kB | 123/225 kB[0m
2026.06.03 19:30:59 INFO  Progress (5): 3.9/6.3 MB | 3.5/12 MB | 1.2/3.8 MB | 254 kB | 123/225 kB    [0m
2026.06.03 19:30:59 INFO                                                                         [0m
2026.06.03 19:30:59 INFO  Downloaded from central: https://repo.maven.apache.org/maven2/org/scala-sbt/zinc-compile-core_2.13/1.8.0/zinc-compile-core_2.13-1.8.0.jar (254 kB at 14 kB/s)[0m
2026.06.03 19:30:59 INFO  Downloading from central: https://repo.maven.apache.org/maven2/net/openhft/zero-allocation-hashing/0.10.1/zero-allocation-hashing-0.10.1.jar[0m
2026.06.03 19:30:59 INFO  Progress (4): 3.9/6.3 MB | 3.5/12 MB | 1.2/3.8 MB | 139/225 kB[0m
2026.06.03 19:30:59 INFO  Progress (4): 3.9/6.3 MB | 3.5/12 MB | 1.2/3.8 MB | 139/225 kB[0m
2026.06.03 19:30:59 INFO  Progress (4): 3.9/6.3 MB | 3.5/12 MB | 1.2/3.8 MB | 139/225 kB[0m
2026.06.03 19:30:59 INFO  Progress (4): 3.9/6.3 MB | 3.5/12 MB | 1.2/3.8 MB | 139/225 kB[0m
2026.06.03 19:30:59 INFO  Progress (4): 3.9/6.3 MB | 3.5/12 MB | 1.2/3.8 MB | 139/225 kB[0m
2026.06.03 19:30:59 INFO  Progress (4): 3.9/6.3 MB | 3.5/12 MB | 1.2/3.8 MB | 156/225 kB[0m
2026.06.03 19:30:59 INFO  Progress (4): 3.9/6.3 MB | 3.5/12 MB | 1.2/3.8 MB | 156/225 kB[0m
2026.06.03 19:30:59 INFO  Progress (4): 3.9/6.3 MB | 3.5/12 MB | 1.2/3.8 MB | 156/225 kB[0m
2026.06.03 19:30:59 INFO  Progress (4): 3.9/6.3 MB | 3.5/12 MB | 1.2/3.8 MB | 156/225 kB[0m
2026.06.03 19:30:59 INFO  Progress (4): 3.9/6.3 MB | 3.5/12 MB | 1.2/3.8 MB | 156/225 kB[0m
2026.06.03 19:30:59 INFO  Progress (4): 3.9/6.3 MB | 3.5/12 MB | 1.2/3.8 MB | 172/225 kB[0m
2026.06.03 19:30:59 INFO  Progress (4): 3.9/6.3 MB | 3.5/12 MB | 1.2/3.8 MB | 172/225 kB[0m
2026.06.03 19:30:59 INFO  Progress (4): 3.9/6.3 MB | 3.5/12 MB | 1.2/3.8 MB | 172/225 kB[0m
2026.06.03 19:30:59 INFO  Progress (4): 4.0/6.3 MB | 3.5/12 MB | 1.2/3.8 MB | 172/225 kB[0m
2026.06.03 19:30:59 INFO  Progress (4): 4.0/6.3 MB | 3.5/12 MB | 1.3/3.8 MB | 172/225 kB[0m
2026.06.03 19:30:59 INFO  Progress (4): 4.0/6.3 MB | 3.5/12 MB | 1.3/3.8 MB | 172/225 kB[0m
2026.06.03 19:30:59 INFO  Progress (4): 4.0/6.3 MB | 3.5/12 MB | 1.3/3.8 MB | 188/225 kB[0m
2026.06.03 19:30:59 INFO  Progress (4): 4.0/6.3 MB | 3.5/12 MB | 1.3/3.8 MB | 188/225 kB[0m
2026.06.03 19:30:59 INFO  Progress (4): 4.0/6.3 MB | 3.5/12 MB | 1.3/3.8 MB | 205/225 kB[0m
2026.06.03 19:30:59 INFO  Progress (4): 4.0/6.3 MB | 3.5/12 MB | 1.3/3.8 MB | 205/225 kB[0m
2026.06.03 19:30:59 INFO  Progress (4): 4.0/6.3 MB | 3.5/12 MB | 1.3/3.8 MB | 205/225 kB[0m
2026.06.03 19:30:59 INFO  Progress (4): 4.0/6.3 MB | 3.5/12 MB | 1.3/3.8 MB | 205/225 kB[0m
2026.06.03 19:30:59 INFO  Progress (4): 4.0/6.3 MB | 3.5/12 MB | 1.3/3.8 MB | 205/225 kB[0m
2026.06.03 19:30:59 INFO  Progress (4): 4.0/6.3 MB | 3.5/12 MB | 1.3/3.8 MB | 205/225 kB[0m
2026.06.03 19:30:59 INFO  Progress (4): 4.0/6.3 MB | 3.5/12 MB | 1.3/3.8 MB | 221/225 kB[0m
2026.06.03 19:30:59 INFO  Progress (4): 4.0/6.3 MB | 3.5/12 MB | 1.3/3.8 MB | 221/225 kB[0m
2026.06.03 19:30:59 INFO  Progress (4): 4.0/6.3 MB | 3.5/12 MB | 1.3/3.8 MB | 225 kB    [0m
2026.06.03 19:30:59 INFO  Progress (4): 4.0/6.3 MB | 3.5/12 MB | 1.3/3.8 MB | 225 kB[0m
2026.06.03 19:30:59 INFO                                                            [0m
2026.06.03 19:30:59 INFO  Downloaded from central: https://repo.maven.apache.org/maven2/org/scala-lang/modules/scala-parser-combinators_2.13/1.1.2/scala-parser-combinators_2.13-1.1.2.jar (225 kB at 12 kB/s)[0m
2026.06.03 19:30:59 INFO  Progress (3): 4.0/6.3 MB | 3.5/12 MB | 1.3/3.8 MB[0m
2026.06.03 19:30:59 INFO                                                   [0m
2026.06.03 19:30:59 INFO  Downloading from central: https://repo.maven.apache.org/maven2/org/scala-sbt/util-control_2.13/1.8.0/util-control_2.13-1.8.0.jar[0m
2026.06.03 19:30:59 INFO  Progress (3): 4.0/6.3 MB | 3.5/12 MB | 1.3/3.8 MB[0m
2026.06.03 19:30:59 INFO  Progress (3): 4.1/6.3 MB | 3.5/12 MB | 1.3/3.8 MB[0m
2026.06.03 19:30:59 INFO  Progress (3): 4.1/6.3 MB | 3.5/12 MB | 1.3/3.8 MB[0m
2026.06.03 19:30:59 INFO  Progress (3): 4.1/6.3 MB | 3.5/12 MB | 1.4/3.8 MB[0m
2026.06.03 19:30:59 INFO  Progress (4): 4.1/6.3 MB | 3.5/12 MB | 1.4/3.8 MB | 7.7/60 kB[0m
2026.06.03 19:30:59 INFO  Progress (4): 4.1/6.3 MB | 3.5/12 MB | 1.4/3.8 MB | 8.2/60 kB[0m
2026.06.03 19:30:59 INFO  Progress (4): 4.1/6.3 MB | 3.5/12 MB | 1.4/3.8 MB | 8.2/60 kB[0m
2026.06.03 19:30:59 INFO  Progress (4): 4.1/6.3 MB | 3.5/12 MB | 1.4/3.8 MB | 8.2/60 kB[0m
2026.06.03 19:30:59 INFO  Progress (4): 4.1/6.3 MB | 3.5/12 MB | 1.4/3.8 MB | 8.2/60 kB[0m
2026.06.03 19:30:59 INFO  Progress (4): 4.1/6.3 MB | 3.5/12 MB | 1.4/3.8 MB | 8.2/60 kB[0m
2026.06.03 19:30:59 INFO  Progress (4): 4.1/6.3 MB | 3.5/12 MB | 1.4/3.8 MB | 25/60 kB [0m
2026.06.03 19:30:59 INFO  Progress (4): 4.1/6.3 MB | 3.5/12 MB | 1.4/3.8 MB | 25/60 kB[0m
2026.06.03 19:30:59 INFO  Progress (4): 4.1/6.3 MB | 3.5/12 MB | 1.4/3.8 MB | 25/60 kB[0m
2026.06.03 19:30:59 INFO  Progress (4): 4.1/6.3 MB | 3.5/12 MB | 1.4/3.8 MB | 25/60 kB[0m
2026.06.03 19:30:59 INFO  Progress (4): 4.1/6.3 MB | 3.5/12 MB | 1.4/3.8 MB | 25/60 kB[0m
2026.06.03 19:30:59 INFO  Progress (4): 4.2/6.3 MB | 3.5/12 MB | 1.4/3.8 MB | 25/60 kB[0m
2026.06.03 19:30:59 INFO  Progress (4): 4.2/6.3 MB | 3.5/12 MB | 1.4/3.8 MB | 25/60 kB[0m
2026.06.03 19:30:59 INFO  Progress (4): 4.2/6.3 MB | 3.5/12 MB | 1.4/3.8 MB | 41/60 kB[0m
2026.06.03 19:30:59 INFO  Progress (4): 4.2/6.3 MB | 3.5/12 MB | 1.4/3.8 MB | 41/60 kB[0m
2026.06.03 19:30:59 INFO  Progress (4): 4.2/6.3 MB | 3.5/12 MB | 1.5/3.8 MB | 41/60 kB[0m
2026.06.03 19:30:59 INFO  Progress (4): 4.2/6.3 MB | 3.5/12 MB | 1.5/3.8 MB | 41/60 kB[0m
2026.06.03 19:30:59 INFO  Progress (4): 4.2/6.3 MB | 3.5/12 MB | 1.5/3.8 MB | 41/60 kB[0m
2026.06.03 19:30:59 INFO  Progress (4): 4.2/6.3 MB | 3.5/12 MB | 1.5/3.8 MB | 41/60 kB[0m
2026.06.03 19:30:59 INFO  Progress (4): 4.2/6.3 MB | 3.5/12 MB | 1.5/3.8 MB | 57/60 kB[0m
2026.06.03 19:30:59 INFO  Progress (4): 4.2/6.3 MB | 3.5/12 MB | 1.5/3.8 MB | 57/60 kB[0m
2026.06.03 19:30:59 INFO  Progress (4): 4.2/6.3 MB | 3.5/12 MB | 1.5/3.8 MB | 57/60 kB[0m
2026.06.03 19:30:59 INFO  Progress (4): 4.2/6.3 MB | 3.5/12 MB | 1.5/3.8 MB | 60 kB   [0m
2026.06.03 19:30:59 INFO                                                           [0m
2026.06.03 19:30:59 INFO  Downloaded from central: https://repo.maven.apache.org/maven2/net/openhft/zero-allocation-hashing/0.10.1/zero-allocation-hashing-0.10.1.jar (60 kB at 3.2 kB/s)[0m
2026.06.03 19:30:59 INFO  Downloading from central: https://repo.maven.apache.org/maven2/org/scala-sbt/zinc-classfile_2.13/1.8.0/zinc-classfile_2.13-1.8.0.jar[0m
2026.06.03 19:30:59 INFO  Progress (3): 4.2/6.3 MB | 3.5/12 MB | 1.5/3.8 MB[0m
2026.06.03 19:30:59 INFO  Progress (4): 4.2/6.3 MB | 3.5/12 MB | 1.5/3.8 MB | 7.7/19 kB[0m
2026.06.03 19:30:59 INFO  Progress (4): 4.2/6.3 MB | 3.5/12 MB | 1.5/3.8 MB | 11/19 kB [0m
2026.06.03 19:30:59 INFO  Progress (4): 4.2/6.3 MB | 3.5/12 MB | 1.5/3.8 MB | 19 kB   [0m
2026.06.03 19:30:59 INFO  Progress (4): 4.3/6.3 MB | 3.5/12 MB | 1.5/3.8 MB | 19 kB[0m
2026.06.03 19:30:59 INFO                                                           [0m
2026.06.03 19:30:59 INFO  Downloaded from central: https://repo.maven.apache.org/maven2/org/scala-sbt/util-control_2.13/1.8.0/util-control_2.13-1.8.0.jar (19 kB at 1.0 kB/s)[0m
2026.06.03 19:30:59 INFO  Progress (3): 4.3/6.3 MB | 3.5/12 MB | 1.5/3.8 MB[0m
2026.06.03 19:30:59 INFO  Progress (3): 4.3/6.3 MB | 3.5/12 MB | 1.5/3.8 MB[0m
2026.06.03 19:30:59 INFO  Progress (3): 4.3/6.3 MB | 3.5/12 MB | 1.5/3.8 MB[0m
2026.06.03 19:30:59 INFO  Progress (3): 4.3/6.3 MB | 3.5/12 MB | 1.5/3.8 MB[0m
2026.06.03 19:30:59 INFO  Progress (3): 4.3/6.3 MB | 3.5/12 MB | 1.5/3.8 MB[0m
2026.06.03 19:30:59 INFO  Progress (3): 4.3/6.3 MB | 3.5/12 MB | 1.5/3.8 MB[0m
2026.06.03 19:30:59 INFO  Progress (3): 4.3/6.3 MB | 3.5/12 MB | 1.5/3.8 MB[0m
2026.06.03 19:30:59 INFO  Progress (3): 4.3/6.3 MB | 3.5/12 MB | 1.5/3.8 MB[0m
2026.06.03 19:30:59 INFO  Progress (3): 4.3/6.3 MB | 3.5/12 MB | 1.5/3.8 MB[0m
2026.06.03 19:30:59 INFO  Progress (3): 4.3/6.3 MB | 3.5/12 MB | 1.6/3.8 MB[0m
2026.06.03 19:30:59 INFO  Progress (3): 4.3/6.3 MB | 3.5/12 MB | 1.6/3.8 MB[0m
2026.06.03 19:30:59 INFO  Progress (3): 4.3/6.3 MB | 3.5/12 MB | 1.6/3.8 MB[0m
2026.06.03 19:30:59 INFO  Progress (3): 4.3/6.3 MB | 3.5/12 MB | 1.6/3.8 MB[0m
2026.06.03 19:30:59 INFO  Progress (3): 4.3/6.3 MB | 3.5/12 MB | 1.6/3.8 MB[0m
2026.06.03 19:30:59 INFO  Progress (3): 4.4/6.3 MB | 3.5/12 MB | 1.6/3.8 MB[0m
2026.06.03 19:30:59 INFO  Progress (3): 4.4/6.3 MB | 3.5/12 MB | 1.6/3.8 MB[0m
2026.06.03 19:30:59 INFO  Progress (3): 4.4/6.3 MB | 3.5/12 MB | 1.6/3.8 MB[0m
2026.06.03 19:30:59 INFO  Progress (3): 4.4/6.3 MB | 3.5/12 MB | 1.6/3.8 MB[0m
2026.06.03 19:30:59 INFO  Progress (3): 4.4/6.3 MB | 3.5/12 MB | 1.6/3.8 MB[0m
2026.06.03 19:30:59 INFO  Progress (3): 4.4/6.3 MB | 3.5/12 MB | 1.7/3.8 MB[0m
2026.06.03 19:30:59 INFO  Progress (3): 4.4/6.3 MB | 3.5/12 MB | 1.7/3.8 MB[0m
2026.06.03 19:30:59 INFO  Progress (3): 4.4/6.3 MB | 3.5/12 MB | 1.7/3.8 MB[0m
2026.06.03 19:30:59 INFO  Progress (3): 4.4/6.3 MB | 3.5/12 MB | 1.7/3.8 MB[0m
2026.06.03 19:30:59 INFO  Progress (4): 4.4/6.3 MB | 3.5/12 MB | 1.7/3.8 MB | 7.7/108 kB[0m
2026.06.03 19:30:59 INFO  Progress (4): 4.4/6.3 MB | 3.5/12 MB | 1.7/3.8 MB | 8.2/108 kB[0m
2026.06.03 19:30:59 INFO  Progress (4): 4.4/6.3 MB | 3.5/12 MB | 1.7/3.8 MB | 8.2/108 kB[0m
2026.06.03 19:30:59 INFO  Progress (4): 4.4/6.3 MB | 3.5/12 MB | 1.7/3.8 MB | 8.2/108 kB[0m
2026.06.03 19:30:59 INFO  Progress (4): 4.4/6.3 MB | 3.5/12 MB | 1.7/3.8 MB | 8.2/108 kB[0m
2026.06.03 19:30:59 INFO  Progress (4): 4.5/6.3 MB | 3.5/12 MB | 1.7/3.8 MB | 8.2/108 kB[0m
2026.06.03 19:30:59 INFO  Progress (4): 4.5/6.3 MB | 3.5/12 MB | 1.7/3.8 MB | 8.2/108 kB[0m
2026.06.03 19:30:59 INFO  Progress (4): 4.5/6.3 MB | 3.5/12 MB | 1.7/3.8 MB | 25/108 kB [0m
2026.06.03 19:30:59 INFO  Progress (4): 4.5/6.3 MB | 3.5/12 MB | 1.7/3.8 MB | 25/108 kB[0m
2026.06.03 19:30:59 INFO  Progress (4): 4.5/6.3 MB | 3.5/12 MB | 1.7/3.8 MB | 25/108 kB[0m
2026.06.03 19:30:59 INFO  Progress (4): 4.5/6.3 MB | 3.5/12 MB | 1.7/3.8 MB | 25/108 kB[0m
2026.06.03 19:30:59 INFO  Progress (4): 4.5/6.3 MB | 3.5/12 MB | 1.7/3.8 MB | 25/108 kB[0m
2026.06.03 19:30:59 INFO  Progress (4): 4.5/6.3 MB | 3.5/12 MB | 1.7/3.8 MB | 25/108 kB[0m
2026.06.03 19:30:59 INFO  Progress (4): 4.5/6.3 MB | 3.5/12 MB | 1.7/3.8 MB | 25/108 kB[0m
2026.06.03 19:30:59 INFO  Progress (4): 4.5/6.3 MB | 3.5/12 MB | 1.7/3.8 MB | 41/108 kB[0m
2026.06.03 19:30:59 INFO  Progress (4): 4.5/6.3 MB | 3.5/12 MB | 1.8/3.8 MB | 41/108 kB[0m
2026.06.03 19:30:59 INFO  Progress (4): 4.5/6.3 MB | 3.5/12 MB | 1.8/3.8 MB | 41/108 kB[0m
2026.06.03 19:30:59 INFO  Progress (4): 4.5/6.3 MB | 3.5/12 MB | 1.8/3.8 MB | 41/108 kB[0m
2026.06.03 19:30:59 INFO  Progress (4): 4.5/6.3 MB | 3.5/12 MB | 1.8/3.8 MB | 49/108 kB[0m
2026.06.03 19:30:59 INFO  Progress (4): 4.6/6.3 MB | 3.5/12 MB | 1.8/3.8 MB | 49/108 kB[0m
2026.06.03 19:30:59 INFO  Progress (4): 4.6/6.3 MB | 3.5/12 MB | 1.8/3.8 MB | 49/108 kB[0m
2026.06.03 19:30:59 INFO  Progress (4): 4.6/6.3 MB | 3.5/12 MB | 1.8/3.8 MB | 49/108 kB[0m
2026.06.03 19:30:59 INFO  Progress (4): 4.6/6.3 MB | 3.5/12 MB | 1.8/3.8 MB | 49/108 kB[0m
2026.06.03 19:30:59 INFO  Progress (4): 4.6/6.3 MB | 3.5/12 MB | 1.8/3.8 MB | 49/108 kB[0m
2026.06.03 19:30:59 INFO  Progress (4): 4.6/6.3 MB | 3.5/12 MB | 1.8/3.8 MB | 49/108 kB[0m
2026.06.03 19:30:59 INFO  Progress (4): 4.6/6.3 MB | 3.5/12 MB | 1.8/3.8 MB | 66/108 kB[0m
2026.06.03 19:30:59 INFO  Progress (4): 4.6/6.3 MB | 3.5/12 MB | 1.8/3.8 MB | 66/108 kB[0m
2026.06.03 19:30:59 INFO  Progress (4): 4.6/6.3 MB | 3.5/12 MB | 1.8/3.8 MB | 66/108 kB[0m
2026.06.03 19:30:59 INFO  Progress (4): 4.6/6.3 MB | 3.5/12 MB | 1.8/3.8 MB | 66/108 kB[0m
2026.06.03 19:30:59 INFO  Progress (4): 4.6/6.3 MB | 3.5/12 MB | 1.9/3.8 MB | 66/108 kB[0m
2026.06.03 19:30:59 INFO  Progress (4): 4.6/6.3 MB | 3.5/12 MB | 1.9/3.8 MB | 66/108 kB[0m
2026.06.03 19:30:59 INFO  Progress (4): 4.6/6.3 MB | 3.5/12 MB | 1.9/3.8 MB | 82/108 kB[0m
2026.06.03 19:30:59 INFO  Progress (4): 4.6/6.3 MB | 3.5/12 MB | 1.9/3.8 MB | 82/108 kB[0m
2026.06.03 19:30:59 INFO  Progress (4): 4.7/6.3 MB | 3.5/12 MB | 1.9/3.8 MB | 82/108 kB[0m
2026.06.03 19:30:59 INFO  Progress (4): 4.7/6.3 MB | 3.5/12 MB | 1.9/3.8 MB | 82/108 kB[0m
2026.06.03 19:30:59 INFO  Progress (4): 4.7/6.3 MB | 3.5/12 MB | 1.9/3.8 MB | 82/108 kB[0m
2026.06.03 19:30:59 INFO  Progress (4): 4.7/6.3 MB | 3.5/12 MB | 1.9/3.8 MB | 82/108 kB[0m
2026.06.03 19:30:59 INFO  Progress (4): 4.7/6.3 MB | 3.5/12 MB | 1.9/3.8 MB | 82/108 kB[0m
2026.06.03 19:30:59 INFO  Progress (4): 4.7/6.3 MB | 3.5/12 MB | 1.9/3.8 MB | 98/108 kB[0m
2026.06.03 19:30:59 INFO  Progress (4): 4.7/6.3 MB | 3.5/12 MB | 1.9/3.8 MB | 98/108 kB[0m
2026.06.03 19:30:59 INFO  Progress (4): 4.7/6.3 MB | 3.5/12 MB | 1.9/3.8 MB | 98/108 kB[0m
2026.06.03 19:30:59 INFO  Progress (4): 4.7/6.3 MB | 3.5/12 MB | 1.9/3.8 MB | 106/108 kB[0m
2026.06.03 19:30:59 INFO  Progress (4): 4.7/6.3 MB | 3.5/12 MB | 1.9/3.8 MB | 106/108 kB[0m
2026.06.03 19:30:59 INFO  Progress (4): 4.7/6.3 MB | 3.5/12 MB | 1.9/3.8 MB | 108 kB    [0m
2026.06.03 19:30:59 INFO                                                            [0m
2026.06.03 19:30:59 INFO  Downloaded from central: https://repo.maven.apache.org/maven2/org/scala-sbt/zinc-classfile_2.13/1.8.0/zinc-classfile_2.13-1.8.0.jar (108 kB at 5.7 kB/s)[0m
2026.06.03 19:30:59 INFO  Progress (3): 4.7/6.3 MB | 3.5/12 MB | 1.9/3.8 MB[0m
2026.06.03 19:30:59 INFO  Progress (3): 4.7/6.3 MB | 3.5/12 MB | 1.9/3.8 MB[0m
2026.06.03 19:30:59 INFO  Progress (3): 4.8/6.3 MB | 3.5/12 MB | 1.9/3.8 MB[0m
2026.06.03 19:30:59 INFO  Progress (3): 4.8/6.3 MB | 3.5/12 MB | 2.0/3.8 MB[0m
2026.06.03 19:30:59 INFO  Progress (3): 4.8/6.3 MB | 3.5/12 MB | 2.0/3.8 MB[0m
2026.06.03 19:30:59 INFO  Progress (3): 4.8/6.3 MB | 3.5/12 MB | 2.0/3.8 MB[0m
2026.06.03 19:30:59 INFO  Progress (3): 4.8/6.3 MB | 3.5/12 MB | 2.0/3.8 MB[0m
2026.06.03 19:30:59 INFO  Progress (3): 4.8/6.3 MB | 3.5/12 MB | 2.0/3.8 MB[0m
2026.06.03 19:30:59 INFO  Progress (3): 4.8/6.3 MB | 3.5/12 MB | 2.0/3.8 MB[0m
2026.06.03 19:30:59 INFO  Progress (3): 4.8/6.3 MB | 3.5/12 MB | 2.0/3.8 MB[0m
2026.06.03 19:30:59 INFO  Progress (3): 4.8/6.3 MB | 3.5/12 MB | 2.0/3.8 MB[0m
2026.06.03 19:30:59 INFO  Progress (3): 4.8/6.3 MB | 3.5/12 MB | 2.0/3.8 MB[0m
2026.06.03 19:30:59 INFO  Progress (3): 4.8/6.3 MB | 3.5/12 MB | 2.0/3.8 MB[0m
2026.06.03 19:30:59 INFO  Progress (3): 4.8/6.3 MB | 3.5/12 MB | 2.0/3.8 MB[0m
2026.06.03 19:30:59 INFO  Progress (3): 4.9/6.3 MB | 3.5/12 MB | 2.0/3.8 MB[0m
2026.06.03 19:30:59 INFO  Progress (3): 4.9/6.3 MB | 3.5/12 MB | 2.0/3.8 MB[0m
2026.06.03 19:30:59 INFO  Progress (3): 4.9/6.3 MB | 3.5/12 MB | 2.0/3.8 MB[0m
2026.06.03 19:30:59 INFO  Progress (3): 4.9/6.3 MB | 3.5/12 MB | 2.1/3.8 MB[0m
2026.06.03 19:30:59 INFO  Progress (3): 4.9/6.3 MB | 3.5/12 MB | 2.1/3.8 MB[0m
2026.06.03 19:30:59 INFO  Progress (3): 4.9/6.3 MB | 3.5/12 MB | 2.1/3.8 MB[0m
2026.06.03 19:30:59 INFO  Progress (3): 4.9/6.3 MB | 3.5/12 MB | 2.1/3.8 MB[0m
2026.06.03 19:30:59 INFO  Progress (3): 4.9/6.3 MB | 3.5/12 MB | 2.1/3.8 MB[0m
2026.06.03 19:30:59 INFO  Progress (3): 4.9/6.3 MB | 3.5/12 MB | 2.1/3.8 MB[0m
2026.06.03 19:30:59 INFO  Progress (3): 4.9/6.3 MB | 3.5/12 MB | 2.1/3.8 MB[0m
2026.06.03 19:30:59 INFO  Progress (3): 4.9/6.3 MB | 3.5/12 MB | 2.1/3.8 MB[0m
2026.06.03 19:30:59 INFO  Progress (3): 4.9/6.3 MB | 3.5/12 MB | 2.1/3.8 MB[0m
2026.06.03 19:30:59 INFO  Progress (3): 4.9/6.3 MB | 3.5/12 MB | 2.1/3.8 MB[0m
2026.06.03 19:30:59 INFO  Progress (3): 5.0/6.3 MB | 3.5/12 MB | 2.1/3.8 MB[0m
2026.06.03 19:30:59 INFO  Progress (3): 5.0/6.3 MB | 3.5/12 MB | 2.1/3.8 MB[0m
2026.06.03 19:30:59 INFO  Progress (3): 5.0/6.3 MB | 3.5/12 MB | 2.2/3.8 MB[0m
2026.06.03 19:30:59 INFO  Progress (3): 5.0/6.3 MB | 3.5/12 MB | 2.2/3.8 MB[0m
2026.06.03 19:30:59 INFO  Progress (3): 5.0/6.3 MB | 3.5/12 MB | 2.2/3.8 MB[0m
2026.06.03 19:30:59 INFO  Progress (3): 5.0/6.3 MB | 3.5/12 MB | 2.2/3.8 MB[0m
2026.06.03 19:30:59 INFO  Progress (3): 5.0/6.3 MB | 3.5/12 MB | 2.2/3.8 MB[0m
2026.06.03 19:30:59 INFO  Progress (3): 5.0/6.3 MB | 3.5/12 MB | 2.2/3.8 MB[0m
2026.06.03 19:30:59 INFO  Progress (3): 5.0/6.3 MB | 3.5/12 MB | 2.2/3.8 MB[0m
2026.06.03 19:30:59 INFO  Progress (3): 5.0/6.3 MB | 3.5/12 MB | 2.2/3.8 MB[0m
2026.06.03 19:30:59 INFO  Progress (3): 5.1/6.3 MB | 3.5/12 MB | 2.2/3.8 MB[0m
2026.06.03 19:30:59 INFO  Progress (3): 5.1/6.3 MB | 3.5/12 MB | 2.2/3.8 MB[0m
2026.06.03 19:30:59 INFO  Progress (3): 5.1/6.3 MB | 3.5/12 MB | 2.2/3.8 MB[0m
2026.06.03 19:30:59 INFO  Progress (3): 5.1/6.3 MB | 3.5/12 MB | 2.2/3.8 MB[0m
2026.06.03 19:30:59 INFO  Progress (3): 5.1/6.3 MB | 3.5/12 MB | 2.2/3.8 MB[0m
2026.06.03 19:30:59 INFO  Progress (3): 5.1/6.3 MB | 3.5/12 MB | 2.3/3.8 MB[0m
2026.06.03 19:30:59 INFO  Progress (3): 5.1/6.3 MB | 3.5/12 MB | 2.3/3.8 MB[0m
2026.06.03 19:30:59 INFO  Progress (3): 5.1/6.3 MB | 3.5/12 MB | 2.3/3.8 MB[0m
2026.06.03 19:30:59 INFO  Progress (3): 5.1/6.3 MB | 3.5/12 MB | 2.3/3.8 MB[0m
2026.06.03 19:30:59 INFO  Progress (3): 5.1/6.3 MB | 3.5/12 MB | 2.3/3.8 MB[0m
2026.06.03 19:30:59 INFO  Progress (3): 5.1/6.3 MB | 3.5/12 MB | 2.3/3.8 MB[0m
2026.06.03 19:30:59 INFO  Progress (3): 5.1/6.3 MB | 3.5/12 MB | 2.3/3.8 MB[0m
2026.06.03 19:30:59 INFO  Progress (3): 5.2/6.3 MB | 3.5/12 MB | 2.3/3.8 MB[0m
2026.06.03 19:30:59 INFO  Progress (3): 5.2/6.3 MB | 3.5/12 MB | 2.3/3.8 MB[0m
2026.06.03 19:30:59 INFO  Progress (3): 5.2/6.3 MB | 3.5/12 MB | 2.3/3.8 MB[0m
2026.06.03 19:30:59 INFO  Progress (3): 5.2/6.3 MB | 3.5/12 MB | 2.3/3.8 MB[0m
2026.06.03 19:30:59 INFO  Progress (3): 5.2/6.3 MB | 3.5/12 MB | 2.3/3.8 MB[0m
2026.06.03 19:30:59 INFO  Progress (3): 5.2/6.3 MB | 3.5/12 MB | 2.4/3.8 MB[0m
2026.06.03 19:30:59 INFO  Progress (3): 5.2/6.3 MB | 3.5/12 MB | 2.4/3.8 MB[0m
2026.06.03 19:30:59 INFO  Progress (3): 5.2/6.3 MB | 3.5/12 MB | 2.4/3.8 MB[0m
2026.06.03 19:30:59 INFO  Progress (3): 5.2/6.3 MB | 3.5/12 MB | 2.4/3.8 MB[0m
2026.06.03 19:30:59 INFO  Progress (3): 5.2/6.3 MB | 3.5/12 MB | 2.4/3.8 MB[0m
2026.06.03 19:30:59 INFO  Progress (3): 5.2/6.3 MB | 3.5/12 MB | 2.4/3.8 MB[0m
2026.06.03 19:30:59 INFO  Progress (3): 5.2/6.3 MB | 3.5/12 MB | 2.4/3.8 MB[0m
2026.06.03 19:30:59 INFO  Progress (3): 5.3/6.3 MB | 3.5/12 MB | 2.4/3.8 MB[0m
2026.06.03 19:30:59 INFO  Progress (3): 5.3/6.3 MB | 3.5/12 MB | 2.4/3.8 MB[0m
2026.06.03 19:30:59 INFO  Progress (3): 5.3/6.3 MB | 3.5/12 MB | 2.4/3.8 MB[0m
2026.06.03 19:30:59 INFO  Progress (3): 5.3/6.3 MB | 3.5/12 MB | 2.4/3.8 MB[0m
2026.06.03 19:30:59 INFO  Progress (3): 5.3/6.3 MB | 3.5/12 MB | 2.4/3.8 MB[0m
2026.06.03 19:30:59 INFO  Progress (3): 5.3/6.3 MB | 3.5/12 MB | 2.4/3.8 MB[0m
2026.06.03 19:30:59 INFO  Progress (3): 5.3/6.3 MB | 3.5/12 MB | 2.4/3.8 MB[0m
2026.06.03 19:30:59 INFO  Progress (3): 5.3/6.3 MB | 3.5/12 MB | 2.5/3.8 MB[0m
2026.06.03 19:30:59 INFO  Progress (3): 5.3/6.3 MB | 3.5/12 MB | 2.5/3.8 MB[0m
2026.06.03 19:30:59 INFO  Progress (3): 5.3/6.3 MB | 3.5/12 MB | 2.5/3.8 MB[0m
2026.06.03 19:30:59 INFO  Progress (3): 5.3/6.3 MB | 3.5/12 MB | 2.5/3.8 MB[0m
2026.06.03 19:30:59 INFO  Progress (3): 5.3/6.3 MB | 3.5/12 MB | 2.5/3.8 MB[0m
2026.06.03 19:30:59 INFO  Progress (3): 5.3/6.3 MB | 3.5/12 MB | 2.5/3.8 MB[0m
2026.06.03 19:30:59 INFO  Progress (3): 5.3/6.3 MB | 3.5/12 MB | 2.5/3.8 MB[0m
2026.06.03 19:30:59 INFO  Progress (3): 5.4/6.3 MB | 3.5/12 MB | 2.5/3.8 MB[0m
2026.06.03 19:30:59 INFO  Progress (3): 5.4/6.3 MB | 3.5/12 MB | 2.5/3.8 MB[0m
2026.06.03 19:30:59 INFO  Progress (3): 5.4/6.3 MB | 3.5/12 MB | 2.5/3.8 MB[0m
2026.06.03 19:30:59 INFO  Progress (3): 5.4/6.3 MB | 3.5/12 MB | 2.5/3.8 MB[0m
2026.06.03 19:31:00 INFO  Progress (3): 5.4/6.3 MB | 3.5/12 MB | 2.5/3.8 MB[0m
2026.06.03 19:31:00 INFO  Progress (3): 5.4/6.3 MB | 3.5/12 MB | 2.5/3.8 MB[0m
2026.06.03 19:31:00 INFO  Progress (3): 5.4/6.3 MB | 3.5/12 MB | 2.5/3.8 MB[0m
2026.06.03 19:31:00 INFO  Progress (3): 5.4/6.3 MB | 3.5/12 MB | 2.5/3.8 MB[0m
2026.06.03 19:31:00 INFO  Progress (3): 5.5/6.3 MB | 3.5/12 MB | 2.5/3.8 MB[0m
2026.06.03 19:31:00 INFO  Progress (3): 5.5/6.3 MB | 3.5/12 MB | 2.5/3.8 MB[0m
2026.06.03 19:31:00 INFO  Progress (3): 5.5/6.3 MB | 3.5/12 MB | 2.6/3.8 MB[0m
2026.06.03 19:31:00 INFO  Progress (3): 5.5/6.3 MB | 3.5/12 MB | 2.6/3.8 MB[0m
2026.06.03 19:31:00 INFO  Progress (3): 5.5/6.3 MB | 3.5/12 MB | 2.6/3.8 MB[0m
2026.06.03 19:31:00 INFO  Progress (3): 5.5/6.3 MB | 3.5/12 MB | 2.6/3.8 MB[0m
2026.06.03 19:31:00 INFO  Progress (3): 5.5/6.3 MB | 3.5/12 MB | 2.6/3.8 MB[0m
2026.06.03 19:31:00 INFO  Progress (3): 5.6/6.3 MB | 3.5/12 MB | 2.6/3.8 MB[0m
2026.06.03 19:31:00 INFO  Progress (3): 5.6/6.3 MB | 3.5/12 MB | 2.6/3.8 MB[0m
2026.06.03 19:31:00 INFO  Progress (3): 5.6/6.3 MB | 3.5/12 MB | 2.6/3.8 MB[0m
2026.06.03 19:31:00 INFO  Progress (3): 5.6/6.3 MB | 3.5/12 MB | 2.6/3.8 MB[0m
2026.06.03 19:31:00 INFO  Progress (3): 5.6/6.3 MB | 3.5/12 MB | 2.6/3.8 MB[0m
2026.06.03 19:31:00 INFO  Progress (3): 5.6/6.3 MB | 3.5/12 MB | 2.6/3.8 MB[0m
2026.06.03 19:31:00 INFO  Progress (3): 5.7/6.3 MB | 3.5/12 MB | 2.6/3.8 MB[0m
2026.06.03 19:31:00 INFO  Progress (3): 5.7/6.3 MB | 3.5/12 MB | 2.6/3.8 MB[0m
2026.06.03 19:31:00 INFO  Progress (3): 5.7/6.3 MB | 3.5/12 MB | 2.6/3.8 MB[0m
2026.06.03 19:31:00 INFO  Progress (3): 5.7/6.3 MB | 3.5/12 MB | 2.6/3.8 MB[0m
2026.06.03 19:31:00 INFO  Progress (3): 5.7/6.3 MB | 3.5/12 MB | 2.6/3.8 MB[0m
2026.06.03 19:31:00 INFO  Progress (3): 5.7/6.3 MB | 3.5/12 MB | 2.6/3.8 MB[0m
2026.06.03 19:31:00 INFO  Progress (3): 5.7/6.3 MB | 3.5/12 MB | 2.6/3.8 MB[0m
2026.06.03 19:31:00 INFO  Progress (3): 5.8/6.3 MB | 3.5/12 MB | 2.6/3.8 MB[0m
2026.06.03 19:31:00 INFO  Progress (3): 5.8/6.3 MB | 3.5/12 MB | 2.6/3.8 MB[0m
2026.06.03 19:31:00 INFO  Progress (3): 5.8/6.3 MB | 3.5/12 MB | 2.6/3.8 MB[0m
2026.06.03 19:31:00 INFO  Progress (3): 5.8/6.3 MB | 3.5/12 MB | 2.6/3.8 MB[0m
2026.06.03 19:31:00 INFO  Progress (3): 5.8/6.3 MB | 3.5/12 MB | 2.6/3.8 MB[0m
2026.06.03 19:31:00 INFO  Progress (3): 5.8/6.3 MB | 3.5/12 MB | 2.6/3.8 MB[0m
2026.06.03 19:31:00 INFO  Progress (3): 5.8/6.3 MB | 3.5/12 MB | 2.6/3.8 MB[0m
2026.06.03 19:31:00 INFO  Progress (3): 5.9/6.3 MB | 3.5/12 MB | 2.6/3.8 MB[0m
2026.06.03 19:31:00 INFO  Progress (3): 5.9/6.3 MB | 3.5/12 MB | 2.6/3.8 MB[0m
2026.06.03 19:31:00 INFO  Progress (3): 5.9/6.3 MB | 3.5/12 MB | 2.6/3.8 MB[0m
2026.06.03 19:31:00 INFO  Progress (3): 5.9/6.3 MB | 3.5/12 MB | 2.6/3.8 MB[0m
2026.06.03 19:31:00 INFO  Progress (3): 5.9/6.3 MB | 3.5/12 MB | 2.6/3.8 MB[0m
2026.06.03 19:31:00 INFO  Progress (3): 5.9/6.3 MB | 3.5/12 MB | 2.6/3.8 MB[0m
2026.06.03 19:31:00 INFO  Progress (3): 6.0/6.3 MB | 3.5/12 MB | 2.6/3.8 MB[0m
2026.06.03 19:31:00 INFO  Progress (3): 6.0/6.3 MB | 3.5/12 MB | 2.6/3.8 MB[0m
2026.06.03 19:31:00 INFO  Progress (3): 6.0/6.3 MB | 3.5/12 MB | 2.6/3.8 MB[0m
2026.06.03 19:31:00 INFO  Progress (3): 6.0/6.3 MB | 3.5/12 MB | 2.6/3.8 MB[0m
2026.06.03 19:31:00 INFO  Progress (3): 6.0/6.3 MB | 3.5/12 MB | 2.6/3.8 MB[0m
2026.06.03 19:31:00 INFO  Progress (3): 6.0/6.3 MB | 3.5/12 MB | 2.6/3.8 MB[0m
2026.06.03 19:31:00 INFO  Progress (3): 6.1/6.3 MB | 3.5/12 MB | 2.6/3.8 MB[0m
2026.06.03 19:31:00 INFO  Progress (3): 6.1/6.3 MB | 3.5/12 MB | 2.6/3.8 MB[0m
2026.06.03 19:31:00 INFO  Progress (3): 6.1/6.3 MB | 3.5/12 MB | 2.6/3.8 MB[0m
2026.06.03 19:31:00 INFO  Progress (3): 6.1/6.3 MB | 3.5/12 MB | 2.6/3.8 MB[0m
2026.06.03 19:31:00 INFO  Progress (3): 6.1/6.3 MB | 3.5/12 MB | 2.6/3.8 MB[0m
2026.06.03 19:31:00 INFO  Progress (3): 6.1/6.3 MB | 3.5/12 MB | 2.6/3.8 MB[0m
2026.06.03 19:31:00 INFO  Progress (3): 6.2/6.3 MB | 3.5/12 MB | 2.6/3.8 MB[0m
2026.06.03 19:31:00 INFO  Progress (3): 6.2/6.3 MB | 3.5/12 MB | 2.6/3.8 MB[0m
2026.06.03 19:31:00 INFO  Progress (3): 6.2/6.3 MB | 3.5/12 MB | 2.6/3.8 MB[0m
2026.06.03 19:31:00 INFO  Progress (3): 6.2/6.3 MB | 3.5/12 MB | 2.6/3.8 MB[0m
2026.06.03 19:31:00 INFO  Progress (3): 6.2/6.3 MB | 3.5/12 MB | 2.6/3.8 MB[0m
2026.06.03 19:31:00 INFO  Progress (3): 6.2/6.3 MB | 3.5/12 MB | 2.6/3.8 MB[0m
2026.06.03 19:31:00 INFO  Progress (3): 6.2/6.3 MB | 3.5/12 MB | 2.6/3.8 MB[0m
2026.06.03 19:31:00 INFO  Progress (3): 6.2/6.3 MB | 3.6/12 MB | 2.6/3.8 MB[0m
2026.06.03 19:31:00 INFO  Progress (3): 6.3/6.3 MB | 3.6/12 MB | 2.6/3.8 MB[0m
2026.06.03 19:31:00 INFO  Progress (3): 6.3/6.3 MB | 3.6/12 MB | 2.6/3.8 MB[0m
2026.06.03 19:31:00 INFO  Progress (3): 6.3/6.3 MB | 3.6/12 MB | 2.6/3.8 MB[0m
2026.06.03 19:31:00 INFO  Progress (3): 6.3 MB | 3.6/12 MB | 2.6/3.8 MB    [0m
2026.06.03 19:31:00 INFO                                               [0m
2026.06.03 19:31:00 INFO  Downloaded from central: https://repo.maven.apache.org/maven2/com/github/luben/zstd-jni/1.5.2-5/zstd-jni-1.5.2-5.jar (6.3 MB at 324 kB/s)[0m
2026.06.03 19:31:00 INFO  Progress (2): 3.6/12 MB | 2.6/3.8 MB[0m
2026.06.03 19:31:00 INFO  Progress (2): 3.6/12 MB | 2.6/3.8 MB[0m
2026.06.03 19:31:00 INFO  Progress (2): 3.6/12 MB | 2.6/3.8 MB[0m
2026.06.03 19:31:00 INFO  Progress (2): 3.6/12 MB | 2.6/3.8 MB[0m
2026.06.03 19:31:00 INFO  Progress (2): 3.6/12 MB | 2.6/3.8 MB[0m
2026.06.03 19:31:00 INFO  Progress (2): 3.6/12 MB | 2.6/3.8 MB[0m
2026.06.03 19:31:00 INFO  Progress (2): 3.6/12 MB | 2.6/3.8 MB[0m
2026.06.03 19:31:02 INFO  Progress (2): 3.6/12 MB | 2.6/3.8 MB[0m
2026.06.03 19:31:02 INFO  Progress (2): 3.6/12 MB | 2.7/3.8 MB[0m
2026.06.03 19:31:02 INFO  Progress (2): 3.6/12 MB | 2.7/3.8 MB[0m
2026.06.03 19:31:02 INFO  Progress (2): 3.6/12 MB | 2.7/3.8 MB[0m
2026.06.03 19:31:02 INFO  Progress (2): 3.7/12 MB | 2.7/3.8 MB[0m
2026.06.03 19:31:02 INFO  Progress (2): 3.7/12 MB | 2.7/3.8 MB[0m
2026.06.03 19:31:02 INFO  Progress (2): 3.7/12 MB | 2.7/3.8 MB[0m
2026.06.03 19:31:02 INFO  Progress (2): 3.7/12 MB | 2.7/3.8 MB[0m
2026.06.03 19:31:02 INFO  Progress (2): 3.7/12 MB | 2.7/3.8 MB[0m
2026.06.03 19:31:02 INFO  Progress (2): 3.7/12 MB | 2.7/3.8 MB[0m
2026.06.03 19:31:02 INFO  Progress (2): 3.7/12 MB | 2.7/3.8 MB[0m
2026.06.03 19:31:02 INFO  Progress (2): 3.7/12 MB | 2.7/3.8 MB[0m
2026.06.03 19:31:02 INFO  Progress (2): 3.7/12 MB | 2.7/3.8 MB[0m
2026.06.03 19:31:02 INFO  Progress (2): 3.7/12 MB | 2.7/3.8 MB[0m
2026.06.03 19:31:02 INFO  Progress (2): 3.7/12 MB | 2.7/3.8 MB[0m
2026.06.03 19:31:02 INFO  Progress (2): 3.7/12 MB | 2.8/3.8 MB[0m
2026.06.03 19:31:02 INFO  Progress (2): 3.8/12 MB | 2.8/3.8 MB[0m
2026.06.03 19:31:02 INFO  Progress (2): 3.8/12 MB | 2.8/3.8 MB[0m
2026.06.03 19:31:02 INFO  Progress (2): 3.8/12 MB | 2.8/3.8 MB[0m
2026.06.03 19:31:02 INFO  Progress (2): 3.8/12 MB | 2.8/3.8 MB[0m
2026.06.03 19:31:02 INFO  Progress (2): 3.8/12 MB | 2.8/3.8 MB[0m
2026.06.03 19:31:02 INFO  Progress (2): 3.8/12 MB | 2.8/3.8 MB[0m
2026.06.03 19:31:02 INFO  Progress (2): 3.8/12 MB | 2.8/3.8 MB[0m
2026.06.03 19:31:02 INFO  Progress (2): 3.8/12 MB | 2.8/3.8 MB[0m
2026.06.03 19:31:03 INFO  Progress (2): 3.8/12 MB | 2.8/3.8 MB[0m
2026.06.03 19:31:03 INFO  Progress (2): 3.8/12 MB | 2.8/3.8 MB[0m
2026.06.03 19:31:03 INFO  Progress (2): 3.8/12 MB | 2.8/3.8 MB[0m
2026.06.03 19:31:03 INFO  Progress (2): 3.8/12 MB | 2.8/3.8 MB[0m
2026.06.03 19:31:03 INFO  Progress (2): 3.8/12 MB | 2.9/3.8 MB[0m
2026.06.03 19:31:03 INFO  Progress (2): 3.8/12 MB | 2.9/3.8 MB[0m
2026.06.03 19:31:03 INFO  Progress (2): 3.9/12 MB | 2.9/3.8 MB[0m
2026.06.03 19:31:03 INFO  Progress (2): 3.9/12 MB | 2.9/3.8 MB[0m
2026.06.03 19:31:03 INFO  Progress (2): 3.9/12 MB | 2.9/3.8 MB[0m
2026.06.03 19:31:03 INFO  Progress (2): 3.9/12 MB | 2.9/3.8 MB[0m
2026.06.03 19:31:03 INFO  Progress (2): 3.9/12 MB | 2.9/3.8 MB[0m
2026.06.03 19:31:03 INFO  Progress (2): 3.9/12 MB | 2.9/3.8 MB[0m
2026.06.03 19:31:03 INFO  Progress (2): 3.9/12 MB | 2.9/3.8 MB[0m
2026.06.03 19:31:03 INFO  Progress (2): 3.9/12 MB | 3.0/3.8 MB[0m
2026.06.03 19:31:03 INFO  Progress (2): 3.9/12 MB | 3.0/3.8 MB[0m
2026.06.03 19:31:03 INFO  Progress (2): 3.9/12 MB | 3.0/3.8 MB[0m
2026.06.03 19:31:03 INFO  Progress (2): 3.9/12 MB | 3.0/3.8 MB[0m
2026.06.03 19:31:03 INFO  Progress (2): 3.9/12 MB | 3.0/3.8 MB[0m
2026.06.03 19:31:03 INFO  Progress (2): 3.9/12 MB | 3.0/3.8 MB[0m
2026.06.03 19:31:03 INFO  Progress (2): 3.9/12 MB | 3.0/3.8 MB[0m
2026.06.03 19:31:03 INFO  Progress (2): 3.9/12 MB | 3.0/3.8 MB[0m
2026.06.03 19:31:03 INFO  Progress (2): 4.0/12 MB | 3.0/3.8 MB[0m
2026.06.03 19:31:03 INFO  Progress (2): 4.0/12 MB | 3.0/3.8 MB[0m
2026.06.03 19:31:03 INFO  Progress (2): 4.0/12 MB | 3.0/3.8 MB[0m
2026.06.03 19:31:03 INFO  Progress (2): 4.0/12 MB | 3.1/3.8 MB[0m
2026.06.03 19:31:03 INFO  Progress (2): 4.0/12 MB | 3.1/3.8 MB[0m
2026.06.03 19:31:03 INFO  Progress (2): 4.0/12 MB | 3.1/3.8 MB[0m
2026.06.03 19:31:03 INFO  Progress (2): 4.0/12 MB | 3.1/3.8 MB[0m
2026.06.03 19:31:03 INFO  Progress (2): 4.0/12 MB | 3.1/3.8 MB[0m
2026.06.03 19:31:03 INFO  Progress (2): 4.0/12 MB | 3.1/3.8 MB[0m
2026.06.03 19:31:03 INFO  Progress (2): 4.0/12 MB | 3.1/3.8 MB[0m
2026.06.03 19:31:03 INFO  Progress (2): 4.0/12 MB | 3.1/3.8 MB[0m
2026.06.03 19:31:03 INFO  Progress (2): 4.0/12 MB | 3.1/3.8 MB[0m
2026.06.03 19:31:03 INFO  Progress (2): 4.0/12 MB | 3.1/3.8 MB[0m
2026.06.03 19:31:03 INFO  Progress (2): 4.1/12 MB | 3.1/3.8 MB[0m
2026.06.03 19:31:03 INFO  Progress (2): 4.1/12 MB | 3.2/3.8 MB[0m
2026.06.03 19:31:03 INFO  Progress (2): 4.1/12 MB | 3.2/3.8 MB[0m
2026.06.03 19:31:04 INFO  Progress (2): 4.1/12 MB | 3.2/3.8 MB[0m
2026.06.03 19:31:04 INFO  Progress (2): 4.1/12 MB | 3.2/3.8 MB[0m
2026.06.03 19:31:04 INFO  Progress (2): 4.1/12 MB | 3.2/3.8 MB[0m
2026.06.03 19:31:04 INFO  Progress (2): 4.1/12 MB | 3.2/3.8 MB[0m
2026.06.03 19:31:04 INFO  Progress (2): 4.1/12 MB | 3.2/3.8 MB[0m
2026.06.03 19:31:04 INFO  Progress (2): 4.1/12 MB | 3.2/3.8 MB[0m
2026.06.03 19:31:04 INFO  Progress (2): 4.1/12 MB | 3.2/3.8 MB[0m
2026.06.03 19:31:04 INFO  Progress (2): 4.1/12 MB | 3.2/3.8 MB[0m
2026.06.03 19:31:04 INFO  Progress (2): 4.1/12 MB | 3.3/3.8 MB[0m
2026.06.03 19:31:04 INFO  Progress (2): 4.1/12 MB | 3.3/3.8 MB[0m
2026.06.03 19:31:04 INFO  Progress (2): 4.1/12 MB | 3.3/3.8 MB[0m
2026.06.03 19:31:04 INFO  Progress (2): 4.1/12 MB | 3.3/3.8 MB[0m
2026.06.03 19:31:04 INFO  Progress (2): 4.1/12 MB | 3.3/3.8 MB[0m
2026.06.03 19:31:04 INFO  Progress (2): 4.2/12 MB | 3.3/3.8 MB[0m
2026.06.03 19:31:04 INFO  Progress (2): 4.2/12 MB | 3.3/3.8 MB[0m
2026.06.03 19:31:04 INFO  Progress (2): 4.2/12 MB | 3.3/3.8 MB[0m
2026.06.03 19:31:04 INFO  Progress (2): 4.2/12 MB | 3.3/3.8 MB[0m
2026.06.03 19:31:04 INFO  Progress (2): 4.2/12 MB | 3.3/3.8 MB[0m
2026.06.03 19:31:04 INFO  Progress (2): 4.2/12 MB | 3.3/3.8 MB[0m
2026.06.03 19:31:04 INFO  Progress (2): 4.2/12 MB | 3.4/3.8 MB[0m
2026.06.03 19:31:04 INFO  Progress (2): 4.2/12 MB | 3.4/3.8 MB[0m
2026.06.03 19:31:04 INFO  Progress (2): 4.2/12 MB | 3.4/3.8 MB[0m
2026.06.03 19:31:04 INFO  Progress (2): 4.2/12 MB | 3.4/3.8 MB[0m
2026.06.03 19:31:04 INFO  Progress (2): 4.2/12 MB | 3.4/3.8 MB[0m
2026.06.03 19:31:04 INFO  Progress (2): 4.2/12 MB | 3.4/3.8 MB[0m
2026.06.03 19:31:04 INFO  Progress (2): 4.2/12 MB | 3.4/3.8 MB[0m
2026.06.03 19:31:04 INFO  Progress (2): 4.2/12 MB | 3.4/3.8 MB[0m
2026.06.03 19:31:04 INFO  Progress (2): 4.3/12 MB | 3.4/3.8 MB[0m
2026.06.03 19:31:04 INFO  Progress (2): 4.3/12 MB | 3.4/3.8 MB[0m
2026.06.03 19:31:04 INFO  Progress (2): 4.3/12 MB | 3.4/3.8 MB[0m
2026.06.03 19:31:04 INFO  Progress (2): 4.3/12 MB | 3.5/3.8 MB[0m
2026.06.03 19:31:04 INFO  Progress (2): 4.3/12 MB | 3.5/3.8 MB[0m
2026.06.03 19:31:04 INFO  Progress (2): 4.3/12 MB | 3.5/3.8 MB[0m
2026.06.03 19:31:04 INFO  Progress (2): 4.3/12 MB | 3.5/3.8 MB[0m
2026.06.03 19:31:04 INFO  Progress (2): 4.3/12 MB | 3.5/3.8 MB[0m
2026.06.03 19:31:04 INFO  Progress (2): 4.3/12 MB | 3.5/3.8 MB[0m
2026.06.03 19:31:04 INFO  Progress (2): 4.3/12 MB | 3.5/3.8 MB[0m
2026.06.03 19:31:04 INFO  Progress (2): 4.3/12 MB | 3.5/3.8 MB[0m
2026.06.03 19:31:04 INFO  Progress (2): 4.3/12 MB | 3.5/3.8 MB[0m
2026.06.03 19:31:04 INFO  Progress (2): 4.3/12 MB | 3.5/3.8 MB[0m
2026.06.03 19:31:04 INFO  Progress (2): 4.3/12 MB | 3.6/3.8 MB[0m
2026.06.03 19:31:04 INFO  Progress (2): 4.4/12 MB | 3.6/3.8 MB[0m
2026.06.03 19:31:04 INFO  Progress (2): 4.4/12 MB | 3.6/3.8 MB[0m
2026.06.03 19:31:04 INFO  Progress (2): 4.4/12 MB | 3.6/3.8 MB[0m
2026.06.03 19:31:04 INFO  Progress (2): 4.4/12 MB | 3.6/3.8 MB[0m
2026.06.03 19:31:04 INFO  Progress (2): 4.4/12 MB | 3.6/3.8 MB[0m
2026.06.03 19:31:04 INFO  Progress (2): 4.4/12 MB | 3.6/3.8 MB[0m
2026.06.03 19:31:04 INFO  Progress (2): 4.4/12 MB | 3.6/3.8 MB[0m
2026.06.03 19:31:04 INFO  Progress (2): 4.4/12 MB | 3.6/3.8 MB[0m
2026.06.03 19:31:04 INFO  Progress (2): 4.4/12 MB | 3.6/3.8 MB[0m
2026.06.03 19:31:04 INFO  Progress (2): 4.4/12 MB | 3.6/3.8 MB[0m
2026.06.03 19:31:04 INFO  Progress (2): 4.4/12 MB | 3.6/3.8 MB[0m
2026.06.03 19:31:04 INFO  Progress (2): 4.4/12 MB | 3.7/3.8 MB[0m
2026.06.03 19:31:04 INFO  Progress (2): 4.4/12 MB | 3.7/3.8 MB[0m
2026.06.03 19:31:04 INFO  Progress (2): 4.4/12 MB | 3.7/3.8 MB[0m
2026.06.03 19:31:04 INFO  Progress (2): 4.5/12 MB | 3.7/3.8 MB[0m
2026.06.03 19:31:04 INFO  Progress (2): 4.5/12 MB | 3.7/3.8 MB[0m
2026.06.03 19:31:04 INFO  Progress (2): 4.5/12 MB | 3.7/3.8 MB[0m
2026.06.03 19:31:04 INFO  Progress (2): 4.5/12 MB | 3.7/3.8 MB[0m
2026.06.03 19:31:04 INFO  Progress (2): 4.5/12 MB | 3.7/3.8 MB[0m
2026.06.03 19:31:04 INFO  Progress (2): 4.5/12 MB | 3.7/3.8 MB[0m
2026.06.03 19:31:04 INFO  Progress (2): 4.5/12 MB | 3.7/3.8 MB[0m
2026.06.03 19:31:04 INFO  Progress (2): 4.5/12 MB | 3.7/3.8 MB[0m
2026.06.03 19:31:04 INFO  Progress (2): 4.5/12 MB | 3.8/3.8 MB[0m
2026.06.03 19:31:04 INFO  Progress (2): 4.5/12 MB | 3.8 MB    [0m
2026.06.03 19:31:04 INFO                                  [0m
2026.06.03 19:31:04 INFO  Downloaded from central: https://repo.maven.apache.org/maven2/org/scala-lang/scala-reflect/2.13.8/scala-reflect-2.13.8.jar (3.8 MB at 165 kB/s)[0m
2026.06.03 19:31:04 INFO  Progress (1): 4.5/12 MB[0m
2026.06.03 19:31:04 INFO  Progress (1): 4.5/12 MB[0m
2026.06.03 19:31:04 INFO  Progress (1): 4.6/12 MB[0m
2026.06.03 19:31:04 INFO  Progress (1): 4.6/12 MB[0m
2026.06.03 19:31:04 INFO  Progress (1): 4.6/12 MB[0m
2026.06.03 19:31:04 INFO  Progress (1): 4.6/12 MB[0m
2026.06.03 19:31:04 INFO  Progress (1): 4.6/12 MB[0m
2026.06.03 19:31:04 INFO  Progress (1): 4.6/12 MB[0m
2026.06.03 19:31:04 INFO  Progress (1): 4.7/12 MB[0m
2026.06.03 19:31:04 INFO  Progress (1): 4.7/12 MB[0m
2026.06.03 19:31:04 INFO  Progress (1): 4.7/12 MB[0m
2026.06.03 19:31:04 INFO  Progress (1): 4.7/12 MB[0m
2026.06.03 19:31:04 INFO  Progress (1): 4.7/12 MB[0m
2026.06.03 19:31:04 INFO  Progress (1): 4.7/12 MB[0m
2026.06.03 19:31:04 INFO  Progress (1): 4.8/12 MB[0m
2026.06.03 19:31:04 INFO  Progress (1): 4.8/12 MB[0m
2026.06.03 19:31:04 INFO  Progress (1): 4.8/12 MB[0m
2026.06.03 19:31:04 INFO  Progress (1): 4.8/12 MB[0m
2026.06.03 19:31:04 INFO  Progress (1): 4.8/12 MB[0m
2026.06.03 19:31:04 INFO  Progress (1): 4.8/12 MB[0m
2026.06.03 19:31:04 INFO  Progress (1): 4.9/12 MB[0m
2026.06.03 19:31:04 INFO  Progress (1): 4.9/12 MB[0m
2026.06.03 19:31:04 INFO  Progress (1): 4.9/12 MB[0m
2026.06.03 19:31:04 INFO  Progress (1): 4.9/12 MB[0m
2026.06.03 19:31:04 INFO  Progress (1): 4.9/12 MB[0m
2026.06.03 19:31:04 INFO  Progress (1): 4.9/12 MB[0m
2026.06.03 19:31:04 INFO  Progress (1): 5.0/12 MB[0m
2026.06.03 19:31:04 INFO  Progress (1): 5.0/12 MB[0m
2026.06.03 19:31:05 INFO  Progress (1): 5.0/12 MB[0m
2026.06.03 19:31:05 INFO  Progress (1): 5.0/12 MB[0m
2026.06.03 19:31:05 INFO  Progress (1): 5.0/12 MB[0m
2026.06.03 19:31:05 INFO  Progress (1): 5.0/12 MB[0m
2026.06.03 19:31:05 INFO  Progress (1): 5.1/12 MB[0m
2026.06.03 19:31:05 INFO  Progress (1): 5.1/12 MB[0m
2026.06.03 19:31:05 INFO  Progress (1): 5.1/12 MB[0m
2026.06.03 19:31:05 INFO  Progress (1): 5.1/12 MB[0m
2026.06.03 19:31:05 INFO  Progress (1): 5.1/12 MB[0m
2026.06.03 19:31:05 INFO  Progress (1): 5.1/12 MB[0m
2026.06.03 19:31:05 INFO  Progress (1): 5.1/12 MB[0m
2026.06.03 19:31:05 INFO  Progress (1): 5.2/12 MB[0m
2026.06.03 19:31:05 INFO  Progress (1): 5.2/12 MB[0m
2026.06.03 19:31:05 INFO  Progress (1): 5.2/12 MB[0m
2026.06.03 19:31:05 INFO  Progress (1): 5.2/12 MB[0m
2026.06.03 19:31:05 INFO  Progress (1): 5.2/12 MB[0m
2026.06.03 19:31:05 INFO  Progress (1): 5.2/12 MB[0m
2026.06.03 19:31:05 INFO  Progress (1): 5.3/12 MB[0m
2026.06.03 19:31:05 INFO  Progress (1): 5.3/12 MB[0m
2026.06.03 19:31:05 INFO  Progress (1): 5.3/12 MB[0m
2026.06.03 19:31:05 INFO  Progress (1): 5.3/12 MB[0m
2026.06.03 19:31:05 INFO  Progress (1): 5.3/12 MB[0m
2026.06.03 19:31:05 INFO  Progress (1): 5.3/12 MB[0m
2026.06.03 19:31:05 INFO  Progress (1): 5.4/12 MB[0m
2026.06.03 19:31:05 INFO  Progress (1): 5.4/12 MB[0m
2026.06.03 19:31:05 INFO  Progress (1): 5.4/12 MB[0m
2026.06.03 19:31:05 INFO  Progress (1): 5.4/12 MB[0m
2026.06.03 19:31:05 INFO  Progress (1): 5.4/12 MB[0m
2026.06.03 19:31:05 INFO  Progress (1): 5.4/12 MB[0m
2026.06.03 19:31:05 INFO  Progress (1): 5.5/12 MB[0m
2026.06.03 19:31:05 INFO  Progress (1): 5.5/12 MB[0m
2026.06.03 19:31:05 INFO  Progress (1): 5.5/12 MB[0m
2026.06.03 19:31:05 INFO  Progress (1): 5.5/12 MB[0m
2026.06.03 19:31:05 INFO  Progress (1): 5.5/12 MB[0m
2026.06.03 19:31:05 INFO  Progress (1): 5.5/12 MB[0m
2026.06.03 19:31:05 INFO  Progress (1): 5.6/12 MB[0m
2026.06.03 19:31:05 INFO  Progress (1): 5.6/12 MB[0m
2026.06.03 19:31:05 INFO  Progress (1): 5.6/12 MB[0m
2026.06.03 19:31:05 INFO  Progress (1): 5.6/12 MB[0m
2026.06.03 19:31:05 INFO  Progress (1): 5.6/12 MB[0m
2026.06.03 19:31:05 INFO  Progress (1): 5.6/12 MB[0m
2026.06.03 19:31:05 INFO  Progress (1): 5.7/12 MB[0m
2026.06.03 19:31:05 INFO  Progress (1): 5.7/12 MB[0m
2026.06.03 19:31:05 INFO  Progress (1): 5.7/12 MB[0m
2026.06.03 19:31:05 INFO  Progress (1): 5.7/12 MB[0m
2026.06.03 19:31:05 INFO  Progress (1): 5.7/12 MB[0m
2026.06.03 19:31:05 INFO  Progress (1): 5.7/12 MB[0m
2026.06.03 19:31:05 INFO  Progress (1): 5.8/12 MB[0m
2026.06.03 19:31:05 INFO  Progress (1): 5.8/12 MB[0m
2026.06.03 19:31:05 INFO  Progress (1): 5.8/12 MB[0m
2026.06.03 19:31:05 INFO  Progress (1): 5.8/12 MB[0m
2026.06.03 19:31:05 INFO  Progress (1): 5.8/12 MB[0m
2026.06.03 19:31:05 INFO  Progress (1): 5.8/12 MB[0m
2026.06.03 19:31:05 INFO  Progress (1): 5.9/12 MB[0m
2026.06.03 19:31:05 INFO  Progress (1): 5.9/12 MB[0m
2026.06.03 19:31:05 INFO  Progress (1): 5.9/12 MB[0m
2026.06.03 19:31:05 INFO  Progress (1): 5.9/12 MB[0m
2026.06.03 19:31:05 INFO  Progress (1): 5.9/12 MB[0m
2026.06.03 19:31:05 INFO  Progress (1): 5.9/12 MB[0m
2026.06.03 19:31:05 INFO  Progress (1): 6.0/12 MB[0m
2026.06.03 19:31:05 INFO  Progress (1): 6.0/12 MB[0m
2026.06.03 19:31:05 INFO  Progress (1): 6.0/12 MB[0m
2026.06.03 19:31:05 INFO  Progress (1): 6.0/12 MB[0m
2026.06.03 19:31:05 INFO  Progress (1): 6.0/12 MB[0m
2026.06.03 19:31:05 INFO  Progress (1): 6.0/12 MB[0m
2026.06.03 19:31:05 INFO  Progress (1): 6.0/12 MB[0m
2026.06.03 19:31:05 INFO  Progress (1): 6.1/12 MB[0m
2026.06.03 19:31:05 INFO  Progress (1): 6.1/12 MB[0m
2026.06.03 19:31:05 INFO  Progress (1): 6.1/12 MB[0m
2026.06.03 19:31:05 INFO  Progress (1): 6.1/12 MB[0m
2026.06.03 19:31:05 INFO  Progress (1): 6.1/12 MB[0m
2026.06.03 19:31:05 INFO  Progress (1): 6.1/12 MB[0m
2026.06.03 19:31:05 INFO  Progress (1): 6.1/12 MB[0m
2026.06.03 19:31:05 INFO  Progress (1): 6.1/12 MB[0m
2026.06.03 19:31:05 INFO  Progress (1): 6.2/12 MB[0m
2026.06.03 19:31:05 INFO  Progress (1): 6.2/12 MB[0m
2026.06.03 19:31:05 INFO  Progress (1): 6.2/12 MB[0m
2026.06.03 19:31:05 INFO  Progress (1): 6.2/12 MB[0m
2026.06.03 19:31:05 INFO  Progress (1): 6.2/12 MB[0m
2026.06.03 19:31:05 INFO  Progress (1): 6.2/12 MB[0m
2026.06.03 19:31:05 INFO  Progress (1): 6.3/12 MB[0m
2026.06.03 19:31:05 INFO  Progress (1): 6.3/12 MB[0m
2026.06.03 19:31:05 INFO  Progress (1): 6.3/12 MB[0m
2026.06.03 19:31:05 INFO  Progress (1): 6.3/12 MB[0m
2026.06.03 19:31:05 INFO  Progress (1): 6.3/12 MB[0m
2026.06.03 19:31:05 INFO  Progress (1): 6.3/12 MB[0m
2026.06.03 19:31:05 INFO  Progress (1): 6.4/12 MB[0m
2026.06.03 19:31:05 INFO  Progress (1): 6.4/12 MB[0m
2026.06.03 19:31:05 INFO  Progress (1): 6.4/12 MB[0m
2026.06.03 19:31:05 INFO  Progress (1): 6.4/12 MB[0m
2026.06.03 19:31:05 INFO  Progress (1): 6.4/12 MB[0m
2026.06.03 19:31:05 INFO  Progress (1): 6.4/12 MB[0m
2026.06.03 19:31:05 INFO  Progress (1): 6.5/12 MB[0m
2026.06.03 19:31:05 INFO  Progress (1): 6.5/12 MB[0m
2026.06.03 19:31:05 INFO  Progress (1): 6.5/12 MB[0m
2026.06.03 19:31:05 INFO  Progress (1): 6.5/12 MB[0m
2026.06.03 19:31:05 INFO  Progress (1): 6.5/12 MB[0m
2026.06.03 19:31:05 INFO  Progress (1): 6.5/12 MB[0m
2026.06.03 19:31:05 INFO  Progress (1): 6.6/12 MB[0m
2026.06.03 19:31:05 INFO  Progress (1): 6.6/12 MB[0m
2026.06.03 19:31:05 INFO  Progress (1): 6.6/12 MB[0m
2026.06.03 19:31:05 INFO  Progress (1): 6.6/12 MB[0m
2026.06.03 19:31:05 INFO  Progress (1): 6.6/12 MB[0m
2026.06.03 19:31:05 INFO  Progress (1): 6.6/12 MB[0m
2026.06.03 19:31:05 INFO  Progress (1): 6.6/12 MB[0m
2026.06.03 19:31:05 INFO  Progress (1): 6.7/12 MB[0m
2026.06.03 19:31:05 INFO  Progress (1): 6.7/12 MB[0m
2026.06.03 19:31:05 INFO  Progress (1): 6.7/12 MB[0m
2026.06.03 19:31:05 INFO  Progress (1): 6.7/12 MB[0m
2026.06.03 19:31:05 INFO  Progress (1): 6.7/12 MB[0m
2026.06.03 19:31:05 INFO  Progress (1): 6.7/12 MB[0m
2026.06.03 19:31:05 INFO  Progress (1): 6.8/12 MB[0m
2026.06.03 19:31:05 INFO  Progress (1): 6.8/12 MB[0m
2026.06.03 19:31:05 INFO  Progress (1): 6.8/12 MB[0m
2026.06.03 19:31:05 INFO  Progress (1): 6.8/12 MB[0m
2026.06.03 19:31:05 INFO  Progress (1): 6.8/12 MB[0m
2026.06.03 19:31:05 INFO  Progress (1): 6.8/12 MB[0m
2026.06.03 19:31:05 INFO  Progress (1): 6.9/12 MB[0m
2026.06.03 19:31:05 INFO  Progress (1): 6.9/12 MB[0m
2026.06.03 19:31:05 INFO  Progress (1): 6.9/12 MB[0m
2026.06.03 19:31:05 INFO  Progress (1): 6.9/12 MB[0m
2026.06.03 19:31:05 INFO  Progress (1): 6.9/12 MB[0m
2026.06.03 19:31:05 INFO  Progress (1): 6.9/12 MB[0m
2026.06.03 19:31:05 INFO  Progress (1): 7.0/12 MB[0m
2026.06.03 19:31:05 INFO  Progress (1): 7.0/12 MB[0m
2026.06.03 19:31:05 INFO  Progress (1): 7.0/12 MB[0m
2026.06.03 19:31:05 INFO  Progress (1): 7.0/12 MB[0m
2026.06.03 19:31:05 INFO  Progress (1): 7.0/12 MB[0m
2026.06.03 19:31:05 INFO  Progress (1): 7.0/12 MB[0m
2026.06.03 19:31:05 INFO  Progress (1): 7.1/12 MB[0m
2026.06.03 19:31:05 INFO  Progress (1): 7.1/12 MB[0m
2026.06.03 19:31:05 INFO  Progress (1): 7.1/12 MB[0m
2026.06.03 19:31:05 INFO  Progress (1): 7.1/12 MB[0m
2026.06.03 19:31:05 INFO  Progress (1): 7.1/12 MB[0m
2026.06.03 19:31:05 INFO  Progress (1): 7.1/12 MB[0m
2026.06.03 19:31:05 INFO  Progress (1): 7.2/12 MB[0m
2026.06.03 19:31:05 INFO  Progress (1): 7.2/12 MB[0m
2026.06.03 19:31:05 INFO  Progress (1): 7.2/12 MB[0m
2026.06.03 19:31:05 INFO  Progress (1): 7.2/12 MB[0m
2026.06.03 19:31:05 INFO  Progress (1): 7.2/12 MB[0m
2026.06.03 19:31:05 INFO  Progress (1): 7.2/12 MB[0m
2026.06.03 19:31:05 INFO  Progress (1): 7.3/12 MB[0m
2026.06.03 19:31:05 INFO  Progress (1): 7.3/12 MB[0m
2026.06.03 19:31:05 INFO  Progress (1): 7.3/12 MB[0m
2026.06.03 19:31:05 INFO  Progress (1): 7.3/12 MB[0m
2026.06.03 19:31:05 INFO  Progress (1): 7.3/12 MB[0m
2026.06.03 19:31:05 INFO  Progress (1): 7.3/12 MB[0m
2026.06.03 19:31:05 INFO  Progress (1): 7.4/12 MB[0m
2026.06.03 19:31:05 INFO  Progress (1): 7.4/12 MB[0m
2026.06.03 19:31:05 INFO  Progress (1): 7.4/12 MB[0m
2026.06.03 19:31:05 INFO  Progress (1): 7.4/12 MB[0m
2026.06.03 19:31:05 INFO  Progress (1): 7.4/12 MB[0m
2026.06.03 19:31:05 INFO  Progress (1): 7.4/12 MB[0m
2026.06.03 19:31:05 INFO  Progress (1): 7.5/12 MB[0m
2026.06.03 19:31:05 INFO  Progress (1): 7.5/12 MB[0m
2026.06.03 19:31:05 INFO  Progress (1): 7.5/12 MB[0m
2026.06.03 19:31:05 INFO  Progress (1): 7.5/12 MB[0m
2026.06.03 19:31:05 INFO  Progress (1): 7.5/12 MB[0m
2026.06.03 19:31:05 INFO  Progress (1): 7.5/12 MB[0m
2026.06.03 19:31:05 INFO  Progress (1): 7.6/12 MB[0m
2026.06.03 19:31:05 INFO  Progress (1): 7.6/12 MB[0m
2026.06.03 19:31:05 INFO  Progress (1): 7.6/12 MB[0m
2026.06.03 19:31:05 INFO  Progress (1): 7.6/12 MB[0m
2026.06.03 19:31:05 INFO  Progress (1): 7.6/12 MB[0m
2026.06.03 19:31:05 INFO  Progress (1): 7.6/12 MB[0m
2026.06.03 19:31:05 INFO  Progress (1): 7.6/12 MB[0m
2026.06.03 19:31:05 INFO  Progress (1): 7.7/12 MB[0m
2026.06.03 19:31:05 INFO  Progress (1): 7.7/12 MB[0m
2026.06.03 19:31:05 INFO  Progress (1): 7.7/12 MB[0m
2026.06.03 19:31:05 INFO  Progress (1): 7.7/12 MB[0m
2026.06.03 19:31:05 INFO  Progress (1): 7.7/12 MB[0m
2026.06.03 19:31:05 INFO  Progress (1): 7.7/12 MB[0m
2026.06.03 19:31:05 INFO  Progress (1): 7.8/12 MB[0m
2026.06.03 19:31:05 INFO  Progress (1): 7.8/12 MB[0m
2026.06.03 19:31:05 INFO  Progress (1): 7.8/12 MB[0m
2026.06.03 19:31:05 INFO  Progress (1): 7.8/12 MB[0m
2026.06.03 19:31:05 INFO  Progress (1): 7.8/12 MB[0m
2026.06.03 19:31:05 INFO  Progress (1): 7.8/12 MB[0m
2026.06.03 19:31:05 INFO  Progress (1): 7.9/12 MB[0m
2026.06.03 19:31:05 INFO  Progress (1): 7.9/12 MB[0m
2026.06.03 19:31:06 INFO  Progress (1): 7.9/12 MB[0m
2026.06.03 19:31:06 INFO  Progress (1): 7.9/12 MB[0m
2026.06.03 19:31:06 INFO  Progress (1): 7.9/12 MB[0m
2026.06.03 19:31:06 INFO  Progress (1): 7.9/12 MB[0m
2026.06.03 19:31:06 INFO  Progress (1): 8.0/12 MB[0m
2026.06.03 19:31:06 INFO  Progress (1): 8.0/12 MB[0m
2026.06.03 19:31:06 INFO  Progress (1): 8.0/12 MB[0m
2026.06.03 19:31:06 INFO  Progress (1): 8.0/12 MB[0m
2026.06.03 19:31:06 INFO  Progress (1): 8.0/12 MB[0m
2026.06.03 19:31:06 INFO  Progress (1): 8.0/12 MB[0m
2026.06.03 19:31:06 INFO  Progress (1): 8.1/12 MB[0m
2026.06.03 19:31:06 INFO  Progress (1): 8.1/12 MB[0m
2026.06.03 19:31:06 INFO  Progress (1): 8.1/12 MB[0m
2026.06.03 19:31:06 INFO  Progress (1): 8.1/12 MB[0m
2026.06.03 19:31:06 INFO  Progress (1): 8.1/12 MB[0m
2026.06.03 19:31:06 INFO  Progress (1): 8.1/12 MB[0m
2026.06.03 19:31:06 INFO  Progress (1): 8.2/12 MB[0m
2026.06.03 19:31:06 INFO  Progress (1): 8.2/12 MB[0m
2026.06.03 19:31:06 INFO  Progress (1): 8.2/12 MB[0m
2026.06.03 19:31:06 INFO  Progress (1): 8.2/12 MB[0m
2026.06.03 19:31:06 INFO  Progress (1): 8.2/12 MB[0m
2026.06.03 19:31:06 INFO  Progress (1): 8.2/12 MB[0m
2026.06.03 19:31:06 INFO  Progress (1): 8.3/12 MB[0m
2026.06.03 19:31:06 INFO  Progress (1): 8.3/12 MB[0m
2026.06.03 19:31:06 INFO  Progress (1): 8.3/12 MB[0m
2026.06.03 19:31:06 INFO  Progress (1): 8.3/12 MB[0m
2026.06.03 19:31:06 INFO  Progress (1): 8.3/12 MB[0m
2026.06.03 19:31:06 INFO  Progress (1): 8.3/12 MB[0m
2026.06.03 19:31:06 INFO  Progress (1): 8.4/12 MB[0m
2026.06.03 19:31:06 INFO  Progress (1): 8.4/12 MB[0m
2026.06.03 19:31:06 INFO  Progress (1): 8.4/12 MB[0m
2026.06.03 19:31:06 INFO  Progress (1): 8.4/12 MB[0m
2026.06.03 19:31:06 INFO  Progress (1): 8.4/12 MB[0m
2026.06.03 19:31:06 INFO  Progress (1): 8.4/12 MB[0m
2026.06.03 19:31:06 INFO  Progress (1): 8.5/12 MB[0m
2026.06.03 19:31:06 INFO  Progress (1): 8.5/12 MB[0m
2026.06.03 19:31:06 INFO  Progress (1): 8.5/12 MB[0m
2026.06.03 19:31:06 INFO  Progress (1): 8.5/12 MB[0m
2026.06.03 19:31:06 INFO  Progress (1): 8.5/12 MB[0m
2026.06.03 19:31:06 INFO  Progress (1): 8.5/12 MB[0m
2026.06.03 19:31:06 INFO  Progress (1): 8.6/12 MB[0m
2026.06.03 19:31:06 INFO  Progress (1): 8.6/12 MB[0m
2026.06.03 19:31:06 INFO  Progress (1): 8.6/12 MB[0m
2026.06.03 19:31:06 INFO  Progress (1): 8.6/12 MB[0m
2026.06.03 19:31:06 INFO  Progress (1): 8.6/12 MB[0m
2026.06.03 19:31:06 INFO  Progress (1): 8.6/12 MB[0m
2026.06.03 19:31:06 INFO  Progress (1): 8.6/12 MB[0m
2026.06.03 19:31:06 INFO  Progress (1): 8.7/12 MB[0m
2026.06.03 19:31:06 INFO  Progress (1): 8.7/12 MB[0m
2026.06.03 19:31:06 INFO  Progress (1): 8.7/12 MB[0m
2026.06.03 19:31:06 INFO  Progress (1): 8.7/12 MB[0m
2026.06.03 19:31:06 INFO  Progress (1): 8.7/12 MB[0m
2026.06.03 19:31:06 INFO  Progress (1): 8.7/12 MB[0m
2026.06.03 19:31:06 INFO  Progress (1): 8.8/12 MB[0m
2026.06.03 19:31:06 INFO  Progress (1): 8.8/12 MB[0m
2026.06.03 19:31:06 INFO  Progress (1): 8.8/12 MB[0m
2026.06.03 19:31:06 INFO  Progress (1): 8.8/12 MB[0m
2026.06.03 19:31:06 INFO  Progress (1): 8.8/12 MB[0m
2026.06.03 19:31:06 INFO  Progress (1): 8.8/12 MB[0m
2026.06.03 19:31:06 INFO  Progress (1): 8.9/12 MB[0m
2026.06.03 19:31:06 INFO  Progress (1): 8.9/12 MB[0m
2026.06.03 19:31:06 INFO  Progress (1): 8.9/12 MB[0m
2026.06.03 19:31:06 INFO  Progress (1): 8.9/12 MB[0m
2026.06.03 19:31:06 INFO  Progress (1): 8.9/12 MB[0m
2026.06.03 19:31:06 INFO  Progress (1): 8.9/12 MB[0m
2026.06.03 19:31:06 INFO  Progress (1): 9.0/12 MB[0m
2026.06.03 19:31:06 INFO  Progress (1): 9.0/12 MB[0m
2026.06.03 19:31:06 INFO  Progress (1): 9.0/12 MB[0m
2026.06.03 19:31:06 INFO  Progress (1): 9.0/12 MB[0m
2026.06.03 19:31:06 INFO  Progress (1): 9.0/12 MB[0m
2026.06.03 19:31:06 INFO  Progress (1): 9.0/12 MB[0m
2026.06.03 19:31:06 INFO  Progress (1): 9.1/12 MB[0m
2026.06.03 19:31:06 INFO  Progress (1): 9.1/12 MB[0m
2026.06.03 19:31:06 INFO  Progress (1): 9.1/12 MB[0m
2026.06.03 19:31:06 INFO  Progress (1): 9.1/12 MB[0m
2026.06.03 19:31:06 INFO  Progress (1): 9.1/12 MB[0m
2026.06.03 19:31:06 INFO  Progress (1): 9.1/12 MB[0m
2026.06.03 19:31:06 INFO  Progress (1): 9.2/12 MB[0m
2026.06.03 19:31:06 INFO  Progress (1): 9.2/12 MB[0m
2026.06.03 19:31:06 INFO  Progress (1): 9.2/12 MB[0m
2026.06.03 19:31:06 INFO  Progress (1): 9.2/12 MB[0m
2026.06.03 19:31:06 INFO  Progress (1): 9.2/12 MB[0m
2026.06.03 19:31:06 INFO  Progress (1): 9.2/12 MB[0m
2026.06.03 19:31:06 INFO  Progress (1): 9.3/12 MB[0m
2026.06.03 19:31:06 INFO  Progress (1): 9.3/12 MB[0m
2026.06.03 19:31:06 INFO  Progress (1): 9.3/12 MB[0m
2026.06.03 19:31:06 INFO  Progress (1): 9.3/12 MB[0m
2026.06.03 19:31:06 INFO  Progress (1): 9.3/12 MB[0m
2026.06.03 19:31:06 INFO  Progress (1): 9.3/12 MB[0m
2026.06.03 19:31:06 INFO  Progress (1): 9.4/12 MB[0m
2026.06.03 19:31:06 INFO  Progress (1): 9.4/12 MB[0m
2026.06.03 19:31:06 INFO  Progress (1): 9.4/12 MB[0m
2026.06.03 19:31:06 INFO  Progress (1): 9.4/12 MB[0m
2026.06.03 19:31:06 INFO  Progress (1): 9.4/12 MB[0m
2026.06.03 19:31:06 INFO  Progress (1): 9.4/12 MB[0m
2026.06.03 19:31:06 INFO  Progress (1): 9.5/12 MB[0m
2026.06.03 19:31:06 INFO  Progress (1): 9.5/12 MB[0m
2026.06.03 19:31:06 INFO  Progress (1): 9.5/12 MB[0m
2026.06.03 19:31:06 INFO  Progress (1): 9.5/12 MB[0m
2026.06.03 19:31:06 INFO  Progress (1): 9.5/12 MB[0m
2026.06.03 19:31:06 INFO  Progress (1): 9.5/12 MB[0m
2026.06.03 19:31:06 INFO  Progress (1): 9.5/12 MB[0m
2026.06.03 19:31:06 INFO  Progress (1): 9.6/12 MB[0m
2026.06.03 19:31:06 INFO  Progress (1): 9.6/12 MB[0m
2026.06.03 19:31:06 INFO  Progress (1): 9.6/12 MB[0m
2026.06.03 19:31:06 INFO  Progress (1): 9.6/12 MB[0m
2026.06.03 19:31:06 INFO  Progress (1): 9.6/12 MB[0m
2026.06.03 19:31:06 INFO  Progress (1): 9.6/12 MB[0m
2026.06.03 19:31:06 INFO  Progress (1): 9.7/12 MB[0m
2026.06.03 19:31:06 INFO  Progress (1): 9.7/12 MB[0m
2026.06.03 19:31:06 INFO  Progress (1): 9.7/12 MB[0m
2026.06.03 19:31:06 INFO  Progress (1): 9.7/12 MB[0m
2026.06.03 19:31:06 INFO  Progress (1): 9.7/12 MB[0m
2026.06.03 19:31:06 INFO  Progress (1): 9.7/12 MB[0m
2026.06.03 19:31:07 INFO  Progress (1): 9.8/12 MB[0m
2026.06.03 19:31:07 INFO  Progress (1): 9.8/12 MB[0m
2026.06.03 19:31:07 INFO  Progress (1): 9.8/12 MB[0m
2026.06.03 19:31:07 INFO  Progress (1): 9.8/12 MB[0m
2026.06.03 19:31:07 INFO  Progress (1): 9.8/12 MB[0m
2026.06.03 19:31:07 INFO  Progress (1): 9.8/12 MB[0m
2026.06.03 19:31:07 INFO  Progress (1): 9.9/12 MB[0m
2026.06.03 19:31:07 INFO  Progress (1): 9.9/12 MB[0m
2026.06.03 19:31:07 INFO  Progress (1): 9.9/12 MB[0m
2026.06.03 19:31:07 INFO  Progress (1): 9.9/12 MB[0m
2026.06.03 19:31:07 INFO  Progress (1): 9.9/12 MB[0m
2026.06.03 19:31:07 INFO  Progress (1): 9.9/12 MB[0m
2026.06.03 19:31:07 INFO  Progress (1): 10.0/12 MB[0m
2026.06.03 19:31:07 INFO  Progress (1): 10.0/12 MB[0m
2026.06.03 19:31:07 INFO  Progress (1): 10.0/12 MB[0m
2026.06.03 19:31:07 INFO  Progress (1): 10/12 MB  [0m
2026.06.03 19:31:07 INFO  Progress (1): 10/12 MB[0m
2026.06.03 19:31:07 INFO  Progress (1): 10/12 MB[0m
2026.06.03 19:31:07 INFO  Progress (1): 10/12 MB[0m
2026.06.03 19:31:07 INFO  Progress (1): 10/12 MB[0m
2026.06.03 19:31:07 INFO  Progress (1): 10/12 MB[0m
2026.06.03 19:31:07 INFO  Progress (1): 10/12 MB[0m
2026.06.03 19:31:07 INFO  Progress (1): 10/12 MB[0m
2026.06.03 19:31:07 INFO  Progress (1): 10/12 MB[0m
2026.06.03 19:31:07 INFO  Progress (1): 10/12 MB[0m
2026.06.03 19:31:07 INFO  Progress (1): 10/12 MB[0m
2026.06.03 19:31:07 INFO  Progress (1): 10/12 MB[0m
2026.06.03 19:31:07 INFO  Progress (1): 10/12 MB[0m
2026.06.03 19:31:07 INFO  Progress (1): 10/12 MB[0m
2026.06.03 19:31:07 INFO  Progress (1): 10/12 MB[0m
2026.06.03 19:31:07 INFO  Progress (1): 10/12 MB[0m
2026.06.03 19:31:07 INFO  Progress (1): 10/12 MB[0m
2026.06.03 19:31:07 INFO  Progress (1): 10/12 MB[0m
2026.06.03 19:31:07 INFO  Progress (1): 10/12 MB[0m
2026.06.03 19:31:07 INFO  Progress (1): 10/12 MB[0m
2026.06.03 19:31:07 INFO  Progress (1): 10/12 MB[0m
2026.06.03 19:31:07 INFO  Progress (1): 10/12 MB[0m
2026.06.03 19:31:07 INFO  Progress (1): 10/12 MB[0m
2026.06.03 19:31:07 INFO  Progress (1): 10/12 MB[0m
2026.06.03 19:31:07 INFO  Progress (1): 10/12 MB[0m
2026.06.03 19:31:07 INFO  Progress (1): 10/12 MB[0m
2026.06.03 19:31:07 INFO  Progress (1): 10/12 MB[0m
2026.06.03 19:31:07 INFO  Progress (1): 10/12 MB[0m
2026.06.03 19:31:07 INFO  Progress (1): 10/12 MB[0m
2026.06.03 19:31:07 INFO  Progress (1): 10/12 MB[0m
2026.06.03 19:31:07 INFO  Progress (1): 11/12 MB[0m
2026.06.03 19:31:07 INFO  Progress (1): 11/12 MB[0m
2026.06.03 19:31:07 INFO  Progress (1): 11/12 MB[0m
2026.06.03 19:31:07 INFO  Progress (1): 11/12 MB[0m
2026.06.03 19:31:07 INFO  Progress (1): 11/12 MB[0m
2026.06.03 19:31:07 INFO  Progress (1): 11/12 MB[0m
2026.06.03 19:31:07 INFO  Progress (1): 11/12 MB[0m
2026.06.03 19:31:07 INFO  Progress (1): 11/12 MB[0m
2026.06.03 19:31:07 INFO  Progress (1): 11/12 MB[0m
2026.06.03 19:31:07 INFO  Progress (1): 11/12 MB[0m
2026.06.03 19:31:07 INFO  Progress (1): 11/12 MB[0m
2026.06.03 19:31:07 INFO  Progress (1): 11/12 MB[0m
2026.06.03 19:31:07 INFO  Progress (1): 11/12 MB[0m
2026.06.03 19:31:07 INFO  Progress (1): 11/12 MB[0m
2026.06.03 19:31:07 INFO  Progress (1): 11/12 MB[0m
2026.06.03 19:31:07 INFO  Progress (1): 11/12 MB[0m
2026.06.03 19:31:07 INFO  Progress (1): 11/12 MB[0m
2026.06.03 19:31:07 INFO  Progress (1): 11/12 MB[0m
2026.06.03 19:31:07 INFO  Progress (1): 11/12 MB[0m
2026.06.03 19:31:07 INFO  Progress (1): 11/12 MB[0m
2026.06.03 19:31:07 INFO  Progress (1): 11/12 MB[0m
2026.06.03 19:31:07 INFO  Progress (1): 11/12 MB[0m
2026.06.03 19:31:07 INFO  Progress (1): 11/12 MB[0m
2026.06.03 19:31:07 INFO  Progress (1): 11/12 MB[0m
2026.06.03 19:31:07 INFO  Progress (1): 11/12 MB[0m
2026.06.03 19:31:07 INFO  Progress (1): 11/12 MB[0m
2026.06.03 19:31:07 INFO  Progress (1): 11/12 MB[0m
2026.06.03 19:31:07 INFO  Progress (1): 11/12 MB[0m
2026.06.03 19:31:07 INFO  Progress (1): 11/12 MB[0m
2026.06.03 19:31:07 INFO  Progress (1): 11/12 MB[0m
2026.06.03 19:31:07 INFO  Progress (1): 11/12 MB[0m
2026.06.03 19:31:07 INFO  Progress (1): 11/12 MB[0m
2026.06.03 19:31:07 INFO  Progress (1): 11/12 MB[0m
2026.06.03 19:31:07 INFO  Progress (1): 11/12 MB[0m
2026.06.03 19:31:07 INFO  Progress (1): 11/12 MB[0m
2026.06.03 19:31:07 INFO  Progress (1): 11/12 MB[0m
2026.06.03 19:31:07 INFO  Progress (1): 11/12 MB[0m
2026.06.03 19:31:07 INFO  Progress (1): 11/12 MB[0m
2026.06.03 19:31:07 INFO  Progress (1): 11/12 MB[0m
2026.06.03 19:31:07 INFO  Progress (1): 11/12 MB[0m
2026.06.03 19:31:07 INFO  Progress (1): 11/12 MB[0m
2026.06.03 19:31:07 INFO  Progress (1): 11/12 MB[0m
2026.06.03 19:31:07 INFO  Progress (1): 11/12 MB[0m
2026.06.03 19:31:07 INFO  Progress (1): 11/12 MB[0m
2026.06.03 19:31:07 INFO  Progress (1): 11/12 MB[0m
2026.06.03 19:31:07 INFO  Progress (1): 11/12 MB[0m
2026.06.03 19:31:07 INFO  Progress (1): 11/12 MB[0m
2026.06.03 19:31:07 INFO  Progress (1): 11/12 MB[0m
2026.06.03 19:31:07 INFO  Progress (1): 11/12 MB[0m
2026.06.03 19:31:07 INFO  Progress (1): 11/12 MB[0m
2026.06.03 19:31:07 INFO  Progress (1): 11/12 MB[0m
2026.06.03 19:31:07 INFO  Progress (1): 11/12 MB[0m
2026.06.03 19:31:07 INFO  Progress (1): 11/12 MB[0m
2026.06.03 19:31:07 INFO  Progress (1): 11/12 MB[0m
2026.06.03 19:31:07 INFO  Progress (1): 11/12 MB[0m
2026.06.03 19:31:07 INFO  Progress (1): 11/12 MB[0m
2026.06.03 19:31:07 INFO  Progress (1): 11/12 MB[0m
2026.06.03 19:31:07 INFO  Progress (1): 11/12 MB[0m
2026.06.03 19:31:07 INFO  Progress (1): 11/12 MB[0m
2026.06.03 19:31:07 INFO  Progress (1): 11/12 MB[0m
2026.06.03 19:31:07 INFO  Progress (1): 11/12 MB[0m
2026.06.03 19:31:07 INFO  Progress (1): 11/12 MB[0m
2026.06.03 19:31:07 INFO  Progress (1): 12/12 MB[0m
2026.06.03 19:31:07 INFO  Progress (1): 12/12 MB[0m
2026.06.03 19:31:07 INFO  Progress (1): 12/12 MB[0m
2026.06.03 19:31:07 INFO  Progress (1): 12/12 MB[0m
2026.06.03 19:31:07 INFO  Progress (1): 12/12 MB[0m
2026.06.03 19:31:07 INFO  Progress (1): 12/12 MB[0m
2026.06.03 19:31:07 INFO  Progress (1): 12/12 MB[0m
2026.06.03 19:31:07 INFO  Progress (1): 12/12 MB[0m
2026.06.03 19:31:07 INFO  Progress (1): 12/12 MB[0m
2026.06.03 19:31:07 INFO  Progress (1): 12/12 MB[0m
2026.06.03 19:31:07 INFO  Progress (1): 12/12 MB[0m
2026.06.03 19:31:07 INFO  Progress (1): 12/12 MB[0m
2026.06.03 19:31:07 INFO  Progress (1): 12/12 MB[0m
2026.06.03 19:31:07 INFO  Progress (1): 12/12 MB[0m
2026.06.03 19:31:07 INFO  Progress (1): 12/12 MB[0m
2026.06.03 19:31:07 INFO  Progress (1): 12/12 MB[0m
2026.06.03 19:31:07 INFO  Progress (1): 12/12 MB[0m
2026.06.03 19:31:07 INFO  Progress (1): 12/12 MB[0m
2026.06.03 19:31:07 INFO  Progress (1): 12/12 MB[0m
2026.06.03 19:31:07 INFO  Progress (1): 12/12 MB[0m
2026.06.03 19:31:07 INFO  Progress (1): 12/12 MB[0m
2026.06.03 19:31:07 INFO  Progress (1): 12/12 MB[0m
2026.06.03 19:31:07 INFO  Progress (1): 12/12 MB[0m
2026.06.03 19:31:07 INFO  Progress (1): 12/12 MB[0m
2026.06.03 19:31:07 INFO  Progress (1): 12/12 MB[0m
2026.06.03 19:31:07 INFO  Progress (1): 12/12 MB[0m
2026.06.03 19:31:07 INFO  Progress (1): 12/12 MB[0m
2026.06.03 19:31:07 INFO  Progress (1): 12/12 MB[0m
2026.06.03 19:31:07 INFO  Progress (1): 12/12 MB[0m
2026.06.03 19:31:07 INFO  Progress (1): 12/12 MB[0m
2026.06.03 19:31:07 INFO  Progress (1): 12/12 MB[0m
2026.06.03 19:31:07 INFO  Progress (1): 12/12 MB[0m
2026.06.03 19:31:07 INFO  Progress (1): 12/12 MB[0m
2026.06.03 19:31:07 INFO  Progress (1): 12/12 MB[0m
2026.06.03 19:31:07 INFO  Progress (1): 12/12 MB[0m
2026.06.03 19:31:07 INFO  Progress (1): 12/12 MB[0m
2026.06.03 19:31:07 INFO  Progress (1): 12 MB   [0m
2026.06.03 19:31:07 INFO                     [0m
2026.06.03 19:31:07 INFO  Downloaded from central: https://repo.maven.apache.org/maven2/org/scala-lang/scala-compiler/2.13.8/scala-compiler-2.13.8.jar (12 MB at 467 kB/s)[0m
2026.06.03 19:31:09 INFO  [ERROR] org.scala-lang:scala([0-9]?)-library is missing from project dependencies[0m
2026.06.03 19:31:09 INFO  [ERROR] org.scala-lang:scala([0-9]?)-library is missing from project dependencies[0m
2026.06.03 19:31:09 INFO  [INFO] Resolving artifact: org.springframework.boot:spring-boot-devtools:jar:3.2.5:runtime (sources = false)[0m
2026.06.03 19:31:09 INFO  [INFO] SUCCESS: org.springframework.boot:spring-boot-devtools:jar:3.2.5:runtime (sources = false)[0m
2026.06.03 19:31:09 INFO  [INFO] Resolving artifact: org.springframework.boot:spring-boot-devtools:jar:3.2.5:runtime (sources = true)[0m
2026.06.03 19:31:09 INFO  Downloading from central: https://repo1.maven.org/maven2/org/springframework/boot/spring-boot-devtools/3.2.5/spring-boot-devtools-3.2.5-sources.jar[0m
2026.06.03 19:31:09 INFO  Progress (1): 0.9/139 kB[0m
2026.06.03 19:31:09 INFO  Progress (1): 2.3/139 kB[0m
2026.06.03 19:31:09 INFO  Progress (1): 3.6/139 kB[0m
2026.06.03 19:31:09 INFO  Progress (1): 5.0/139 kB[0m
2026.06.03 19:31:09 INFO  Progress (1): 6.4/139 kB[0m
2026.06.03 19:31:09 INFO  Progress (1): 7.7/139 kB[0m
2026.06.03 19:31:09 INFO  Progress (1): 9.1/139 kB[0m
2026.06.03 19:31:09 INFO  Progress (1): 10/139 kB [0m
2026.06.03 19:31:09 INFO  Progress (1): 12/139 kB[0m
2026.06.03 19:31:09 INFO  Progress (1): 13/139 kB[0m
2026.06.03 19:31:09 INFO  Progress (1): 15/139 kB[0m
2026.06.03 19:31:09 INFO  Progress (1): 16/139 kB[0m
2026.06.03 19:31:09 INFO  Progress (1): 17/139 kB[0m
2026.06.03 19:31:09 INFO  Progress (1): 19/139 kB[0m
2026.06.03 19:31:09 INFO  Progress (1): 20/139 kB[0m
2026.06.03 19:31:09 INFO  Progress (1): 21/139 kB[0m
2026.06.03 19:31:09 INFO  Progress (1): 23/139 kB[0m
2026.06.03 19:31:09 INFO  Progress (1): 24/139 kB[0m
2026.06.03 19:31:09 INFO  Progress (1): 25/139 kB[0m
2026.06.03 19:31:09 INFO  Progress (1): 26/139 kB[0m
2026.06.03 19:31:09 INFO  Progress (1): 27/139 kB[0m
2026.06.03 19:31:09 INFO  Progress (1): 29/139 kB[0m
2026.06.03 19:31:09 INFO  Progress (1): 30/139 kB[0m
2026.06.03 19:31:09 INFO  Progress (1): 31/139 kB[0m
2026.06.03 19:31:09 INFO  Progress (1): 33/139 kB[0m
2026.06.03 19:31:09 INFO  Progress (1): 34/139 kB[0m
2026.06.03 19:31:09 INFO  Progress (1): 36/139 kB[0m
2026.06.03 19:31:09 INFO  Progress (1): 37/139 kB[0m
2026.06.03 19:31:09 INFO  Progress (1): 38/139 kB[0m
2026.06.03 19:31:09 INFO  Progress (1): 40/139 kB[0m
2026.06.03 19:31:09 INFO  Progress (1): 41/139 kB[0m
2026.06.03 19:31:09 INFO  Progress (1): 42/139 kB[0m
2026.06.03 19:31:09 INFO  Progress (1): 44/139 kB[0m
2026.06.03 19:31:09 INFO  Progress (1): 45/139 kB[0m
2026.06.03 19:31:09 INFO  Progress (1): 46/139 kB[0m
2026.06.03 19:31:09 INFO  Progress (1): 48/139 kB[0m
2026.06.03 19:31:09 INFO  Progress (1): 49/139 kB[0m
2026.06.03 19:31:09 INFO  Progress (1): 51/139 kB[0m
2026.06.03 19:31:09 INFO  Progress (1): 52/139 kB[0m
2026.06.03 19:31:09 INFO  Progress (1): 53/139 kB[0m
2026.06.03 19:31:09 INFO  Progress (1): 55/139 kB[0m
2026.06.03 19:31:09 INFO  Progress (1): 57/139 kB[0m
2026.06.03 19:31:09 INFO  Progress (1): 62/139 kB[0m
2026.06.03 19:31:09 INFO  Progress (1): 66/139 kB[0m
2026.06.03 19:31:09 INFO  Progress (1): 70/139 kB[0m
2026.06.03 19:31:09 INFO  Progress (1): 74/139 kB[0m
2026.06.03 19:31:09 INFO  Progress (1): 78/139 kB[0m
2026.06.03 19:31:09 INFO  Progress (1): 83/139 kB[0m
2026.06.03 19:31:09 INFO  Progress (1): 87/139 kB[0m
2026.06.03 19:31:09 INFO  Progress (1): 91/139 kB[0m
2026.06.03 19:31:09 INFO  Progress (1): 95/139 kB[0m
2026.06.03 19:31:09 INFO  Progress (1): 100/139 kB[0m
2026.06.03 19:31:09 INFO  Progress (1): 104/139 kB[0m
2026.06.03 19:31:09 INFO  Progress (1): 108/139 kB[0m
2026.06.03 19:31:09 INFO  Progress (1): 112/139 kB[0m
2026.06.03 19:31:09 INFO  Progress (1): 117/139 kB[0m
2026.06.03 19:31:09 INFO  Progress (1): 121/139 kB[0m
2026.06.03 19:31:09 INFO  Progress (1): 123/139 kB[0m
2026.06.03 19:31:09 INFO  Progress (1): 127/139 kB[0m
2026.06.03 19:31:09 INFO  Progress (1): 131/139 kB[0m
2026.06.03 19:31:09 INFO  Progress (1): 136/139 kB[0m
2026.06.03 19:31:09 INFO  Progress (1): 139 kB    [0m
2026.06.03 19:31:09 INFO                      [0m
2026.06.03 19:31:09 INFO  Downloaded from central: https://repo1.maven.org/maven2/org/springframework/boot/spring-boot-devtools/3.2.5/spring-boot-devtools-3.2.5-sources.jar (139 kB at 174 kB/s)[0m
2026.06.03 19:31:09 INFO  [INFO] SUCCESS: org.springframework.boot:spring-boot-devtools:jar:3.2.5:runtime (sources = true)[0m
2026.06.03 19:31:09 INFO  [INFO] Resolving artifact: com.fasterxml.jackson.core:jackson-core:jar:2.15.4:compile (sources = false)[0m
2026.06.03 19:31:09 INFO  [INFO] SUCCESS: com.fasterxml.jackson.core:jackson-core:jar:2.15.4:compile (sources = false)[0m
2026.06.03 19:31:09 INFO  [INFO] Resolving artifact: com.fasterxml.jackson.core:jackson-core:jar:2.15.4:compile (sources = true)[0m
2026.06.03 19:31:09 INFO  Downloading from central: https://repo1.maven.org/maven2/com/fasterxml/jackson/core/jackson-core/2.15.4/jackson-core-2.15.4-sources.jar[0m
2026.06.03 19:31:10 INFO  Progress (1): 3.8/466 kB[0m
2026.06.03 19:31:10 INFO  Progress (1): 8.0/466 kB[0m
2026.06.03 19:31:10 INFO  Progress (1): 12/466 kB [0m
2026.06.03 19:31:10 INFO  Progress (1): 16/466 kB[0m
2026.06.03 19:31:10 INFO  Progress (1): 21/466 kB[0m
2026.06.03 19:31:10 INFO  Progress (1): 25/466 kB[0m
2026.06.03 19:31:10 INFO  Progress (1): 28/466 kB[0m
2026.06.03 19:31:10 INFO  Progress (1): 32/466 kB[0m
2026.06.03 19:31:10 INFO  Progress (1): 36/466 kB[0m
2026.06.03 19:31:10 INFO  Progress (1): 40/466 kB[0m
2026.06.03 19:31:10 INFO  Progress (1): 45/466 kB[0m
2026.06.03 19:31:10 INFO  Progress (1): 49/466 kB[0m
2026.06.03 19:31:10 INFO  Progress (1): 53/466 kB[0m
2026.06.03 19:31:10 INFO  Progress (1): 57/466 kB[0m
2026.06.03 19:31:10 INFO  Progress (1): 62/466 kB[0m
2026.06.03 19:31:10 INFO  Progress (1): 66/466 kB[0m
2026.06.03 19:31:10 INFO  Progress (1): 70/466 kB[0m
2026.06.03 19:31:10 INFO  Progress (1): 74/466 kB[0m
2026.06.03 19:31:10 INFO  Progress (1): 78/466 kB[0m
2026.06.03 19:31:11 INFO  Progress (1): 95/466 kB[0m
2026.06.03 19:31:11 INFO  Progress (1): 111/466 kB[0m
2026.06.03 19:31:11 INFO  Progress (1): 128/466 kB[0m
2026.06.03 19:31:11 INFO  Progress (1): 144/466 kB[0m
2026.06.03 19:31:11 INFO  Progress (1): 159/466 kB[0m
2026.06.03 19:31:11 INFO  Progress (1): 175/466 kB[0m
2026.06.03 19:31:12 INFO  Progress (1): 192/466 kB[0m
2026.06.03 19:31:12 INFO  Progress (1): 208/466 kB[0m
2026.06.03 19:31:12 INFO  Progress (1): 224/466 kB[0m
2026.06.03 19:31:12 INFO  Progress (1): 238/466 kB[0m
2026.06.03 19:31:12 INFO  Progress (1): 254/466 kB[0m
2026.06.03 19:31:12 INFO  Progress (1): 270/466 kB[0m
2026.06.03 19:31:13 INFO  Progress (1): 287/466 kB[0m
2026.06.03 19:31:13 INFO  Progress (1): 303/466 kB[0m
2026.06.03 19:31:13 INFO  Progress (1): 319/466 kB[0m
2026.06.03 19:31:13 INFO  Progress (1): 336/466 kB[0m
2026.06.03 19:31:13 INFO  Progress (1): 352/466 kB[0m
2026.06.03 19:31:13 INFO  Progress (1): 369/466 kB[0m
2026.06.03 19:31:13 INFO  Progress (1): 385/466 kB[0m
2026.06.03 19:31:13 INFO  Progress (1): 401/466 kB[0m
2026.06.03 19:31:13 INFO  Progress (1): 418/466 kB[0m
2026.06.03 19:31:13 INFO  Progress (1): 434/466 kB[0m
2026.06.03 19:31:13 INFO  Progress (1): 451/466 kB[0m
2026.06.03 19:31:13 INFO  Progress (1): 466 kB    [0m
2026.06.03 19:31:13 INFO                      [0m
2026.06.03 19:31:13 INFO  Downloaded from central: https://repo1.maven.org/maven2/com/fasterxml/jackson/core/jackson-core/2.15.4/jackson-core-2.15.4-sources.jar (466 kB at 112 kB/s)[0m
2026.06.03 19:31:13 INFO  [INFO] SUCCESS: com.fasterxml.jackson.core:jackson-core:jar:2.15.4:compile (sources = true)[0m
2026.06.03 19:31:13 INFO  [INFO] Resolving artifact: io.jsonwebtoken:jjwt-api:jar:0.11.5:compile (sources = false)[0m
2026.06.03 19:31:13 INFO  [INFO] SUCCESS: io.jsonwebtoken:jjwt-api:jar:0.11.5:compile (sources = false)[0m
2026.06.03 19:31:13 INFO  [INFO] Resolving artifact: io.jsonwebtoken:jjwt-api:jar:0.11.5:compile (sources = true)[0m
2026.06.03 19:31:13 INFO  Downloading from central: https://repo1.maven.org/maven2/io/jsonwebtoken/jjwt-api/0.11.5/jjwt-api-0.11.5-sources.jar[0m
2026.06.03 19:31:14 INFO  Progress (1): 7.7/102 kB[0m
2026.06.03 19:31:14 INFO  Progress (1): 16/102 kB [0m
2026.06.03 19:31:14 INFO  Progress (1): 25/102 kB[0m
2026.06.03 19:31:14 INFO  Progress (1): 41/102 kB[0m
2026.06.03 19:31:14 INFO  Progress (1): 57/102 kB[0m
2026.06.03 19:31:14 INFO  Progress (1): 74/102 kB[0m
2026.06.03 19:31:14 INFO  Progress (1): 90/102 kB[0m
2026.06.03 19:31:14 INFO  Progress (1): 102 kB   [0m
2026.06.03 19:31:14 INFO                      [0m
2026.06.03 19:31:14 INFO  Downloaded from central: https://repo1.maven.org/maven2/io/jsonwebtoken/jjwt-api/0.11.5/jjwt-api-0.11.5-sources.jar (102 kB at 179 kB/s)[0m
2026.06.03 19:31:14 INFO  [INFO] SUCCESS: io.jsonwebtoken:jjwt-api:jar:0.11.5:compile (sources = true)[0m
2026.06.03 19:31:14 INFO  [INFO] Resolving artifact: org.springframework.boot:spring-boot-starter-test:jar:3.2.5:test (sources = false)[0m
2026.06.03 19:31:14 INFO  [INFO] SUCCESS: org.springframework.boot:spring-boot-starter-test:jar:3.2.5:test (sources = false)[0m
2026.06.03 19:31:14 INFO  [INFO] Resolving artifact: org.springframework.boot:spring-boot-starter-test:jar:3.2.5:test (sources = true)[0m
2026.06.03 19:31:14 INFO  Downloading from central: https://repo1.maven.org/maven2/org/springframework/boot/spring-boot-starter-test/3.2.5/spring-boot-starter-test-3.2.5-sources.jar[0m
2026.06.03 19:31:14 INFO  Progress (1): 4.7 kB[0m
2026.06.03 19:31:14 INFO                      [0m
2026.06.03 19:31:14 INFO  Downloaded from central: https://repo1.maven.org/maven2/org/springframework/boot/spring-boot-starter-test/3.2.5/spring-boot-starter-test-3.2.5-sources.jar (4.7 kB at 46 kB/s)[0m
2026.06.03 19:31:14 INFO  [INFO] SUCCESS: org.springframework.boot:spring-boot-starter-test:jar:3.2.5:test (sources = true)[0m
2026.06.03 19:31:14 INFO  [INFO] Resolving artifact: com.sun.istack:istack-commons-runtime:jar:4.1.2:runtime (sources = false)[0m
2026.06.03 19:31:14 INFO  [INFO] SUCCESS: com.sun.istack:istack-commons-runtime:jar:4.1.2:runtime (sources = false)[0m
2026.06.03 19:31:14 INFO  [INFO] Resolving artifact: com.sun.istack:istack-commons-runtime:jar:4.1.2:runtime (sources = true)[0m
2026.06.03 19:31:14 INFO  [INFO] SUCCESS: com.sun.istack:istack-commons-runtime:jar:4.1.2:runtime (sources = true)[0m
2026.06.03 19:31:14 INFO  [INFO] Resolving artifact: com.fasterxml.jackson.datatype:jackson-datatype-jdk8:jar:2.15.4:compile (sources = false)[0m
2026.06.03 19:31:14 INFO  [INFO] SUCCESS: com.fasterxml.jackson.datatype:jackson-datatype-jdk8:jar:2.15.4:compile (sources = false)[0m
2026.06.03 19:31:14 INFO  [INFO] Resolving artifact: com.fasterxml.jackson.datatype:jackson-datatype-jdk8:jar:2.15.4:compile (sources = true)[0m
2026.06.03 19:31:14 INFO  Downloading from central: https://repo1.maven.org/maven2/com/fasterxml/jackson/datatype/jackson-datatype-jdk8/2.15.4/jackson-datatype-jdk8-2.15.4-sources.jar[0m
2026.06.03 19:31:14 INFO  Progress (1): 7.7/24 kB[0m
2026.06.03 19:31:14 INFO  Progress (1): 7.7/24 kB[0m
2026.06.03 19:31:14 INFO  Progress (1): 24 kB    [0m
2026.06.03 19:31:14 INFO                     [0m
2026.06.03 19:31:14 INFO  Downloaded from central: https://repo1.maven.org/maven2/com/fasterxml/jackson/datatype/jackson-datatype-jdk8/2.15.4/jackson-datatype-jdk8-2.15.4-sources.jar (24 kB at 63 kB/s)[0m
2026.06.03 19:31:14 INFO  [INFO] SUCCESS: com.fasterxml.jackson.datatype:jackson-datatype-jdk8:jar:2.15.4:compile (sources = true)[0m
2026.06.03 19:31:14 INFO  [INFO] Resolving artifact: org.springframework.boot:spring-boot-starter-security:jar:3.2.5:compile (sources = false)[0m
2026.06.03 19:31:14 INFO  [INFO] SUCCESS: org.springframework.boot:spring-boot-starter-security:jar:3.2.5:compile (sources = false)[0m
2026.06.03 19:31:14 INFO  [INFO] Resolving artifact: org.springframework.boot:spring-boot-starter-security:jar:3.2.5:compile (sources = true)[0m
2026.06.03 19:31:14 INFO  Downloading from central: https://repo1.maven.org/maven2/org/springframework/boot/spring-boot-starter-security/3.2.5/spring-boot-starter-security-3.2.5-sources.jar[0m
2026.06.03 19:31:15 INFO  Progress (1): 4.7 kB[0m
2026.06.03 19:31:15 INFO                      [0m
2026.06.03 19:31:15 INFO  Downloaded from central: https://repo1.maven.org/maven2/org/springframework/boot/spring-boot-starter-security/3.2.5/spring-boot-starter-security-3.2.5-sources.jar (4.7 kB at 37 kB/s)[0m
2026.06.03 19:31:15 INFO  [INFO] SUCCESS: org.springframework.boot:spring-boot-starter-security:jar:3.2.5:compile (sources = true)[0m
2026.06.03 19:31:15 INFO  [INFO] Resolving artifact: org.apache.logging.log4j:log4j-to-slf4j:jar:2.21.1:compile (sources = false)[0m
2026.06.03 19:31:15 INFO  [INFO] SUCCESS: org.apache.logging.log4j:log4j-to-slf4j:jar:2.21.1:compile (sources = false)[0m
2026.06.03 19:31:15 INFO  [INFO] Resolving artifact: org.apache.logging.log4j:log4j-to-slf4j:jar:2.21.1:compile (sources = true)[0m
2026.06.03 19:31:15 INFO  Downloading from central: https://repo1.maven.org/maven2/org/apache/logging/log4j/log4j-to-slf4j/2.21.1/log4j-to-slf4j-2.21.1-sources.jar[0m
2026.06.03 19:31:15 INFO  Progress (1): 7.7/18 kB[0m
2026.06.03 19:31:15 INFO  Progress (1): 16/18 kB [0m
2026.06.03 19:31:15 INFO  Progress (1): 18 kB   [0m
2026.06.03 19:31:15 INFO                     [0m
2026.06.03 19:31:15 INFO  Downloaded from central: https://repo1.maven.org/maven2/org/apache/logging/log4j/log4j-to-slf4j/2.21.1/log4j-to-slf4j-2.21.1-sources.jar (18 kB at 56 kB/s)[0m
2026.06.03 19:31:15 INFO  [INFO] SUCCESS: org.apache.logging.log4j:log4j-to-slf4j:jar:2.21.1:compile (sources = true)[0m
2026.06.03 19:31:15 INFO  [INFO] Resolving artifact: com.fasterxml.jackson.core:jackson-annotations:jar:2.15.4:compile (sources = false)[0m
2026.06.03 19:31:15 INFO  [INFO] SUCCESS: com.fasterxml.jackson.core:jackson-annotations:jar:2.15.4:compile (sources = false)[0m
2026.06.03 19:31:15 INFO  [INFO] Resolving artifact: com.fasterxml.jackson.core:jackson-annotations:jar:2.15.4:compile (sources = true)[0m
2026.06.03 19:31:15 INFO  Downloading from central: https://repo1.maven.org/maven2/com/fasterxml/jackson/core/jackson-annotations/2.15.4/jackson-annotations-2.15.4-sources.jar[0m
2026.06.03 19:31:15 INFO  Progress (1): 7.7/82 kB[0m
2026.06.03 19:31:15 INFO  Progress (1): 16/82 kB [0m
2026.06.03 19:31:15 INFO  Progress (1): 32/82 kB[0m
2026.06.03 19:31:15 INFO  Progress (1): 49/82 kB[0m
2026.06.03 19:31:15 INFO  Progress (1): 57/82 kB[0m
2026.06.03 19:31:16 INFO  Progress (1): 74/82 kB[0m
2026.06.03 19:31:16 INFO  Progress (1): 82 kB   [0m
2026.06.03 19:31:16 INFO                     [0m
2026.06.03 19:31:16 INFO  Downloaded from central: https://repo1.maven.org/maven2/com/fasterxml/jackson/core/jackson-annotations/2.15.4/jackson-annotations-2.15.4-sources.jar (82 kB at 115 kB/s)[0m
2026.06.03 19:31:16 INFO  [INFO] SUCCESS: com.fasterxml.jackson.core:jackson-annotations:jar:2.15.4:compile (sources = true)[0m
2026.06.03 19:31:16 INFO  [INFO] Resolving artifact: net.java.dev.jna:jna:jar:5.13.0:compile (sources = false)[0m
2026.06.03 19:31:16 INFO  [INFO] SUCCESS: net.java.dev.jna:jna:jar:5.13.0:compile (sources = false)[0m
2026.06.03 19:31:16 INFO  [INFO] Resolving artifact: net.java.dev.jna:jna:jar:5.13.0:compile (sources = true)[0m
2026.06.03 19:31:16 INFO  Downloading from central: https://repo1.maven.org/maven2/net/java/dev/jna/jna/5.13.0/jna-5.13.0-sources.jar[0m
2026.06.03 19:31:16 INFO  Progress (1): 7.7/164 kB[0m
2026.06.03 19:31:16 INFO  Progress (1): 16/164 kB [0m
2026.06.03 19:31:16 INFO  Progress (1): 25/164 kB[0m
2026.06.03 19:31:16 INFO  Progress (1): 41/164 kB[0m
2026.06.03 19:31:16 INFO  Progress (1): 57/164 kB[0m
2026.06.03 19:31:16 INFO  Progress (1): 74/164 kB[0m
2026.06.03 19:31:16 INFO  Progress (1): 90/164 kB[0m
2026.06.03 19:31:16 INFO  Progress (1): 106/164 kB[0m
2026.06.03 19:31:16 INFO  Progress (1): 123/164 kB[0m
2026.06.03 19:31:16 INFO  Progress (1): 139/164 kB[0m
2026.06.03 19:31:16 INFO  Progress (1): 156/164 kB[0m
2026.06.03 19:31:16 INFO  Progress (1): 164 kB    [0m
2026.06.03 19:31:16 INFO                      [0m
2026.06.03 19:31:16 INFO  Downloaded from central: https://repo1.maven.org/maven2/net/java/dev/jna/jna/5.13.0/jna-5.13.0-sources.jar (164 kB at 226 kB/s)[0m
2026.06.03 19:31:16 INFO  [INFO] SUCCESS: net.java.dev.jna:jna:jar:5.13.0:compile (sources = true)[0m
2026.06.03 19:31:16 INFO  [INFO] Resolving artifact: org.springframework.boot:spring-boot-starter-web:jar:3.2.5:compile (sources = false)[0m
2026.06.03 19:31:16 INFO  [INFO] SUCCESS: org.springframework.boot:spring-boot-starter-web:jar:3.2.5:compile (sources = false)[0m
2026.06.03 19:31:16 INFO  [INFO] Resolving artifact: org.springframework.boot:spring-boot-starter-web:jar:3.2.5:compile (sources = true)[0m
2026.06.03 19:31:16 INFO  Downloading from central: https://repo1.maven.org/maven2/org/springframework/boot/spring-boot-starter-web/3.2.5/spring-boot-starter-web-3.2.5-sources.jar[0m
2026.06.03 19:31:16 INFO  Progress (1): 4.7 kB[0m
2026.06.03 19:31:16 INFO                      [0m
2026.06.03 19:31:16 INFO  Downloaded from central: https://repo1.maven.org/maven2/org/springframework/boot/spring-boot-starter-web/3.2.5/spring-boot-starter-web-3.2.5-sources.jar (4.7 kB at 50 kB/s)[0m
2026.06.03 19:31:16 INFO  [INFO] SUCCESS: org.springframework.boot:spring-boot-starter-web:jar:3.2.5:compile (sources = true)[0m
2026.06.03 19:31:16 INFO  [INFO] Resolving artifact: org.springframework:spring-webmvc:jar:6.1.6:compile (sources = false)[0m
2026.06.03 19:31:16 INFO  [INFO] SUCCESS: org.springframework:spring-webmvc:jar:6.1.6:compile (sources = false)[0m
2026.06.03 19:31:16 INFO  [INFO] Resolving artifact: org.springframework:spring-webmvc:jar:6.1.6:compile (sources = true)[0m
2026.06.03 19:31:16 INFO  Downloading from central: https://repo1.maven.org/maven2/org/springframework/spring-webmvc/6.1.6/spring-webmvc-6.1.6-sources.jar[0m
2026.06.03 19:31:16 INFO  Progress (1): 7.7/832 kB[0m
2026.06.03 19:31:16 INFO  Progress (1): 8.2/832 kB[0m
2026.06.03 19:31:17 INFO  Progress (1): 25/832 kB [0m
2026.06.03 19:31:17 INFO  Progress (1): 41/832 kB[0m
2026.06.03 19:31:17 INFO  Progress (1): 57/832 kB[0m
2026.06.03 19:31:17 INFO  Progress (1): 74/832 kB[0m
2026.06.03 19:31:17 INFO  Progress (1): 90/832 kB[0m
2026.06.03 19:31:17 INFO  Progress (1): 94/832 kB[0m
2026.06.03 19:31:17 INFO  Progress (1): 110/832 kB[0m
2026.06.03 19:31:17 INFO  Progress (1): 127/832 kB[0m
2026.06.03 19:31:17 INFO  Progress (1): 143/832 kB[0m
2026.06.03 19:31:17 INFO  Progress (1): 159/832 kB[0m
2026.06.03 19:31:17 INFO  Progress (1): 176/832 kB[0m
2026.06.03 19:31:17 INFO  Progress (1): 192/832 kB[0m
2026.06.03 19:31:17 INFO  Progress (1): 209/832 kB[0m
2026.06.03 19:31:17 INFO  Progress (1): 225/832 kB[0m
2026.06.03 19:31:17 INFO  Progress (1): 241/832 kB[0m
2026.06.03 19:31:17 INFO  Progress (1): 258/832 kB[0m
2026.06.03 19:31:17 INFO  Progress (1): 274/832 kB[0m
2026.06.03 19:31:17 INFO  Progress (1): 290/832 kB[0m
2026.06.03 19:31:17 INFO  Progress (1): 307/832 kB[0m
2026.06.03 19:31:17 INFO  Progress (1): 323/832 kB[0m
2026.06.03 19:31:17 INFO  Progress (1): 340/832 kB[0m
2026.06.03 19:31:17 INFO  Progress (1): 356/832 kB[0m
2026.06.03 19:31:17 INFO  Progress (1): 372/832 kB[0m
2026.06.03 19:31:17 INFO  Progress (1): 389/832 kB[0m
2026.06.03 19:31:17 INFO  Progress (1): 405/832 kB[0m
2026.06.03 19:31:17 INFO  Progress (1): 422/832 kB[0m
2026.06.03 19:31:17 INFO  Progress (1): 438/832 kB[0m
2026.06.03 19:31:18 INFO  Progress (1): 454/832 kB[0m
2026.06.03 19:31:18 INFO  Progress (1): 471/832 kB[0m
2026.06.03 19:31:18 INFO  Progress (1): 487/832 kB[0m
2026.06.03 19:31:18 INFO  Progress (1): 503/832 kB[0m
2026.06.03 19:31:18 INFO  Progress (1): 520/832 kB[0m
2026.06.03 19:31:18 INFO  Progress (1): 536/832 kB[0m
2026.06.03 19:31:18 INFO  Progress (1): 553/832 kB[0m
2026.06.03 19:31:18 INFO  Progress (1): 569/832 kB[0m
2026.06.03 19:31:18 INFO  Progress (1): 585/832 kB[0m
2026.06.03 19:31:18 INFO  Progress (1): 602/832 kB[0m
2026.06.03 19:31:18 INFO  Progress (1): 618/832 kB[0m
2026.06.03 19:31:18 INFO  Progress (1): 635/832 kB[0m
2026.06.03 19:31:18 INFO  Progress (1): 651/832 kB[0m
2026.06.03 19:31:18 INFO  Progress (1): 667/832 kB[0m
2026.06.03 19:31:18 INFO  Progress (1): 684/832 kB[0m
2026.06.03 19:31:18 INFO  Progress (1): 700/832 kB[0m
2026.06.03 19:31:18 INFO  Progress (1): 716/832 kB[0m
2026.06.03 19:31:18 INFO  Progress (1): 733/832 kB[0m
2026.06.03 19:31:18 INFO  Progress (1): 749/832 kB[0m
2026.06.03 19:31:18 INFO  Progress (1): 766/832 kB[0m
2026.06.03 19:31:18 INFO  Progress (1): 782/832 kB[0m
2026.06.03 19:31:18 INFO  Progress (1): 798/832 kB[0m
2026.06.03 19:31:18 INFO  Progress (1): 815/832 kB[0m
2026.06.03 19:31:18 INFO  Progress (1): 831/832 kB[0m
2026.06.03 19:31:18 INFO  Progress (1): 832 kB    [0m
2026.06.03 19:31:18 INFO                      [0m
2026.06.03 19:31:18 INFO  Downloaded from central: https://repo1.maven.org/maven2/org/springframework/spring-webmvc/6.1.6/spring-webmvc-6.1.6-sources.jar (832 kB at 448 kB/s)[0m
2026.06.03 19:31:18 INFO  [INFO] SUCCESS: org.springframework:spring-webmvc:jar:6.1.6:compile (sources = true)[0m
2026.06.03 19:31:18 INFO  [INFO] Resolving artifact: net.minidev:json-smart:jar:2.5.1:test (sources = false)[0m
2026.06.03 19:31:18 INFO  [INFO] SUCCESS: net.minidev:json-smart:jar:2.5.1:test (sources = false)[0m
2026.06.03 19:31:18 INFO  [INFO] Resolving artifact: net.minidev:json-smart:jar:2.5.1:test (sources = true)[0m
2026.06.03 19:31:18 INFO  Downloading from central: https://repo1.maven.org/maven2/net/minidev/json-smart/2.5.1/json-smart-2.5.1-sources.jar[0m
2026.06.03 19:31:18 INFO  Progress (1): 7.7/65 kB[0m
2026.06.03 19:31:18 INFO  Progress (1): 16/65 kB [0m
2026.06.03 19:31:18 INFO  Progress (1): 25/65 kB[0m
2026.06.03 19:31:18 INFO  Progress (1): 41/65 kB[0m
2026.06.03 19:31:18 INFO  Progress (1): 57/65 kB[0m
2026.06.03 19:31:18 INFO  Progress (1): 65 kB   [0m
2026.06.03 19:31:18 INFO                     [0m
2026.06.03 19:31:18 INFO  Downloaded from central: https://repo1.maven.org/maven2/net/minidev/json-smart/2.5.1/json-smart-2.5.1-sources.jar (65 kB at 350 kB/s)[0m
2026.06.03 19:31:18 INFO  [INFO] SUCCESS: net.minidev:json-smart:jar:2.5.1:test (sources = true)[0m
2026.06.03 19:31:18 INFO  [INFO] Resolving artifact: org.springframework:spring-beans:jar:6.1.6:compile (sources = false)[0m
2026.06.03 19:31:18 INFO  [INFO] SUCCESS: org.springframework:spring-beans:jar:6.1.6:compile (sources = false)[0m
2026.06.03 19:31:18 INFO  [INFO] Resolving artifact: org.springframework:spring-beans:jar:6.1.6:compile (sources = true)[0m
2026.06.03 19:31:18 INFO  Downloading from central: https://repo1.maven.org/maven2/org/springframework/spring-beans/6.1.6/spring-beans-6.1.6-sources.jar[0m
2026.06.03 19:31:18 INFO  Progress (1): 7.7/722 kB[0m
2026.06.03 19:31:18 INFO  Progress (1): 8.2/722 kB[0m
2026.06.03 19:31:19 INFO  Progress (1): 25/722 kB [0m
2026.06.03 19:31:19 INFO  Progress (1): 41/722 kB[0m
2026.06.03 19:31:19 INFO  Progress (1): 57/722 kB[0m
2026.06.03 19:31:19 INFO  Progress (1): 74/722 kB[0m
2026.06.03 19:31:19 INFO  Progress (1): 90/722 kB[0m
2026.06.03 19:31:19 INFO  Progress (1): 106/722 kB[0m
2026.06.03 19:31:19 INFO  Progress (1): 123/722 kB[0m
2026.06.03 19:31:19 INFO  Progress (1): 139/722 kB[0m
2026.06.03 19:31:19 INFO  Progress (1): 156/722 kB[0m
2026.06.03 19:31:19 INFO  Progress (1): 172/722 kB[0m
2026.06.03 19:31:19 INFO  Progress (1): 188/722 kB[0m
2026.06.03 19:31:19 INFO  Progress (1): 205/722 kB[0m
2026.06.03 19:31:19 INFO  Progress (1): 221/722 kB[0m
2026.06.03 19:31:19 INFO  Progress (1): 238/722 kB[0m
2026.06.03 19:31:19 INFO  Progress (1): 254/722 kB[0m
2026.06.03 19:31:19 INFO  Progress (1): 270/722 kB[0m
2026.06.03 19:31:19 INFO  Progress (1): 287/722 kB[0m
2026.06.03 19:31:19 INFO  Progress (1): 303/722 kB[0m
2026.06.03 19:31:19 INFO  Progress (1): 319/722 kB[0m
2026.06.03 19:31:19 INFO  Progress (1): 336/722 kB[0m
2026.06.03 19:31:19 INFO  Progress (1): 352/722 kB[0m
2026.06.03 19:31:19 INFO  Progress (1): 369/722 kB[0m
2026.06.03 19:31:19 INFO  Progress (1): 385/722 kB[0m
2026.06.03 19:31:19 INFO  Progress (1): 401/722 kB[0m
2026.06.03 19:31:19 INFO  Progress (1): 418/722 kB[0m
2026.06.03 19:31:19 INFO  Progress (1): 434/722 kB[0m
2026.06.03 19:31:19 INFO  Progress (1): 451/722 kB[0m
2026.06.03 19:31:19 INFO  Progress (1): 467/722 kB[0m
2026.06.03 19:31:19 INFO  Progress (1): 483/722 kB[0m
2026.06.03 19:31:19 INFO  Progress (1): 500/722 kB[0m
2026.06.03 19:31:19 INFO  Progress (1): 516/722 kB[0m
2026.06.03 19:31:19 INFO  Progress (1): 532/722 kB[0m
2026.06.03 19:31:19 INFO  Progress (1): 549/722 kB[0m
2026.06.03 19:31:19 INFO  Progress (1): 565/722 kB[0m
2026.06.03 19:31:19 INFO  Progress (1): 582/722 kB[0m
2026.06.03 19:31:19 INFO  Progress (1): 598/722 kB[0m
2026.06.03 19:31:19 INFO  Progress (1): 614/722 kB[0m
2026.06.03 19:31:19 INFO  Progress (1): 631/722 kB[0m
2026.06.03 19:31:19 INFO  Progress (1): 647/722 kB[0m
2026.06.03 19:31:19 INFO  Progress (1): 664/722 kB[0m
2026.06.03 19:31:19 INFO  Progress (1): 680/722 kB[0m
2026.06.03 19:31:19 INFO  Progress (1): 696/722 kB[0m
2026.06.03 19:31:19 INFO  Progress (1): 706/722 kB[0m
2026.06.03 19:31:19 INFO  Progress (1): 713/722 kB[0m
2026.06.03 19:31:19 INFO  Progress (1): 722 kB    [0m
2026.06.03 19:31:19 INFO                      [0m
2026.06.03 19:31:19 INFO  Downloaded from central: https://repo1.maven.org/maven2/org/springframework/spring-beans/6.1.6/spring-beans-6.1.6-sources.jar (722 kB at 727 kB/s)[0m
2026.06.03 19:31:19 INFO  [INFO] SUCCESS: org.springframework:spring-beans:jar:6.1.6:compile (sources = true)[0m
2026.06.03 19:31:19 INFO  [INFO] Resolving artifact: org.ow2.asm:asm:jar:9.6:test (sources = false)[0m
2026.06.03 19:31:19 INFO  [INFO] SUCCESS: org.ow2.asm:asm:jar:9.6:test (sources = false)[0m
2026.06.03 19:31:19 INFO  [INFO] Resolving artifact: org.ow2.asm:asm:jar:9.6:test (sources = true)[0m
2026.06.03 19:31:19 INFO  Downloading from central: https://repo1.maven.org/maven2/org/ow2/asm/asm/9.6/asm-9.6-sources.jar[0m
2026.06.03 19:31:19 INFO  Progress (1): 7.7/184 kB[0m
2026.06.03 19:31:19 INFO  Progress (1): 16/184 kB [0m
2026.06.03 19:31:19 INFO  Progress (1): 25/184 kB[0m
2026.06.03 19:31:20 INFO  Progress (1): 41/184 kB[0m
2026.06.03 19:31:20 INFO  Progress (1): 57/184 kB[0m
2026.06.03 19:31:20 INFO  Progress (1): 74/184 kB[0m
2026.06.03 19:31:20 INFO  Progress (1): 82/184 kB[0m
2026.06.03 19:31:20 INFO  Progress (1): 98/184 kB[0m
2026.06.03 19:31:20 INFO  Progress (1): 115/184 kB[0m
2026.06.03 19:31:20 INFO  Progress (1): 131/184 kB[0m
2026.06.03 19:31:20 INFO  Progress (1): 147/184 kB[0m
2026.06.03 19:31:20 INFO  Progress (1): 164/184 kB[0m
2026.06.03 19:31:20 INFO  Progress (1): 180/184 kB[0m
2026.06.03 19:31:20 INFO  Progress (1): 184 kB    [0m
2026.06.03 19:31:20 INFO                      [0m
2026.06.03 19:31:20 INFO  Downloaded from central: https://repo1.maven.org/maven2/org/ow2/asm/asm/9.6/asm-9.6-sources.jar (184 kB at 649 kB/s)[0m
2026.06.03 19:31:20 INFO  [INFO] SUCCESS: org.ow2.asm:asm:jar:9.6:test (sources = true)[0m
2026.06.03 19:31:20 INFO  [INFO] Resolving artifact: org.opentest4j:opentest4j:jar:1.3.0:test (sources = false)[0m
2026.06.03 19:31:20 INFO  [INFO] SUCCESS: org.opentest4j:opentest4j:jar:1.3.0:test (sources = false)[0m
2026.06.03 19:31:20 INFO  [INFO] Resolving artifact: org.opentest4j:opentest4j:jar:1.3.0:test (sources = true)[0m
2026.06.03 19:31:20 INFO  [INFO] SUCCESS: org.opentest4j:opentest4j:jar:1.3.0:test (sources = true)[0m
2026.06.03 19:31:20 INFO  [INFO] Resolving artifact: org.projectlombok:lombok:jar:1.18.32:compile (sources = false)[0m
2026.06.03 19:31:20 INFO  [INFO] SUCCESS: org.projectlombok:lombok:jar:1.18.32:compile (sources = false)[0m
2026.06.03 19:31:20 INFO  [INFO] Resolving artifact: org.projectlombok:lombok:jar:1.18.32:compile (sources = true)[0m
2026.06.03 19:31:20 INFO  Downloading from central: https://repo1.maven.org/maven2/org/projectlombok/lombok/1.18.32/lombok-1.18.32-sources.jar[0m
2026.06.03 19:31:20 INFO  Progress (1): 0/1.0 MB[0m
2026.06.03 19:31:20 INFO  Progress (1): 0/1.0 MB[0m
2026.06.03 19:31:20 INFO  Progress (1): 0/1.0 MB[0m
2026.06.03 19:31:20 INFO  Progress (1): 0/1.0 MB[0m
2026.06.03 19:31:20 INFO  Progress (1): 0/1.0 MB[0m
2026.06.03 19:31:20 INFO  Progress (1): 0.1/1.0 MB[0m
2026.06.03 19:31:20 INFO  Progress (1): 0.1/1.0 MB[0m
2026.06.03 19:31:20 INFO  Progress (1): 0.1/1.0 MB[0m
2026.06.03 19:31:20 INFO  Progress (1): 0.1/1.0 MB[0m
2026.06.03 19:31:20 INFO  Progress (1): 0.1/1.0 MB[0m
2026.06.03 19:31:20 INFO  Progress (1): 0.1/1.0 MB[0m
2026.06.03 19:31:20 INFO  Progress (1): 0.2/1.0 MB[0m
2026.06.03 19:31:20 INFO  Progress (1): 0.2/1.0 MB[0m
2026.06.03 19:31:20 INFO  Progress (1): 0.2/1.0 MB[0m
2026.06.03 19:31:20 INFO  Progress (1): 0.2/1.0 MB[0m
2026.06.03 19:31:20 INFO  Progress (1): 0.2/1.0 MB[0m
2026.06.03 19:31:20 INFO  Progress (1): 0.2/1.0 MB[0m
2026.06.03 19:31:20 INFO  Progress (1): 0.3/1.0 MB[0m
2026.06.03 19:31:20 INFO  Progress (1): 0.3/1.0 MB[0m
2026.06.03 19:31:20 INFO  Progress (1): 0.3/1.0 MB[0m
2026.06.03 19:31:20 INFO  Progress (1): 0.3/1.0 MB[0m
2026.06.03 19:31:20 INFO  Progress (1): 0.3/1.0 MB[0m
2026.06.03 19:31:20 INFO  Progress (1): 0.3/1.0 MB[0m
2026.06.03 19:31:20 INFO  Progress (1): 0.4/1.0 MB[0m
2026.06.03 19:31:20 INFO  Progress (1): 0.4/1.0 MB[0m
2026.06.03 19:31:20 INFO  Progress (1): 0.4/1.0 MB[0m
2026.06.03 19:31:20 INFO  Progress (1): 0.4/1.0 MB[0m
2026.06.03 19:31:20 INFO  Progress (1): 0.4/1.0 MB[0m
2026.06.03 19:31:20 INFO  Progress (1): 0.4/1.0 MB[0m
2026.06.03 19:31:20 INFO  Progress (1): 0.5/1.0 MB[0m
2026.06.03 19:31:20 INFO  Progress (1): 0.5/1.0 MB[0m
2026.06.03 19:31:20 INFO  Progress (1): 0.5/1.0 MB[0m
2026.06.03 19:31:20 INFO  Progress (1): 0.5/1.0 MB[0m
2026.06.03 19:31:20 INFO  Progress (1): 0.5/1.0 MB[0m
2026.06.03 19:31:20 INFO  Progress (1): 0.5/1.0 MB[0m
2026.06.03 19:31:20 INFO  Progress (1): 0.5/1.0 MB[0m
2026.06.03 19:31:20 INFO  Progress (1): 0.6/1.0 MB[0m
2026.06.03 19:31:20 INFO  Progress (1): 0.6/1.0 MB[0m
2026.06.03 19:31:20 INFO  Progress (1): 0.6/1.0 MB[0m
2026.06.03 19:31:20 INFO  Progress (1): 0.6/1.0 MB[0m
2026.06.03 19:31:20 INFO  Progress (1): 0.6/1.0 MB[0m
2026.06.03 19:31:20 INFO  Progress (1): 0.6/1.0 MB[0m
2026.06.03 19:31:20 INFO  Progress (1): 0.7/1.0 MB[0m
2026.06.03 19:31:20 INFO  Progress (1): 0.7/1.0 MB[0m
2026.06.03 19:31:20 INFO  Progress (1): 0.7/1.0 MB[0m
2026.06.03 19:31:20 INFO  Progress (1): 0.7/1.0 MB[0m
2026.06.03 19:31:20 INFO  Progress (1): 0.7/1.0 MB[0m
2026.06.03 19:31:20 INFO  Progress (1): 0.7/1.0 MB[0m
2026.06.03 19:31:21 INFO  Progress (1): 0.8/1.0 MB[0m
2026.06.03 19:31:21 INFO  Progress (1): 0.8/1.0 MB[0m
2026.06.03 19:31:21 INFO  Progress (1): 0.8/1.0 MB[0m
2026.06.03 19:31:21 INFO  Progress (1): 0.8/1.0 MB[0m
2026.06.03 19:31:21 INFO  Progress (1): 0.8/1.0 MB[0m
2026.06.03 19:31:21 INFO  Progress (1): 0.8/1.0 MB[0m
2026.06.03 19:31:21 INFO  Progress (1): 0.9/1.0 MB[0m
2026.06.03 19:31:21 INFO  Progress (1): 0.9/1.0 MB[0m
2026.06.03 19:31:21 INFO  Progress (1): 0.9/1.0 MB[0m
2026.06.03 19:31:22 INFO  Progress (1): 0.9/1.0 MB[0m
2026.06.03 19:31:22 INFO  Progress (1): 0.9/1.0 MB[0m
2026.06.03 19:31:22 INFO  Progress (1): 0.9/1.0 MB[0m
2026.06.03 19:31:22 INFO  Progress (1): 1.0/1.0 MB[0m
2026.06.03 19:31:22 INFO  Progress (1): 1.0/1.0 MB[0m
2026.06.03 19:31:22 INFO  Progress (1): 1.0/1.0 MB[0m
2026.06.03 19:31:22 INFO  Progress (1): 1.0/1.0 MB[0m
2026.06.03 19:31:22 INFO  Progress (1): 1.0 MB    [0m
2026.06.03 19:31:22 INFO                      [0m
2026.06.03 19:31:22 INFO  Downloaded from central: https://repo1.maven.org/maven2/org/projectlombok/lombok/1.18.32/lombok-1.18.32-sources.jar (1.0 MB at 409 kB/s)[0m
2026.06.03 19:31:22 INFO  [INFO] SUCCESS: org.projectlombok:lombok:jar:1.18.32:compile (sources = true)[0m
2026.06.03 19:31:22 INFO  [INFO] Resolving artifact: org.springframework.boot:spring-boot:jar:3.2.5:compile (sources = false)[0m
2026.06.03 19:31:22 INFO  [INFO] SUCCESS: org.springframework.boot:spring-boot:jar:3.2.5:compile (sources = false)[0m
2026.06.03 19:31:22 INFO  [INFO] Resolving artifact: org.springframework.boot:spring-boot:jar:3.2.5:compile (sources = true)[0m
2026.06.03 19:31:22 INFO  Downloading from central: https://repo1.maven.org/maven2/org/springframework/boot/spring-boot/3.2.5/spring-boot-3.2.5-sources.jar[0m
2026.06.03 19:31:22 INFO  Progress (1): 0/1.1 MB[0m
2026.06.03 19:31:22 INFO  Progress (1): 0/1.1 MB[0m
2026.06.03 19:31:22 INFO  Progress (1): 0/1.1 MB[0m
2026.06.03 19:31:22 INFO  Progress (1): 0/1.1 MB[0m
2026.06.03 19:31:22 INFO  Progress (1): 0.1/1.1 MB[0m
2026.06.03 19:31:22 INFO  Progress (1): 0.1/1.1 MB[0m
2026.06.03 19:31:22 INFO  Progress (1): 0.1/1.1 MB[0m
2026.06.03 19:31:22 INFO  Progress (1): 0.1/1.1 MB[0m
2026.06.03 19:31:22 INFO  Progress (1): 0.1/1.1 MB[0m
2026.06.03 19:31:23 INFO  Progress (1): 0.1/1.1 MB[0m
2026.06.03 19:31:23 INFO  Progress (1): 0.2/1.1 MB[0m
2026.06.03 19:31:23 INFO  Progress (1): 0.2/1.1 MB[0m
2026.06.03 19:31:23 INFO  Progress (1): 0.2/1.1 MB[0m
2026.06.03 19:31:23 INFO  Progress (1): 0.2/1.1 MB[0m
2026.06.03 19:31:23 INFO  Progress (1): 0.2/1.1 MB[0m
2026.06.03 19:31:23 INFO  Progress (1): 0.2/1.1 MB[0m
2026.06.03 19:31:23 INFO  Progress (1): 0.3/1.1 MB[0m
2026.06.03 19:31:23 INFO  Progress (1): 0.3/1.1 MB[0m
2026.06.03 19:31:23 INFO  Progress (1): 0.3/1.1 MB[0m
2026.06.03 19:31:23 INFO  Progress (1): 0.3/1.1 MB[0m
2026.06.03 19:31:23 INFO  Progress (1): 0.3/1.1 MB[0m
2026.06.03 19:31:23 INFO  Progress (1): 0.3/1.1 MB[0m
2026.06.03 19:31:23 INFO  Progress (1): 0.4/1.1 MB[0m
2026.06.03 19:31:23 INFO  Progress (1): 0.4/1.1 MB[0m
2026.06.03 19:31:23 INFO  Progress (1): 0.4/1.1 MB[0m
2026.06.03 19:31:23 INFO  Progress (1): 0.4/1.1 MB[0m
2026.06.03 19:31:23 INFO  Progress (1): 0.4/1.1 MB[0m
2026.06.03 19:31:23 INFO  Progress (1): 0.4/1.1 MB[0m
2026.06.03 19:31:23 INFO  Progress (1): 0.5/1.1 MB[0m
2026.06.03 19:31:23 INFO  Progress (1): 0.5/1.1 MB[0m
2026.06.03 19:31:23 INFO  Progress (1): 0.5/1.1 MB[0m
2026.06.03 19:31:23 INFO  Progress (1): 0.5/1.1 MB[0m
2026.06.03 19:31:23 INFO  Progress (1): 0.5/1.1 MB[0m
2026.06.03 19:31:23 INFO  Progress (1): 0.5/1.1 MB[0m
2026.06.03 19:31:23 INFO  Progress (1): 0.6/1.1 MB[0m
2026.06.03 19:31:23 INFO  Progress (1): 0.6/1.1 MB[0m
2026.06.03 19:31:23 INFO  Progress (1): 0.6/1.1 MB[0m
2026.06.03 19:31:23 INFO  Progress (1): 0.6/1.1 MB[0m
2026.06.03 19:31:24 INFO  Progress (1): 0.6/1.1 MB[0m
2026.06.03 19:31:24 INFO  Progress (1): 0.6/1.1 MB[0m
2026.06.03 19:31:24 INFO  Progress (1): 0.7/1.1 MB[0m
2026.06.03 19:31:24 INFO  Progress (1): 0.7/1.1 MB[0m
2026.06.03 19:31:24 INFO  Progress (1): 0.7/1.1 MB[0m
2026.06.03 19:31:24 INFO  Progress (1): 0.7/1.1 MB[0m
2026.06.03 19:31:24 INFO  Progress (1): 0.7/1.1 MB[0m
2026.06.03 19:31:24 INFO  Progress (1): 0.7/1.1 MB[0m
2026.06.03 19:31:24 INFO  Progress (1): 0.7/1.1 MB[0m
2026.06.03 19:31:24 INFO  Progress (1): 0.8/1.1 MB[0m
2026.06.03 19:31:24 INFO  Progress (1): 0.8/1.1 MB[0m
2026.06.03 19:31:24 INFO  Progress (1): 0.8/1.1 MB[0m
2026.06.03 19:31:24 INFO  Progress (1): 0.8/1.1 MB[0m
2026.06.03 19:31:24 INFO  Progress (1): 0.8/1.1 MB[0m
2026.06.03 19:31:24 INFO  Progress (1): 0.8/1.1 MB[0m
2026.06.03 19:31:24 INFO  Progress (1): 0.9/1.1 MB[0m
2026.06.03 19:31:24 INFO  Progress (1): 0.9/1.1 MB[0m
2026.06.03 19:31:24 INFO  Progress (1): 0.9/1.1 MB[0m
2026.06.03 19:31:24 INFO  Progress (1): 0.9/1.1 MB[0m
2026.06.03 19:31:24 INFO  Progress (1): 0.9/1.1 MB[0m
2026.06.03 19:31:24 INFO  Progress (1): 0.9/1.1 MB[0m
2026.06.03 19:31:24 INFO  Progress (1): 1.0/1.1 MB[0m
2026.06.03 19:31:24 INFO  Progress (1): 1.0/1.1 MB[0m
2026.06.03 19:31:24 INFO  Progress (1): 1.0/1.1 MB[0m
2026.06.03 19:31:24 INFO  Progress (1): 1.0/1.1 MB[0m
2026.06.03 19:31:24 INFO  Progress (1): 1.0/1.1 MB[0m
2026.06.03 19:31:24 INFO  Progress (1): 1.0/1.1 MB[0m
2026.06.03 19:31:24 INFO  Progress (1): 1.1/1.1 MB[0m
2026.06.03 19:31:24 INFO  Progress (1): 1.1/1.1 MB[0m
2026.06.03 19:31:24 INFO  Progress (1): 1.1/1.1 MB[0m
2026.06.03 19:31:24 INFO  Progress (1): 1.1/1.1 MB[0m
2026.06.03 19:31:24 INFO  Progress (1): 1.1 MB    [0m
2026.06.03 19:31:24 INFO                      [0m
2026.06.03 19:31:24 INFO  Downloaded from central: https://repo1.maven.org/maven2/org/springframework/boot/spring-boot/3.2.5/spring-boot-3.2.5-sources.jar (1.1 MB at 490 kB/s)[0m
2026.06.03 19:31:24 INFO  [INFO] SUCCESS: org.springframework.boot:spring-boot:jar:3.2.5:compile (sources = true)[0m
2026.06.03 19:31:24 INFO  [INFO] Resolving artifact: org.aspectj:aspectjweaver:jar:1.9.22:compile (sources = false)[0m
2026.06.03 19:31:24 INFO  [INFO] SUCCESS: org.aspectj:aspectjweaver:jar:1.9.22:compile (sources = false)[0m
2026.06.03 19:31:24 INFO  [INFO] Resolving artifact: org.aspectj:aspectjweaver:jar:1.9.22:compile (sources = true)[0m
2026.06.03 19:31:24 INFO  Downloading from central: https://repo1.maven.org/maven2/org/aspectj/aspectjweaver/1.9.22/aspectjweaver-1.9.22-sources.jar[0m
2026.06.03 19:31:24 INFO  Progress (1): 0/1.8 MB[0m
2026.06.03 19:31:24 INFO  Progress (1): 0/1.8 MB[0m
2026.06.03 19:31:24 INFO  Progress (1): 0/1.8 MB[0m
2026.06.03 19:31:24 INFO  Progress (1): 0/1.8 MB[0m
2026.06.03 19:31:24 INFO  Progress (1): 0.1/1.8 MB[0m
2026.06.03 19:31:25 INFO  Progress (1): 0.1/1.8 MB[0m
2026.06.03 19:31:25 INFO  Progress (1): 0.1/1.8 MB[0m
2026.06.03 19:31:25 INFO  Progress (1): 0.1/1.8 MB[0m
2026.06.03 19:31:25 INFO  Progress (1): 0.1/1.8 MB[0m
2026.06.03 19:31:25 INFO  Progress (1): 0.1/1.8 MB[0m
2026.06.03 19:31:25 INFO  Progress (1): 0.2/1.8 MB[0m
2026.06.03 19:31:25 INFO  Progress (1): 0.2/1.8 MB[0m
2026.06.03 19:31:25 INFO  Progress (1): 0.2/1.8 MB[0m
2026.06.03 19:31:25 INFO  Progress (1): 0.2/1.8 MB[0m
2026.06.03 19:31:25 INFO  Progress (1): 0.2/1.8 MB[0m
2026.06.03 19:31:25 INFO  Progress (1): 0.2/1.8 MB[0m
2026.06.03 19:31:25 INFO  Progress (1): 0.3/1.8 MB[0m
2026.06.03 19:31:25 INFO  Progress (1): 0.3/1.8 MB[0m
2026.06.03 19:31:25 INFO  Progress (1): 0.3/1.8 MB[0m
2026.06.03 19:31:25 INFO  Progress (1): 0.3/1.8 MB[0m
2026.06.03 19:31:25 INFO  Progress (1): 0.3/1.8 MB[0m
2026.06.03 19:31:25 INFO  Progress (1): 0.3/1.8 MB[0m
2026.06.03 19:31:25 INFO  Progress (1): 0.4/1.8 MB[0m
2026.06.03 19:31:25 INFO  Progress (1): 0.4/1.8 MB[0m
2026.06.03 19:31:25 INFO  Progress (1): 0.4/1.8 MB[0m
2026.06.03 19:31:25 INFO  Progress (1): 0.4/1.8 MB[0m
2026.06.03 19:31:25 INFO  Progress (1): 0.4/1.8 MB[0m
2026.06.03 19:31:25 INFO  Progress (1): 0.4/1.8 MB[0m
2026.06.03 19:31:25 INFO  Progress (1): 0.5/1.8 MB[0m
2026.06.03 19:31:25 INFO  Progress (1): 0.5/1.8 MB[0m
2026.06.03 19:31:25 INFO  Progress (1): 0.5/1.8 MB[0m
2026.06.03 19:31:25 INFO  Progress (1): 0.5/1.8 MB[0m
2026.06.03 19:31:25 INFO  Progress (1): 0.5/1.8 MB[0m
2026.06.03 19:31:25 INFO  Progress (1): 0.5/1.8 MB[0m
2026.06.03 19:31:25 INFO  Progress (1): 0.6/1.8 MB[0m
2026.06.03 19:31:25 INFO  Progress (1): 0.6/1.8 MB[0m
2026.06.03 19:31:25 INFO  Progress (1): 0.6/1.8 MB[0m
2026.06.03 19:31:25 INFO  Progress (1): 0.6/1.8 MB[0m
2026.06.03 19:31:25 INFO  Progress (1): 0.6/1.8 MB[0m
2026.06.03 19:31:25 INFO  Progress (1): 0.6/1.8 MB[0m
2026.06.03 19:31:25 INFO  Progress (1): 0.7/1.8 MB[0m
2026.06.03 19:31:25 INFO  Progress (1): 0.7/1.8 MB[0m
2026.06.03 19:31:25 INFO  Progress (1): 0.7/1.8 MB[0m
2026.06.03 19:31:25 INFO  Progress (1): 0.7/1.8 MB[0m
2026.06.03 19:31:25 INFO  Progress (1): 0.7/1.8 MB[0m
2026.06.03 19:31:25 INFO  Progress (1): 0.7/1.8 MB[0m
2026.06.03 19:31:25 INFO  Progress (1): 0.8/1.8 MB[0m
2026.06.03 19:31:25 INFO  Progress (1): 0.8/1.8 MB[0m
2026.06.03 19:31:25 INFO  Progress (1): 0.8/1.8 MB[0m
2026.06.03 19:31:25 INFO  Progress (1): 0.8/1.8 MB[0m
2026.06.03 19:31:25 INFO  Progress (1): 0.8/1.8 MB[0m
2026.06.03 19:31:25 INFO  Progress (1): 0.8/1.8 MB[0m
2026.06.03 19:31:25 INFO  Progress (1): 0.9/1.8 MB[0m
2026.06.03 19:31:25 INFO  Progress (1): 0.9/1.8 MB[0m
2026.06.03 19:31:25 INFO  Progress (1): 0.9/1.8 MB[0m
2026.06.03 19:31:25 INFO  Progress (1): 0.9/1.8 MB[0m
2026.06.03 19:31:25 INFO  Progress (1): 0.9/1.8 MB[0m
2026.06.03 19:31:25 INFO  Progress (1): 0.9/1.8 MB[0m
2026.06.03 19:31:25 INFO  Progress (1): 0.9/1.8 MB[0m
2026.06.03 19:31:25 INFO  Progress (1): 1.0/1.8 MB[0m
2026.06.03 19:31:25 INFO  Progress (1): 1.0/1.8 MB[0m
2026.06.03 19:31:25 INFO  Progress (1): 1.0/1.8 MB[0m
2026.06.03 19:31:25 INFO  Progress (1): 1.0/1.8 MB[0m
2026.06.03 19:31:26 INFO  Progress (1): 1.0/1.8 MB[0m
2026.06.03 19:31:26 INFO  Progress (1): 1.0/1.8 MB[0m
2026.06.03 19:31:26 INFO  Progress (1): 1.1/1.8 MB[0m
2026.06.03 19:31:26 INFO  Progress (1): 1.1/1.8 MB[0m
2026.06.03 19:31:26 INFO  Progress (1): 1.1/1.8 MB[0m
2026.06.03 19:31:26 INFO  Progress (1): 1.1/1.8 MB[0m
2026.06.03 19:31:26 INFO  Progress (1): 1.1/1.8 MB[0m
2026.06.03 19:31:26 INFO  Progress (1): 1.1/1.8 MB[0m
2026.06.03 19:31:27 INFO  Progress (1): 1.2/1.8 MB[0m
2026.06.03 19:31:27 INFO  Progress (1): 1.2/1.8 MB[0m
2026.06.03 19:31:27 INFO  Progress (1): 1.2/1.8 MB[0m
2026.06.03 19:31:27 INFO  Progress (1): 1.2/1.8 MB[0m
2026.06.03 19:31:27 INFO  Progress (1): 1.2/1.8 MB[0m
2026.06.03 19:31:27 INFO  Progress (1): 1.2/1.8 MB[0m
2026.06.03 19:31:27 INFO  Progress (1): 1.3/1.8 MB[0m
2026.06.03 19:31:27 INFO  Progress (1): 1.3/1.8 MB[0m
2026.06.03 19:31:27 INFO  Progress (1): 1.3/1.8 MB[0m
2026.06.03 19:31:27 INFO  Progress (1): 1.3/1.8 MB[0m
2026.06.03 19:31:27 INFO  Progress (1): 1.3/1.8 MB[0m
2026.06.03 19:31:27 INFO  Progress (1): 1.3/1.8 MB[0m
2026.06.03 19:31:27 INFO  Progress (1): 1.4/1.8 MB[0m
2026.06.03 19:31:27 INFO  Progress (1): 1.4/1.8 MB[0m
2026.06.03 19:31:27 INFO  Progress (1): 1.4/1.8 MB[0m
2026.06.03 19:31:27 INFO  Progress (1): 1.4/1.8 MB[0m
2026.06.03 19:31:27 INFO  Progress (1): 1.4/1.8 MB[0m
2026.06.03 19:31:29 INFO  Progress (1): 1.4/1.8 MB[0m
2026.06.03 19:31:29 INFO  Progress (1): 1.5/1.8 MB[0m
2026.06.03 19:31:29 INFO  Progress (1): 1.5/1.8 MB[0m
2026.06.03 19:31:29 INFO  Progress (1): 1.5/1.8 MB[0m
2026.06.03 19:31:29 INFO  Progress (1): 1.5/1.8 MB[0m
2026.06.03 19:31:29 INFO  Progress (1): 1.5/1.8 MB[0m
2026.06.03 19:31:30 INFO  Progress (1): 1.5/1.8 MB[0m
2026.06.03 19:31:30 INFO  Progress (1): 1.6/1.8 MB[0m
2026.06.03 19:31:30 INFO  Progress (1): 1.6/1.8 MB[0m
2026.06.03 19:31:30 INFO  Progress (1): 1.6/1.8 MB[0m
2026.06.03 19:31:30 INFO  Progress (1): 1.6/1.8 MB[0m
2026.06.03 19:31:30 INFO  Progress (1): 1.6/1.8 MB[0m
2026.06.03 19:31:30 INFO  Progress (1): 1.6/1.8 MB[0m
2026.06.03 19:31:31 INFO  Progress (1): 1.7/1.8 MB[0m
2026.06.03 19:31:31 INFO  Progress (1): 1.7/1.8 MB[0m
2026.06.03 19:31:31 INFO  Progress (1): 1.7/1.8 MB[0m
2026.06.03 19:31:31 INFO  Progress (1): 1.7/1.8 MB[0m
2026.06.03 19:31:31 INFO  Progress (1): 1.7/1.8 MB[0m
2026.06.03 19:31:31 INFO  Progress (1): 1.7/1.8 MB[0m
2026.06.03 19:31:32 INFO  Progress (1): 1.8 MB    [0m
2026.06.03 19:31:32 INFO                      [0m
2026.06.03 19:31:32 INFO  Downloaded from central: https://repo1.maven.org/maven2/org/aspectj/aspectjweaver/1.9.22/aspectjweaver-1.9.22-sources.jar (1.8 MB at 253 kB/s)[0m
2026.06.03 19:31:32 INFO  [INFO] SUCCESS: org.aspectj:aspectjweaver:jar:1.9.22:compile (sources = true)[0m
2026.06.03 19:31:32 INFO  [INFO] Resolving artifact: org.xmlunit:xmlunit-core:jar:2.9.1:test (sources = false)[0m
2026.06.03 19:31:32 INFO  [INFO] SUCCESS: org.xmlunit:xmlunit-core:jar:2.9.1:test (sources = false)[0m
2026.06.03 19:31:32 INFO  [INFO] Resolving artifact: org.xmlunit:xmlunit-core:jar:2.9.1:test (sources = true)[0m
2026.06.03 19:31:32 INFO  Downloading from central: https://repo1.maven.org/maven2/org/xmlunit/xmlunit-core/2.9.1/xmlunit-core-2.9.1-sources.jar[0m
2026.06.03 19:31:32 INFO  Progress (1): 3.2/109 kB[0m
2026.06.03 19:31:32 INFO  Progress (1): 20/109 kB [0m
2026.06.03 19:31:32 INFO  Progress (1): 36/109 kB[0m
2026.06.03 19:31:32 INFO  Progress (1): 52/109 kB[0m
2026.06.03 19:31:32 INFO  Progress (1): 61/109 kB[0m
2026.06.03 19:31:32 INFO  Progress (1): 77/109 kB[0m
2026.06.03 19:31:32 INFO  Progress (1): 93/109 kB[0m
2026.06.03 19:31:33 INFO  Progress (1): 109 kB   [0m
2026.06.03 19:31:33 INFO                      [0m
2026.06.03 19:31:33 INFO  Downloaded from central: https://repo1.maven.org/maven2/org/xmlunit/xmlunit-core/2.9.1/xmlunit-core-2.9.1-sources.jar (109 kB at 124 kB/s)[0m
2026.06.03 19:31:33 INFO  [INFO] SUCCESS: org.xmlunit:xmlunit-core:jar:2.9.1:test (sources = true)[0m
2026.06.03 19:31:33 INFO  [INFO] Resolving artifact: net.minidev:accessors-smart:jar:2.5.1:test (sources = false)[0m
2026.06.03 19:31:33 INFO  [INFO] SUCCESS: net.minidev:accessors-smart:jar:2.5.1:test (sources = false)[0m
2026.06.03 19:31:33 INFO  [INFO] Resolving artifact: net.minidev:accessors-smart:jar:2.5.1:test (sources = true)[0m
2026.06.03 19:31:33 INFO  Downloading from central: https://repo1.maven.org/maven2/net/minidev/accessors-smart/2.5.1/accessors-smart-2.5.1-sources.jar[0m
2026.06.03 19:31:33 INFO  Progress (1): 7.7/23 kB[0m
2026.06.03 19:31:33 INFO  Progress (1): 8.2/23 kB[0m
2026.06.03 19:31:33 INFO  Progress (1): 23 kB    [0m
2026.06.03 19:31:33 INFO                     [0m
2026.06.03 19:31:33 INFO  Downloaded from central: https://repo1.maven.org/maven2/net/minidev/accessors-smart/2.5.1/accessors-smart-2.5.1-sources.jar (23 kB at 66 kB/s)[0m
2026.06.03 19:31:33 INFO  [INFO] SUCCESS: net.minidev:accessors-smart:jar:2.5.1:test (sources = true)[0m
2026.06.03 19:31:33 INFO  [INFO] Resolving artifact: org.junit.platform:junit-platform-commons:jar:1.10.2:test (sources = false)[0m
2026.06.03 19:31:33 INFO  [INFO] SUCCESS: org.junit.platform:junit-platform-commons:jar:1.10.2:test (sources = false)[0m
2026.06.03 19:31:33 INFO  [INFO] Resolving artifact: org.junit.platform:junit-platform-commons:jar:1.10.2:test (sources = true)[0m
2026.06.03 19:31:33 INFO  Downloading from central: https://repo1.maven.org/maven2/org/junit/platform/junit-platform-commons/1.10.2/junit-platform-commons-1.10.2-sources.jar[0m
2026.06.03 19:31:33 INFO  Progress (1): 7.7/78 kB[0m
2026.06.03 19:31:33 INFO  Progress (1): 8.2/78 kB[0m
2026.06.03 19:31:33 INFO  Progress (1): 25/78 kB [0m
2026.06.03 19:31:34 INFO  Progress (1): 41/78 kB[0m
2026.06.03 19:31:34 INFO  Progress (1): 57/78 kB[0m
2026.06.03 19:31:34 INFO  Progress (1): 74/78 kB[0m
2026.06.03 19:31:34 INFO  Progress (1): 78 kB   [0m
2026.06.03 19:31:34 INFO                     [0m
2026.06.03 19:31:34 INFO  Downloaded from central: https://repo1.maven.org/maven2/org/junit/platform/junit-platform-commons/1.10.2/junit-platform-commons-1.10.2-sources.jar (78 kB at 90 kB/s)[0m
2026.06.03 19:31:34 INFO  [INFO] SUCCESS: org.junit.platform:junit-platform-commons:jar:1.10.2:test (sources = true)[0m
2026.06.03 19:31:34 INFO  [INFO] Resolving artifact: jakarta.transaction:jakarta.transaction-api:jar:2.0.1:compile (sources = false)[0m
2026.06.03 19:31:34 INFO  [INFO] SUCCESS: jakarta.transaction:jakarta.transaction-api:jar:2.0.1:compile (sources = false)[0m
2026.06.03 19:31:34 INFO  [INFO] Resolving artifact: jakarta.transaction:jakarta.transaction-api:jar:2.0.1:compile (sources = true)[0m
2026.06.03 19:31:34 INFO  [INFO] SUCCESS: jakarta.transaction:jakarta.transaction-api:jar:2.0.1:compile (sources = true)[0m
2026.06.03 19:31:34 INFO  [INFO] Resolving artifact: org.mariadb.jdbc:mariadb-java-client:jar:3.3.3:compile (sources = false)[0m
2026.06.03 19:31:34 INFO  [INFO] SUCCESS: org.mariadb.jdbc:mariadb-java-client:jar:3.3.3:compile (sources = false)[0m
2026.06.03 19:31:34 INFO  [INFO] Resolving artifact: org.mariadb.jdbc:mariadb-java-client:jar:3.3.3:compile (sources = true)[0m
2026.06.03 19:31:34 INFO  Downloading from central: https://repo1.maven.org/maven2/org/mariadb/jdbc/mariadb-java-client/3.3.3/mariadb-java-client-3.3.3-sources.jar[0m
2026.06.03 19:31:34 INFO  Progress (1): 7.7/467 kB[0m
2026.06.03 19:31:34 INFO  Progress (1): 16/467 kB [0m
2026.06.03 19:31:34 INFO  Progress (1): 32/467 kB[0m
2026.06.03 19:31:35 INFO  Progress (1): 49/467 kB[0m
2026.06.03 19:31:35 INFO  Progress (1): 65/467 kB[0m
2026.06.03 19:31:35 INFO  Progress (1): 81/467 kB[0m
2026.06.03 19:31:35 INFO  Progress (1): 82/467 kB[0m
2026.06.03 19:31:35 INFO  Progress (1): 98/467 kB[0m
2026.06.03 19:31:35 INFO  Progress (1): 115/467 kB[0m
2026.06.03 19:31:36 INFO  Shutting down server[0m
2026.06.03 19:31:35 INFO  Progress (1): 131/467 kB[0m
2026.06.03 19:31:36 INFO  Memory monitor stopped[0m
2026.06.03 19:31:36 INFO  shutting down Metals[0m
2026.06.03 19:31:35 INFO  Progress (1): 147/467 kB[0m
2026.06.03 19:31:36 INFO  Progress (1): 164/467 kB[0m
2026.06.03 19:31:36 INFO  Progress (1): 180/467 kB[0m
2026.06.03 19:31:36 INFO  Progress (1): 197/467 kB[0m
2026.06.03 19:31:37 INFO  time: ran 'mvn bloopInstall' in 1m44s[0m
2026.06.03 19:31:37 ERROR Maven command failed: /usr/lib/jvm/java-21-openjdk/bin/java -Dfile.encoding=UTF-8 -Dmaven.multiModuleProjectDirectory=/home/santiago/DesarrolloDeSoftwareI/victus-caf/victus-caf-backend -Dmaven.home=/tmp/metals4351126026801318701 -cp /tmp/metals4351126026801318701/maven-wrapper.jar org.apache.maven.wrapper.MavenWrapperMain generate-sources ch.epfl.scala:bloop-maven-plugin:2.0.3:bloopInstall -DdownloadSources=true[0m
2026.06.03 19:31:37 INFO  Exiting server[0m
2026.06.03 19:36:39 INFO  Started: Metals version 1.6.7 in folders '/home/santiago/DesarrolloDeSoftwareI/victus-caf' for client Code - OSS 1.121.0.[0m
2026.06.03 19:36:40 INFO  time: initialize in 0.19s[0m
2026.06.03 19:36:39 INFO  Memory monitor started[0m
2026.06.03 19:36:47 WARN  Using H2 2.4.240 which is newer than the version Flyway has been verified with. The latest verified version of H2 is 2.3.232.[0m
2026.06.03 19:36:48 INFO  skipping build import with status 'Started'[0m
2026.06.03 19:36:48 WARN  no build target for: /home/santiago/DesarrolloDeSoftwareI/victus-caf/victus-caf-backend/src/main/java/com/victuscaf/modules/client/models/FlujoDeCaja.java[0m
2026.06.03 19:36:48 WARN  no build target for: /home/santiago/DesarrolloDeSoftwareI/victus-caf/victus-caf-backend/src/main/java/com/victuscaf/modules/client/models/EstadoContratoParticular.java[0m
2026.06.03 19:36:48 WARN  no build target for: /home/santiago/DesarrolloDeSoftwareI/victus-caf/victus-caf-backend/src/main/java/com/victuscaf/modules/client/service/ClienteService.java[0m
2026.06.03 19:36:48 WARN  no build target for: /home/santiago/DesarrolloDeSoftwareI/victus-caf/victus-caf-backend/src/main/java/com/victuscaf/modules/client/models/TipoDeMembresia.java[0m
2026.06.03 19:36:48 WARN  no build target for: /home/santiago/DesarrolloDeSoftwareI/victus-caf/victus-caf-backend/src/main/java/com/victuscaf/modules/client/models/EstadoRemision.java[0m
2026.06.03 19:36:48 WARN  no build target for: /home/santiago/DesarrolloDeSoftwareI/victus-caf/victus-caf-backend/src/main/java/com/victuscaf/modules/client/models/Entrenador.java[0m
2026.06.03 19:36:48 WARN  no build target for: /home/santiago/DesarrolloDeSoftwareI/victus-caf/victus-caf-backend/src/main/java/com/victuscaf/modules/client/models/TipoAccion.java[0m
2026.06.03 19:36:48 WARN  no build target for: /home/santiago/DesarrolloDeSoftwareI/victus-caf/victus-caf-backend/src/main/java/com/victuscaf/modules/client/models/EstadoContratoEps.java[0m
2026.06.03 19:36:48 WARN  no build target for: /home/santiago/DesarrolloDeSoftwareI/victus-caf/victus-caf-backend/src/main/java/com/victuscaf/modules/client/models/Secretaria.java[0m
2026.06.03 19:36:48 WARN  no build target for: /home/santiago/DesarrolloDeSoftwareI/victus-caf/victus-caf-backend/src/main/java/com/victuscaf/modules/client/models/HorarioEntrenador.java[0m
2026.06.03 19:36:48 WARN  no build target for: /home/santiago/DesarrolloDeSoftwareI/victus-caf/victus-caf-backend/src/main/java/com/victuscaf/modules/client/models/FacturaEps.java[0m
2026.06.03 19:36:48 WARN  no build target for: /home/santiago/DesarrolloDeSoftwareI/victus-caf/victus-caf-backend/src/main/java/com/victuscaf/modules/client/models/Rutina.java[0m
2026.06.03 19:36:48 WARN  no build target for: /home/santiago/DesarrolloDeSoftwareI/victus-caf/victus-caf-backend/src/main/java/com/victuscaf/modules/client/models/Notificacion.java[0m
2026.06.03 19:36:48 WARN  no build target for: /home/santiago/DesarrolloDeSoftwareI/victus-caf/victus-caf-backend/src/main/java/com/victuscaf/modules/client/models/Contrato.java[0m
2026.06.03 19:36:48 WARN  no build target for: /home/santiago/DesarrolloDeSoftwareI/victus-caf/victus-caf-backend/src/main/java/com/victuscaf/modules/client/models/RegistroMantenimiento.java[0m
2026.06.03 19:36:48 WARN  no build target for: /home/santiago/DesarrolloDeSoftwareI/victus-caf/victus-caf-backend/src/main/java/com/victuscaf/modules/client/models/BitacoraAccion.java[0m
2026.06.03 19:36:48 WARN  no build target for: /home/santiago/DesarrolloDeSoftwareI/victus-caf/victus-caf-backend/src/main/java/com/victuscaf/modules/client/models/ParticularDiario.java[0m
2026.06.03 19:36:48 WARN  no build target for: /home/santiago/DesarrolloDeSoftwareI/victus-caf/victus-caf-backend/src/main/java/com/victuscaf/modules/client/models/EstadoPago.java[0m
2026.06.03 19:36:48 WARN  no build target for: /home/santiago/DesarrolloDeSoftwareI/victus-caf/victus-caf-backend/src/main/java/com/victuscaf/modules/client/models/BeneficiarioEps.java[0m
2026.06.03 19:36:48 WARN  no build target for: /home/santiago/DesarrolloDeSoftwareI/victus-caf/victus-caf-backend/src/main/java/com/victuscaf/modules/client/models/Usuario.java[0m
2026.06.03 19:36:49 WARN  no build target for: /home/santiago/DesarrolloDeSoftwareI/victus-caf/victus-caf-backend/src/main/java/com/victuscaf/modules/client/models/Mensaje.java[0m
2026.06.03 19:36:49 WARN  no build target for: /home/santiago/DesarrolloDeSoftwareI/victus-caf/victus-caf-backend/src/main/java/com/victuscaf/modules/client/models/ParticularMensual.java[0m
2026.06.03 19:36:49 WARN  no build target for: /home/santiago/DesarrolloDeSoftwareI/victus-caf/victus-caf-backend/src/main/java/com/victuscaf/modules/client/models/MetaFisica.java[0m
2026.06.03 19:36:49 WARN  no build target for: /home/santiago/DesarrolloDeSoftwareI/victus-caf/victus-caf-backend/src/main/java/com/victuscaf/modules/client/models/EvaluacionFisica.java[0m
2026.06.03 19:36:49 WARN  no build target for: /home/santiago/DesarrolloDeSoftwareI/victus-caf/victus-caf-backend/src/main/java/com/victuscaf/modules/client/models/EstadoFacturaEps.java[0m
2026.06.03 19:36:49 WARN  no build target for: /home/santiago/DesarrolloDeSoftwareI/victus-caf/victus-caf-backend/src/main/java/com/victuscaf/modules/client/repository/EquipoRepository.java[0m
2026.06.03 19:36:48 WARN  no build target for: /home/santiago/DesarrolloDeSoftwareI/victus-caf/victus-caf-backend/src/main/java/com/victuscaf/modules/client/models/Tarifa.java[0m
2026.06.03 19:36:49 WARN  no build target for: /home/santiago/DesarrolloDeSoftwareI/victus-caf/victus-caf-backend/src/main/java/com/victuscaf/modules/client/repository/EntrenadorRepository.java[0m
2026.06.03 19:36:49 WARN  no build target for: /home/santiago/DesarrolloDeSoftwareI/victus-caf/victus-caf-backend/src/main/java/com/victuscaf/modules/client/repository/EvaluacionFisicaRepository.java[0m
2026.06.03 19:36:49 WARN  no build target for: /home/santiago/DesarrolloDeSoftwareI/victus-caf/victus-caf-backend/src/main/java/com/victuscaf/modules/client/models/TipoDeCliente.java[0m
2026.06.03 19:36:49 WARN  no build target for: /home/santiago/DesarrolloDeSoftwareI/victus-caf/victus-caf-backend/src/main/java/com/victuscaf/modules/client/models/EstadoMembresia.java[0m
2026.06.03 19:36:49 WARN  no build target for: /home/santiago/DesarrolloDeSoftwareI/victus-caf/victus-caf-backend/src/main/java/com/victuscaf/modules/client/models/MetodoDePago.java[0m
2026.06.03 19:36:49 WARN  no build target for: /home/santiago/DesarrolloDeSoftwareI/victus-caf/victus-caf-backend/src/main/java/com/victuscaf/modules/client/models/Pago.java[0m
2026.06.03 19:36:48 WARN  no build target for: /home/santiago/DesarrolloDeSoftwareI/victus-caf/victus-caf-backend/src/main/java/com/victuscaf/modules/client/models/Rol.java[0m
2026.06.03 19:36:49 WARN  no build target for: /home/santiago/DesarrolloDeSoftwareI/victus-caf/victus-caf-backend/src/main/java/com/victuscaf/modules/client/models/GastoOperativo.java[0m
2026.06.03 19:36:48 WARN  no build target for: /home/santiago/DesarrolloDeSoftwareI/victus-caf/victus-caf-backend/src/main/java/com/victuscaf/modules/client/repository/RutinaRepository.java[0m
2026.06.03 19:36:49 WARN  no build target for: /home/santiago/DesarrolloDeSoftwareI/victus-caf/victus-caf-backend/src/main/java/com/victuscaf/modules/client/models/Equipo.java[0m
2026.06.03 19:36:49 WARN  no build target for: /home/santiago/DesarrolloDeSoftwareI/victus-caf/victus-caf-backend/src/main/java/com/victuscaf/modules/client/models/Administrador.java[0m
2026.06.03 19:36:49 WARN  no build target for: /home/santiago/DesarrolloDeSoftwareI/victus-caf/victus-caf-backend/src/main/java/com/victuscaf/modules/client/repository/BitacoraAccionRepository.java[0m
2026.06.03 19:36:48 WARN  no build target for: /home/santiago/DesarrolloDeSoftwareI/victus-caf/victus-caf-backend/src/main/java/com/victuscaf/modules/client/models/TipoGasto.java[0m
2026.06.03 19:36:49 WARN  no build target for: /home/santiago/DesarrolloDeSoftwareI/victus-caf/victus-caf-backend/src/main/java/com/victuscaf/modules/client/models/EstadoEquipo.java[0m
2026.06.03 19:36:48 WARN  no build target for: /home/santiago/DesarrolloDeSoftwareI/victus-caf/victus-caf-backend/src/main/java/com/victuscaf/modules/client/models/Remision.java[0m
2026.06.03 19:36:48 WARN  no build target for: /home/santiago/DesarrolloDeSoftwareI/victus-caf/victus-caf-backend/src/main/java/com/victuscaf/modules/client/models/Asistencia.java[0m
2026.06.03 19:36:49 WARN  no build target for: /home/santiago/DesarrolloDeSoftwareI/victus-caf/victus-caf-backend/src/main/java/com/victuscaf/modules/client/repository/RegistroMantenimientoRepository.java[0m
2026.06.03 19:36:48 WARN  no build target for: /home/santiago/DesarrolloDeSoftwareI/victus-caf/victus-caf-backend/src/main/java/com/victuscaf/modules/client/models/TipoDePago.java[0m
2026.06.03 19:36:49 WARN  no build target for: /home/santiago/DesarrolloDeSoftwareI/victus-caf/victus-caf-backend/src/main/java/com/victuscaf/modules/client/models/Turno.java[0m
2026.06.03 19:36:49 WARN  no build target for: /home/santiago/DesarrolloDeSoftwareI/victus-caf/victus-caf-backend/src/main/java/com/victuscaf/modules/client/models/UsuarioSistema.java[0m
2026.06.03 19:36:49 WARN  no build target for: /home/santiago/DesarrolloDeSoftwareI/victus-caf/victus-caf-backend/src/main/java/com/victuscaf/modules/client/repository/HorarioEntrenadorRepository.java[0m
2026.06.03 19:37:29 WARN  no build target for: /home/santiago/DesarrolloDeSoftwareI/victus-caf/victus-caf-backend/src/main/java/com/victuscaf/modules/client/repository/ParticularMensualRepository.java[0m
2026.06.03 19:37:29 WARN  no build target for: /home/santiago/DesarrolloDeSoftwareI/victus-caf/victus-caf-backend/src/main/java/com/victuscaf/modules/client/repository/UsuarioRepository.java[0m
2026.06.03 19:37:30 INFO  no build target found for /home/santiago/DesarrolloDeSoftwareI/victus-caf/victus-caf-backend/src/main/java/com/victuscaf/modules/client/service/ClienteService.java. Using fallback presentation compiler.[0m
2026.06.03 19:37:34 INFO  Created report: Optional[file:///home/santiago/DesarrolloDeSoftwareI/victus-caf/victus-caf-backend/src/main/java/com/victuscaf/modules/client/service/ClienteService.java][0m
2026.06.03 19:37:34 INFO  empty definition using pc, found symbol in pc: _empty_/ClienteDiarioDTO#numeroDeDocumento# (full report at: "/home/santiago/DesarrolloDeSoftwareI/victus-caf/.metals/.reports/metals-full/2026-06-03/r_empty-definition_19-37-34-301.md")[0m
2026.06.03 19:37:35 INFO  no build target found for /home/santiago/DesarrolloDeSoftwareI/victus-caf/victus-caf-backend/src/main/java/com/victuscaf/modules/client/repository/ParticularMensualRepository.java. Using fallback presentation compiler.[0m
2026.06.03 19:37:37 INFO  Created report: Optional[file:///home/santiago/DesarrolloDeSoftwareI/victus-caf/victus-caf-backend/src/main/java/com/victuscaf/modules/client/repository/ParticularMensualRepository.java][0m
2026.06.03 19:37:37 INFO  empty definition using pc, found symbol in pc: com/victuscaf/modules/client/models/EstadoMembresia# (full report at: "/home/santiago/DesarrolloDeSoftwareI/victus-caf/.metals/.reports/metals-full/2026-06-03/r_empty-definition_19-37-37-742.md")[0m
2026.06.03 19:39:08 WARN  no build target for: /home/santiago/DesarrolloDeSoftwareI/victus-caf/victus-caf-backend/src/main/java/com/victuscaf/modules/client/repository/ContratoRepository.java[0m
2026.06.03 19:39:23 INFO  no build target found for /home/santiago/DesarrolloDeSoftwareI/victus-caf/victus-caf-backend/src/main/java/com/victuscaf/modules/client/repository/EvaluacionFisicaRepository.java. Using fallback presentation compiler.[0m
2026.06.03 19:39:23 INFO  no build target found for /home/santiago/DesarrolloDeSoftwareI/victus-caf/victus-caf-backend/src/main/java/com/victuscaf/modules/client/repository/EntrenadorRepository.java. Using fallback presentation compiler.[0m
2026.06.03 19:39:23 INFO  no build target found for /home/santiago/DesarrolloDeSoftwareI/victus-caf/victus-caf-backend/src/main/java/com/victuscaf/modules/client/repository/RegistroMantenimientoRepository.java. Using fallback presentation compiler.[0m
2026.06.03 19:39:23 INFO  no build target found for /home/santiago/DesarrolloDeSoftwareI/victus-caf/victus-caf-backend/src/main/java/com/victuscaf/modules/client/repository/BitacoraAccionRepository.java. Using fallback presentation compiler.[0m
2026.06.03 19:39:23 INFO  no build target found for /home/santiago/DesarrolloDeSoftwareI/victus-caf/victus-caf-backend/src/main/java/com/victuscaf/modules/client/repository/HorarioEntrenadorRepository.java. Using fallback presentation compiler.[0m
2026.06.03 19:39:23 INFO  no build target found for /home/santiago/DesarrolloDeSoftwareI/victus-caf/victus-caf-backend/src/main/java/com/victuscaf/modules/client/repository/EquipoRepository.java. Using fallback presentation compiler.[0m
2026.06.03 19:39:23 INFO  no build target found for /home/santiago/DesarrolloDeSoftwareI/victus-caf/victus-caf-backend/src/main/java/com/victuscaf/modules/client/repository/RutinaRepository.java. Using fallback presentation compiler.[0m
2026.06.03 19:39:23 INFO  no build target found for /home/santiago/DesarrolloDeSoftwareI/victus-caf/victus-caf-backend/src/main/java/com/victuscaf/modules/client/models/EstadoEquipo.java. Using fallback presentation compiler.[0m
2026.06.03 19:39:23 INFO  no build target found for /home/santiago/DesarrolloDeSoftwareI/victus-caf/victus-caf-backend/src/main/java/com/victuscaf/modules/client/models/TipoDeCliente.java. Using fallback presentation compiler.[0m
2026.06.03 19:39:23 INFO  no build target found for /home/santiago/DesarrolloDeSoftwareI/victus-caf/victus-caf-backend/src/main/java/com/victuscaf/modules/client/models/Remision.java. Using fallback presentation compiler.[0m
2026.06.03 19:39:23 INFO  no build target found for /home/santiago/DesarrolloDeSoftwareI/victus-caf/victus-caf-backend/src/main/java/com/victuscaf/modules/client/models/UsuarioSistema.java. Using fallback presentation compiler.[0m
2026.06.03 19:39:25 INFO  no build target found for /home/santiago/DesarrolloDeSoftwareI/victus-caf/victus-caf-backend/src/main/java/com/victuscaf/modules/client/models/Tarifa.java. Using fallback presentation compiler.[0m
2026.06.03 19:39:25 INFO  no build target found for /home/santiago/DesarrolloDeSoftwareI/victus-caf/victus-caf-backend/src/main/java/com/victuscaf/modules/client/models/Asistencia.java. Using fallback presentation compiler.[0m
2026.06.03 19:39:25 INFO  no build target found for /home/santiago/DesarrolloDeSoftwareI/victus-caf/victus-caf-backend/src/main/java/com/victuscaf/modules/client/models/Equipo.java. Using fallback presentation compiler.[0m
2026.06.03 19:39:27 INFO  no build target found for /home/santiago/DesarrolloDeSoftwareI/victus-caf/victus-caf-backend/src/main/java/com/victuscaf/modules/client/service/ClienteService.java. Using fallback presentation compiler.[0m
2026.06.03 19:39:27 INFO  no build target found for /home/santiago/DesarrolloDeSoftwareI/victus-caf/victus-caf-backend/src/main/java/com/victuscaf/modules/client/models/Administrador.java. Using fallback presentation compiler.[0m
2026.06.03 19:39:27 INFO  no build target found for /home/santiago/DesarrolloDeSoftwareI/victus-caf/victus-caf-backend/src/main/java/com/victuscaf/modules/client/models/EstadoMembresia.java. Using fallback presentation compiler.[0m
2026.06.03 19:39:27 INFO  no build target found for /home/santiago/DesarrolloDeSoftwareI/victus-caf/victus-caf-backend/src/main/java/com/victuscaf/modules/client/models/GastoOperativo.java. Using fallback presentation compiler.[0m
2026.06.03 19:39:27 INFO  no build target found for /home/santiago/DesarrolloDeSoftwareI/victus-caf/victus-caf-backend/src/main/java/com/victuscaf/modules/client/models/EstadoFacturaEps.java. Using fallback presentation compiler.[0m
2026.06.03 19:39:27 INFO  no build target found for /home/santiago/DesarrolloDeSoftwareI/victus-caf/victus-caf-backend/src/main/java/com/victuscaf/modules/client/models/Turno.java. Using fallback presentation compiler.[0m
2026.06.03 19:39:27 INFO  no build target found for /home/santiago/DesarrolloDeSoftwareI/victus-caf/victus-caf-backend/src/main/java/com/victuscaf/modules/client/models/TipoGasto.java. Using fallback presentation compiler.[0m
2026.06.03 19:39:27 INFO  no build target found for /home/santiago/DesarrolloDeSoftwareI/victus-caf/victus-caf-backend/src/main/java/com/victuscaf/modules/client/models/TipoDePago.java. Using fallback presentation compiler.[0m
2026.06.03 19:39:27 INFO  no build target found for /home/santiago/DesarrolloDeSoftwareI/victus-caf/victus-caf-backend/src/main/java/com/victuscaf/modules/client/models/Pago.java. Using fallback presentation compiler.[0m
2026.06.03 19:39:27 INFO  no build target found for /home/santiago/DesarrolloDeSoftwareI/victus-caf/victus-caf-backend/src/main/java/com/victuscaf/modules/client/models/MetodoDePago.java. Using fallback presentation compiler.[0m
2026.06.03 19:39:28 WARN  no build target for: /home/santiago/DesarrolloDeSoftwareI/victus-caf/victus-caf-backend/src/main/java/com/victuscaf/modules/client/service/ClienteService.java[0m
2026.06.03 19:39:29 INFO  no build target found for /home/santiago/DesarrolloDeSoftwareI/victus-caf/victus-caf-backend/src/main/java/com/victuscaf/modules/client/models/Rol.java. Using fallback presentation compiler.[0m
2026.06.03 19:39:33 INFO  no build target found for /home/santiago/DesarrolloDeSoftwareI/victus-caf/victus-caf-backend/src/main/java/com/victuscaf/modules/client/models/EvaluacionFisica.java. Using fallback presentation compiler.[0m
2026.06.03 19:39:33 INFO  no build target found for /home/santiago/DesarrolloDeSoftwareI/victus-caf/victus-caf-backend/src/main/java/com/victuscaf/modules/client/models/BeneficiarioEps.java. Using fallback presentation compiler.[0m
2026.06.03 19:39:33 INFO  no build target found for /home/santiago/DesarrolloDeSoftwareI/victus-caf/victus-caf-backend/src/main/java/com/victuscaf/modules/client/models/Contrato.java. Using fallback presentation compiler.[0m
2026.06.03 19:39:33 INFO  no build target found for /home/santiago/DesarrolloDeSoftwareI/victus-caf/victus-caf-backend/src/main/java/com/victuscaf/modules/client/models/ParticularDiario.java. Using fallback presentation compiler.[0m
2026.06.03 19:39:33 INFO  no build target found for /home/santiago/DesarrolloDeSoftwareI/victus-caf/victus-caf-backend/src/main/java/com/victuscaf/modules/client/models/Mensaje.java. Using fallback presentation compiler.[0m
2026.06.03 19:39:33 INFO  no build target found for /home/santiago/DesarrolloDeSoftwareI/victus-caf/victus-caf-backend/src/main/java/com/victuscaf/modules/client/models/Notificacion.java. Using fallback presentation compiler.[0m
2026.06.03 19:39:33 INFO  no build target found for /home/santiago/DesarrolloDeSoftwareI/victus-caf/victus-caf-backend/src/main/java/com/victuscaf/modules/client/models/BitacoraAccion.java. Using fallback presentation compiler.[0m
2026.06.03 19:39:33 INFO  no build target found for /home/santiago/DesarrolloDeSoftwareI/victus-caf/victus-caf-backend/src/main/java/com/victuscaf/modules/client/models/MetaFisica.java. Using fallback presentation compiler.[0m
2026.06.03 19:39:33 INFO  no build target found for /home/santiago/DesarrolloDeSoftwareI/victus-caf/victus-caf-backend/src/main/java/com/victuscaf/modules/client/models/Rutina.java. Using fallback presentation compiler.[0m
2026.06.03 19:39:33 INFO  no build target found for /home/santiago/DesarrolloDeSoftwareI/victus-caf/victus-caf-backend/src/main/java/com/victuscaf/modules/client/models/Usuario.java. Using fallback presentation compiler.[0m
2026.06.03 19:39:33 INFO  no build target found for /home/santiago/DesarrolloDeSoftwareI/victus-caf/victus-caf-backend/src/main/java/com/victuscaf/modules/client/models/RegistroMantenimiento.java. Using fallback presentation compiler.[0m
2026.06.03 19:39:33 INFO  no build target found for /home/santiago/DesarrolloDeSoftwareI/victus-caf/victus-caf-backend/src/main/java/com/victuscaf/modules/client/models/EstadoPago.java. Using fallback presentation compiler.[0m
2026.06.03 19:39:33 INFO  no build target found for /home/santiago/DesarrolloDeSoftwareI/victus-caf/victus-caf-backend/src/main/java/com/victuscaf/modules/client/models/TipoAccion.java. Using fallback presentation compiler.[0m
2026.06.03 19:39:33 INFO  no build target found for /home/santiago/DesarrolloDeSoftwareI/victus-caf/victus-caf-backend/src/main/java/com/victuscaf/modules/client/models/Entrenador.java. Using fallback presentation compiler.[0m
2026.06.03 19:39:33 INFO  no build target found for /home/santiago/DesarrolloDeSoftwareI/victus-caf/victus-caf-backend/src/main/java/com/victuscaf/modules/client/service/ClienteService.java. Using fallback presentation compiler.[0m
2026.06.03 19:39:33 INFO  no build target found for /home/santiago/DesarrolloDeSoftwareI/victus-caf/victus-caf-backend/src/main/java/com/victuscaf/modules/client/models/ParticularMensual.java. Using fallback presentation compiler.[0m
2026.06.03 19:39:33 INFO  no build target found for /home/santiago/DesarrolloDeSoftwareI/victus-caf/victus-caf-backend/src/main/java/com/victuscaf/modules/client/models/EstadoContratoEps.java. Using fallback presentation compiler.[0m
2026.06.03 19:39:33 INFO  no build target found for /home/santiago/DesarrolloDeSoftwareI/victus-caf/victus-caf-backend/src/main/java/com/victuscaf/modules/client/models/HorarioEntrenador.java. Using fallback presentation compiler.[0m
2026.06.03 19:39:33 INFO  no build target found for /home/santiago/DesarrolloDeSoftwareI/victus-caf/victus-caf-backend/src/main/java/com/victuscaf/modules/client/models/FacturaEps.java. Using fallback presentation compiler.[0m
2026.06.03 19:39:33 INFO  no build target found for /home/santiago/DesarrolloDeSoftwareI/victus-caf/victus-caf-backend/src/main/java/com/victuscaf/modules/client/models/EstadoContratoParticular.java. Using fallback presentation compiler.[0m
2026.06.03 19:39:33 INFO  no build target found for /home/santiago/DesarrolloDeSoftwareI/victus-caf/victus-caf-backend/src/main/java/com/victuscaf/modules/client/models/FlujoDeCaja.java. Using fallback presentation compiler.[0m
2026.06.03 19:39:33 INFO  no build target found for /home/santiago/DesarrolloDeSoftwareI/victus-caf/victus-caf-backend/src/main/java/com/victuscaf/modules/client/models/EstadoRemision.java. Using fallback presentation compiler.[0m
2026.06.03 19:39:33 INFO  no build target found for /home/santiago/DesarrolloDeSoftwareI/victus-caf/victus-caf-backend/src/main/java/com/victuscaf/modules/client/models/TipoDeMembresia.java. Using fallback presentation compiler.[0m
2026.06.03 19:39:33 INFO  no build target found for /home/santiago/DesarrolloDeSoftwareI/victus-caf/victus-caf-backend/src/main/java/com/victuscaf/modules/client/models/Secretaria.java. Using fallback presentation compiler.[0m
2026.06.03 19:39:35 WARN  no build target for: /home/santiago/DesarrolloDeSoftwareI/victus-caf/victus-caf-backend/src/main/java/com/victuscaf/modules/client/service/ClienteService.java[0m
2026.06.03 19:39:40 WARN  no build target for: /home/santiago/DesarrolloDeSoftwareI/victus-caf/victus-caf-backend/src/main/java/com/victuscaf/modules/client/controller/ClienteController.java[0m
2026.06.03 19:39:43 INFO  no build target found for /home/santiago/DesarrolloDeSoftwareI/victus-caf/victus-caf-backend/src/main/java/com/victuscaf/modules/client/controller/ClienteController.java. Using fallback presentation compiler.[0m
2026.06.03 19:39:46 INFO  no build target found for /home/santiago/DesarrolloDeSoftwareI/victus-caf/victus-caf-backend/src/main/java/com/victuscaf/modules/client/controller/ClienteController.java. Using fallback presentation compiler.[0m
2026.06.03 19:39:46 WARN  no build target for: /home/santiago/DesarrolloDeSoftwareI/victus-caf/victus-caf-backend/src/main/java/com/victuscaf/modules/client/controller/ClienteController.java[0m
2026.06.03 19:39:47 INFO  no build target found for /home/santiago/DesarrolloDeSoftwareI/victus-caf/victus-caf-backend/src/main/java/com/victuscaf/modules/client/repository/ParticularMensualRepository.java. Using fallback presentation compiler.[0m
2026.06.03 19:39:49 INFO  no build target found for /home/santiago/DesarrolloDeSoftwareI/victus-caf/victus-caf-backend/src/main/java/com/victuscaf/modules/client/repository/UsuarioRepository.java. Using fallback presentation compiler.[0m
2026.06.03 19:39:53 INFO  no build target found for /home/santiago/DesarrolloDeSoftwareI/victus-caf/victus-caf-backend/src/main/java/com/victuscaf/modules/client/service/ClienteService.java. Using fallback presentation compiler.[0m
2026.06.03 19:39:54 INFO  no build target found for /home/santiago/DesarrolloDeSoftwareI/victus-caf/victus-caf-backend/src/main/java/com/victuscaf/modules/client/controller/ClienteController.java. Using fallback presentation compiler.[0m
2026.06.03 19:39:56 INFO  no build target found for /home/santiago/DesarrolloDeSoftwareI/victus-caf/victus-caf-backend/src/main/java/com/victuscaf/modules/client/controller/ClienteController.java. Using fallback presentation compiler.[0m
2026.06.03 19:39:56 INFO  no build target found for /home/santiago/DesarrolloDeSoftwareI/victus-caf/victus-caf-backend/src/main/java/com/victuscaf/modules/client/controller/ClienteController.java. Using fallback presentation compiler.[0m
2026.06.03 19:39:58 INFO  Created report: Optional[file:///home/santiago/DesarrolloDeSoftwareI/victus-caf/victus-caf-backend/src/main/java/com/victuscaf/modules/client/controller/ClienteController.java][0m
2026.06.03 19:39:58 INFO  empty definition using pc, found symbol in pc: com/victuscaf/modules/client/service/ClienteService# (full report at: "/home/santiago/DesarrolloDeSoftwareI/victus-caf/.metals/.reports/metals-full/2026-06-03/r_empty-definition_19-39-58-114.md")[0m
2026.06.03 19:39:58 INFO  no build target found for /home/santiago/DesarrolloDeSoftwareI/victus-caf/victus-caf-backend/src/main/java/com/victuscaf/modules/client/controller/ClienteController.java. Using fallback presentation compiler.[0m
2026.06.03 19:39:59 INFO  no build target found for /home/santiago/DesarrolloDeSoftwareI/victus-caf/victus-caf-backend/src/main/java/com/victuscaf/modules/client/service/ClienteService.java. Using fallback presentation compiler.[0m
2026.06.03 19:40:04 WARN  no build target for: /home/santiago/DesarrolloDeSoftwareI/victus-caf/victus-caf-backend/src/main/java/com/victuscaf/modules/client/controller/ClienteController.java[0m
2026.06.03 19:40:08 INFO  no build target found for /home/santiago/DesarrolloDeSoftwareI/victus-caf/victus-caf-backend/src/main/java/com/victuscaf/modules/client/controller/ClienteController.java. Using fallback presentation compiler.[0m
2026.06.03 19:40:08 INFO  no build target found for /home/santiago/DesarrolloDeSoftwareI/victus-caf/victus-caf-backend/src/main/java/com/victuscaf/modules/client/service/ClienteService.java. Using fallback presentation compiler.[0m
2026.06.03 19:42:08 INFO  no build target found for /home/santiago/DesarrolloDeSoftwareI/victus-caf/victus-caf-backend/src/main/java/com/victuscaf/modules/client/repository/ContratoRepository.java. Using fallback presentation compiler.[0m
2026.06.03 19:42:32 WARN  no build target for: /home/santiago/DesarrolloDeSoftwareI/victus-caf/victus-caf-backend/src/main/java/com/victuscaf/security/AuthController.java[0m
2026.06.03 19:42:36 WARN  no build target for: /home/santiago/DesarrolloDeSoftwareI/victus-caf/victus-caf-backend/src/main/java/com/victuscaf/security/LoginRequest.java[0m
2026.06.03 19:42:43 WARN  no build target for: /home/santiago/DesarrolloDeSoftwareI/victus-caf/victus-caf-backend/src/main/java/com/victuscaf/security/JwtResponse.java[0m
2026.06.03 19:43:07 INFO  Shutting down server[0m
2026.06.03 19:43:07 INFO  Memory monitor stopped[0m
2026.06.03 19:43:07 INFO  shutting down Metals[0m
2026.06.03 19:43:07 INFO  Exiting server[0m
2026.06.03 19:44:12 INFO  Started: Metals version 1.6.7 in folders '/home/santiago/DesarrolloDeSoftwareI/victus-caf' for client Code - OSS 1.121.0.[0m
2026.06.03 19:44:12 INFO  time: initialize in 0.19s[0m
2026.06.03 19:44:12 INFO  Memory monitor started[0m
2026.06.03 19:44:21 WARN  Using H2 2.4.240 which is newer than the version Flyway has been verified with. The latest verified version of H2 is 2.3.232.[0m
2026.06.03 19:44:28 INFO  skipping build import with status 'Started'[0m
2026.06.03 19:44:28 WARN  no build target for: /home/santiago/DesarrolloDeSoftwareI/victus-caf/victus-caf-backend/src/main/java/com/victuscaf/modules/client/models/EstadoRemision.java[0m
2026.06.03 19:44:28 WARN  no build target for: /home/santiago/DesarrolloDeSoftwareI/victus-caf/victus-caf-backend/src/main/java/com/victuscaf/modules/client/models/Entrenador.java[0m
2026.06.03 19:44:28 WARN  no build target for: /home/santiago/DesarrolloDeSoftwareI/victus-caf/BcryptGen.java[0m
2026.06.03 19:44:28 WARN  no build target for: /home/santiago/DesarrolloDeSoftwareI/victus-caf/victus-caf-backend/src/main/java/com/victuscaf/modules/client/models/EstadoContratoParticular.java[0m
2026.06.03 19:44:28 WARN  no build target for: /home/santiago/DesarrolloDeSoftwareI/victus-caf/victus-caf-backend/src/test/java/com/victuscaf/VictusCafApplicationTests.java[0m
2026.06.03 19:44:28 WARN  no build target for: /home/santiago/DesarrolloDeSoftwareI/victus-caf/victus-caf-backend/src/main/java/com/victuscaf/modules/client/models/Secretaria.java[0m
2026.06.03 19:44:28 WARN  no build target for: /home/santiago/DesarrolloDeSoftwareI/victus-caf/victus-caf-backend/src/main/java/com/victuscaf/modules/client/models/TipoDeMembresia.java[0m
2026.06.03 19:44:28 WARN  no build target for: /home/santiago/DesarrolloDeSoftwareI/victus-caf/victus-caf-backend/src/main/java/com/victuscaf/security/AuthController.java[0m
2026.06.03 19:44:28 WARN  no build target for: /home/santiago/DesarrolloDeSoftwareI/victus-caf/victus-caf-backend/src/main/java/com/victuscaf/modules/client/models/EstadoContratoEps.java[0m
2026.06.03 19:44:28 WARN  no build target for: /home/santiago/DesarrolloDeSoftwareI/victus-caf/victus-caf-backend/src/main/java/com/victuscaf/modules/client/models/HorarioEntrenador.java[0m
2026.06.03 19:44:28 WARN  no build target for: /home/santiago/DesarrolloDeSoftwareI/victus-caf/victus-caf-backend/src/main/java/com/victuscaf/modules/client/models/ParticularMensual.java[0m
2026.06.03 19:44:28 WARN  no build target for: /home/santiago/DesarrolloDeSoftwareI/victus-caf/victus-caf-backend/src/main/java/com/victuscaf/modules/client/models/Notificacion.java[0m
2026.06.03 19:44:28 WARN  no build target for: /home/santiago/DesarrolloDeSoftwareI/victus-caf/victus-caf-backend/src/main/java/com/victuscaf/modules/client/models/EstadoPago.java[0m
2026.06.03 19:44:28 WARN  no build target for: /home/santiago/DesarrolloDeSoftwareI/victus-caf/victus-caf-backend/src/main/java/com/victuscaf/modules/client/models/Usuario.java[0m
2026.06.03 19:44:28 WARN  no build target for: /home/santiago/DesarrolloDeSoftwareI/victus-caf/victus-caf-backend/src/main/java/com/victuscaf/modules/client/models/FlujoDeCaja.java[0m
2026.06.03 19:44:28 WARN  no build target for: /home/santiago/DesarrolloDeSoftwareI/victus-caf/victus-caf-backend/src/main/java/com/victuscaf/security/JwtResponse.java[0m
2026.06.03 19:44:28 WARN  no build target for: /home/santiago/DesarrolloDeSoftwareI/victus-caf/victus-caf-backend/src/main/java/com/victuscaf/modules/client/models/RegistroMantenimiento.java[0m
2026.06.03 19:44:28 WARN  no build target for: /home/santiago/DesarrolloDeSoftwareI/victus-caf/victus-caf-backend/src/main/java/com/victuscaf/modules/client/models/TipoAccion.java[0m
2026.06.03 19:44:28 WARN  no build target for: /home/santiago/DesarrolloDeSoftwareI/victus-caf/victus-caf-backend/src/main/java/com/victuscaf/modules/client/models/FacturaEps.java[0m
2026.06.03 19:44:28 WARN  no build target for: /home/santiago/DesarrolloDeSoftwareI/victus-caf/victus-caf-backend/src/main/java/com/victuscaf/modules/client/models/MetaFisica.java[0m
2026.06.03 19:44:28 WARN  no build target for: /home/santiago/DesarrolloDeSoftwareI/victus-caf/victus-caf-backend/src/main/java/com/victuscaf/modules/client/models/Rutina.java[0m
2026.06.03 19:44:28 WARN  no build target for: /home/santiago/DesarrolloDeSoftwareI/victus-caf/victus-caf-backend/src/main/java/com/victuscaf/modules/client/models/Contrato.java[0m
2026.06.03 19:44:28 WARN  no build target for: /home/santiago/DesarrolloDeSoftwareI/victus-caf/victus-caf-backend/src/main/java/com/victuscaf/modules/client/models/BitacoraAccion.java[0m
2026.06.03 19:44:28 WARN  no build target for: /home/santiago/DesarrolloDeSoftwareI/victus-caf/victus-caf-backend/src/main/java/com/victuscaf/modules/client/models/EvaluacionFisica.java[0m
2026.06.03 19:44:28 WARN  no build target for: /home/santiago/DesarrolloDeSoftwareI/victus-caf/victus-caf-backend/src/main/java/com/victuscaf/modules/client/repository/EvaluacionFisicaRepository.java[0m
2026.06.03 19:44:28 WARN  no build target for: /home/santiago/DesarrolloDeSoftwareI/victus-caf/victus-caf-backend/src/main/java/com/victuscaf/modules/client/models/BeneficiarioEps.java[0m
2026.06.03 19:44:28 WARN  no build target for: /home/santiago/DesarrolloDeSoftwareI/victus-caf/victus-caf-backend/src/main/java/com/victuscaf/modules/client/repository/RutinaRepository.java[0m
2026.06.03 19:44:28 WARN  no build target for: /home/santiago/DesarrolloDeSoftwareI/victus-caf/victus-caf-backend/src/main/java/com/victuscaf/modules/client/models/GastoOperativo.java[0m
2026.06.03 19:44:28 WARN  no build target for: /home/santiago/DesarrolloDeSoftwareI/victus-caf/victus-caf-backend/src/main/java/com/victuscaf/modules/client/models/Administrador.java[0m
2026.06.03 19:44:28 WARN  no build target for: /home/santiago/DesarrolloDeSoftwareI/victus-caf/victus-caf-backend/src/main/java/com/victuscaf/modules/client/models/TipoDePago.java[0m
2026.06.03 19:44:28 WARN  no build target for: /home/santiago/DesarrolloDeSoftwareI/victus-caf/victus-caf-backend/src/main/java/com/victuscaf/modules/client/models/Turno.java[0m
2026.06.03 19:44:28 WARN  no build target for: /home/santiago/DesarrolloDeSoftwareI/victus-caf/victus-caf-backend/src/main/java/com/victuscaf/modules/client/models/TipoGasto.java[0m
2026.06.03 19:44:28 WARN  no build target for: /home/santiago/DesarrolloDeSoftwareI/victus-caf/victus-caf-backend/src/main/java/com/victuscaf/modules/client/repository/EquipoRepository.java[0m
2026.06.03 19:44:28 WARN  no build target for: /home/santiago/DesarrolloDeSoftwareI/victus-caf/victus-caf-backend/src/main/java/com/victuscaf/modules/client/models/Remision.java[0m
2026.06.03 19:44:28 WARN  no build target for: /home/santiago/DesarrolloDeSoftwareI/victus-caf/victus-caf-backend/src/main/java/com/victuscaf/modules/client/models/Rol.java[0m
2026.06.03 19:44:28 WARN  no build target for: /home/santiago/DesarrolloDeSoftwareI/victus-caf/victus-caf-backend/src/main/java/com/victuscaf/modules/client/repository/BeneficiarioEpsRepository.java[0m
2026.06.03 19:44:28 WARN  no build target for: /home/santiago/DesarrolloDeSoftwareI/victus-caf/victus-caf-backend/src/main/java/com/victuscaf/modules/client/models/Tarifa.java[0m
2026.06.03 19:44:28 WARN  no build target for: /home/santiago/DesarrolloDeSoftwareI/victus-caf/victus-caf-backend/src/main/java/com/victuscaf/modules/client/repository/BitacoraAccionRepository.java[0m
2026.06.03 19:44:28 WARN  no build target for: /home/santiago/DesarrolloDeSoftwareI/victus-caf/victus-caf-backend/src/main/java/com/victuscaf/modules/client/models/EstadoMembresia.java[0m
2026.06.03 19:44:28 WARN  no build target for: /home/santiago/DesarrolloDeSoftwareI/victus-caf/victus-caf-backend/src/main/java/com/victuscaf/modules/client/repository/UsuarioRepository.java[0m
2026.06.03 19:44:28 WARN  no build target for: /home/santiago/DesarrolloDeSoftwareI/victus-caf/victus-caf-backend/src/main/java/com/victuscaf/modules/client/models/ParticularDiario.java[0m
2026.06.03 19:44:28 WARN  no build target for: /home/santiago/DesarrolloDeSoftwareI/victus-caf/victus-caf-backend/src/main/java/com/victuscaf/modules/client/repository/RemisionRepository.java[0m
2026.06.03 19:44:28 WARN  no build target for: /home/santiago/DesarrolloDeSoftwareI/victus-caf/victus-caf-backend/src/main/java/com/victuscaf/modules/client/repository/RegistroMantenimientoRepository.java[0m
2026.06.03 19:44:28 WARN  no build target for: /home/santiago/DesarrolloDeSoftwareI/victus-caf/victus-caf-backend/src/main/java/com/victuscaf/modules/client/models/UsuarioSistema.java[0m
2026.06.03 19:44:28 WARN  no build target for: /home/santiago/DesarrolloDeSoftwareI/victus-caf/victus-caf-backend/src/main/java/com/victuscaf/modules/client/repository/FacturaEpsRepository.java[0m
2026.06.03 19:44:28 WARN  no build target for: /home/santiago/DesarrolloDeSoftwareI/victus-caf/victus-caf-backend/src/main/java/com/victuscaf/modules/client/models/EstadoEquipo.java[0m
2026.06.03 19:44:28 WARN  no build target for: /home/santiago/DesarrolloDeSoftwareI/victus-caf/victus-caf-backend/src/main/java/com/victuscaf/modules/client/controller/ClienteController.java[0m
2026.06.03 19:44:28 WARN  no build target for: /home/santiago/DesarrolloDeSoftwareI/victus-caf/victus-caf-backend/src/main/java/com/victuscaf/modules/client/repository/ParticularDiarioRepository.java[0m
2026.06.03 19:44:28 WARN  no build target for: /home/santiago/DesarrolloDeSoftwareI/victus-caf/victus-caf-backend/src/main/java/com/victuscaf/modules/client/repository/ParticularMensualRepository.java[0m
2026.06.03 19:44:28 WARN  no build target for: /home/santiago/DesarrolloDeSoftwareI/victus-caf/victus-caf-backend/src/main/java/com/victuscaf/modules/client/repository/PagoRepository.java[0m
2026.06.03 19:44:28 WARN  no build target for: /home/santiago/DesarrolloDeSoftwareI/victus-caf/victus-caf-backend/src/main/java/com/victuscaf/modules/client/repository/EntrenadorRepository.java[0m
2026.06.03 19:44:28 WARN  no build target for: /home/santiago/DesarrolloDeSoftwareI/victus-caf/victus-caf-backend/src/main/java/com/victuscaf/modules/client/repository/HorarioEntrenadorRepository.java[0m
2026.06.03 19:44:28 WARN  no build target for: /home/santiago/DesarrolloDeSoftwareI/victus-caf/victus-caf-backend/src/main/java/com/victuscaf/modules/client/models/MetodoDePago.java[0m
2026.06.03 19:44:28 WARN  no build target for: /home/santiago/DesarrolloDeSoftwareI/victus-caf/victus-caf-backend/src/main/java/com/victuscaf/modules/client/models/Mensaje.java[0m
2026.06.03 19:44:28 WARN  no build target for: /home/santiago/DesarrolloDeSoftwareI/victus-caf/victus-caf-backend/src/main/java/com/victuscaf/modules/client/models/Pago.java[0m
2026.06.03 19:44:28 WARN  no build target for: /home/santiago/DesarrolloDeSoftwareI/victus-caf/victus-caf-backend/src/main/java/com/victuscaf/modules/client/models/EstadoFacturaEps.java[0m
2026.06.03 19:44:28 WARN  no build target for: /home/santiago/DesarrolloDeSoftwareI/victus-caf/victus-caf-backend/src/main/java/com/victuscaf/modules/client/models/Equipo.java[0m
2026.06.03 19:44:28 WARN  no build target for: /home/santiago/DesarrolloDeSoftwareI/victus-caf/victus-caf-backend/src/main/java/com/victuscaf/modules/client/repository/MensajeRepository.java[0m
2026.06.03 19:44:28 WARN  no build target for: /home/santiago/DesarrolloDeSoftwareI/victus-caf/victus-caf-backend/src/main/java/com/victuscaf/modules/client/service/ClienteService.java[0m
2026.06.03 19:44:28 WARN  no build target for: /home/santiago/DesarrolloDeSoftwareI/victus-caf/victus-caf-backend/src/main/java/com/victuscaf/modules/client/models/Asistencia.java[0m
2026.06.03 19:44:28 WARN  no build target for: /home/santiago/DesarrolloDeSoftwareI/victus-caf/victus-caf-backend/src/main/java/com/victuscaf/modules/client/models/TipoDeCliente.java[0m
2026.06.03 19:45:43 WARN  no build target for: /home/santiago/DesarrolloDeSoftwareI/victus-caf/victus-caf-backend/src/main/java/com/victuscaf/modules/client/controller/UsuarioSistemaController.java[0m
2026.06.03 19:45:43 INFO  no build target found for /home/santiago/DesarrolloDeSoftwareI/victus-caf/victus-caf-backend/src/main/java/com/victuscaf/modules/client/controller/UsuarioSistemaController.java. Using fallback presentation compiler.[0m
2026.06.03 19:45:53 WARN  no build target for: /home/santiago/DesarrolloDeSoftwareI/victus-caf/victus-caf-backend/src/main/java/com/victuscaf/modules/client/controller/UsuarioSistemaController.java[0m
2026.06.03 19:45:53 INFO  no build target found for /home/santiago/DesarrolloDeSoftwareI/victus-caf/victus-caf-backend/src/main/java/com/victuscaf/modules/client/controller/UsuarioSistemaController.java. Using fallback presentation compiler.[0m
2026.06.03 19:45:53 INFO  no build target found for /home/santiago/DesarrolloDeSoftwareI/victus-caf/victus-caf-backend/src/main/java/com/victuscaf/modules/client/controller/UsuarioSistemaController.java. Using fallback presentation compiler.[0m
jun 03, 2026 7:45:53 P. M. org.eclipse.lsp4j.jsonrpc.RemoteEndpoint handleCancellation
ADVERTENCIA: Unmatched cancel notification for request id 1
2026.06.03 19:45:53 INFO  no build target found for /home/santiago/DesarrolloDeSoftwareI/victus-caf/victus-caf-backend/src/main/java/com/victuscaf/modules/client/controller/UsuarioSistemaController.java. Using fallback presentation compiler.[0m
jun 03, 2026 7:45:55 P. M. org.eclipse.lsp4j.jsonrpc.RemoteEndpoint handleCancellation
ADVERTENCIA: Unmatched cancel notification for request id 7
2026.06.03 19:45:55 INFO  no build target found for /home/santiago/DesarrolloDeSoftwareI/victus-caf/victus-caf-backend/src/main/java/com/victuscaf/modules/client/controller/UsuarioSistemaController.java. Using fallback presentation compiler.[0m
jun 03, 2026 7:45:56 P. M. org.eclipse.lsp4j.jsonrpc.RemoteEndpoint handleCancellation
ADVERTENCIA: Unmatched cancel notification for request id 10
jun 03, 2026 7:45:56 P. M. org.eclipse.lsp4j.jsonrpc.RemoteEndpoint handleCancellation
ADVERTENCIA: Unmatched cancel notification for request id 14
jun 03, 2026 7:46:00 P. M. org.eclipse.lsp4j.jsonrpc.RemoteEndpoint handleCancellation
ADVERTENCIA: Unmatched cancel notification for request id 15
jun 03, 2026 7:46:03 P. M. org.eclipse.lsp4j.jsonrpc.RemoteEndpoint handleCancellation
ADVERTENCIA: Unmatched cancel notification for request id 16
2026.06.03 19:46:03 INFO  no build target found for /home/santiago/DesarrolloDeSoftwareI/victus-caf/victus-caf-backend/src/main/java/com/victuscaf/modules/client/controller/UsuarioSistemaController.java. Using fallback presentation compiler.[0m
2026.06.03 19:46:03 INFO  no build target found for /home/santiago/DesarrolloDeSoftwareI/victus-caf/victus-caf-backend/src/main/java/com/victuscaf/modules/client/controller/UsuarioSistemaController.java. Using fallback presentation compiler.[0m
2026.06.03 19:46:03 INFO  no build target found for /home/santiago/DesarrolloDeSoftwareI/victus-caf/victus-caf-backend/src/main/java/com/victuscaf/modules/client/controller/UsuarioSistemaController.java. Using fallback presentation compiler.[0m
2026.06.03 19:46:03 INFO  no build target found for /home/santiago/DesarrolloDeSoftwareI/victus-caf/victus-caf-backend/src/main/java/com/victuscaf/modules/client/controller/UsuarioSistemaController.java. Using fallback presentation compiler.[0m
2026.06.03 19:46:03 INFO  no build target found for /home/santiago/DesarrolloDeSoftwareI/victus-caf/victus-caf-backend/src/main/java/com/victuscaf/modules/client/controller/UsuarioSistemaController.java. Using fallback presentation compiler.[0m
jun 03, 2026 7:46:04 P. M. org.eclipse.lsp4j.jsonrpc.RemoteEndpoint handleCancellation
ADVERTENCIA: Unmatched cancel notification for request id 18
jun 03, 2026 7:46:04 P. M. org.eclipse.lsp4j.jsonrpc.RemoteEndpoint handleCancellation
ADVERTENCIA: Unmatched cancel notification for request id 19
jun 03, 2026 7:46:04 P. M. org.eclipse.lsp4j.jsonrpc.RemoteEndpoint handleCancellation
ADVERTENCIA: Unmatched cancel notification for request id 20
jun 03, 2026 7:46:04 P. M. org.eclipse.lsp4j.jsonrpc.RemoteEndpoint handleCancellation
ADVERTENCIA: Unmatched cancel notification for request id 21
jun 03, 2026 7:46:04 P. M. org.eclipse.lsp4j.jsonrpc.RemoteEndpoint handleCancellation
ADVERTENCIA: Unmatched cancel notification for request id 22
2026.06.03 19:46:03 INFO  no build target found for /home/santiago/DesarrolloDeSoftwareI/victus-caf/victus-caf-backend/src/main/java/com/victuscaf/modules/client/controller/UsuarioSistemaController.java. Using fallback presentation compiler.[0m
2026.06.03 19:46:04 INFO  no build target found for /home/santiago/DesarrolloDeSoftwareI/victus-caf/victus-caf-backend/src/main/java/com/victuscaf/modules/client/controller/UsuarioSistemaController.java. Using fallback presentation compiler.[0m
2026.06.03 19:46:04 INFO  no build target found for /home/santiago/DesarrolloDeSoftwareI/victus-caf/victus-caf-backend/src/main/java/com/victuscaf/modules/client/controller/UsuarioSistemaController.java. Using fallback presentation compiler.[0m
2026.06.03 19:46:04 INFO  no build target found for /home/santiago/DesarrolloDeSoftwareI/victus-caf/victus-caf-backend/src/main/java/com/victuscaf/modules/client/controller/UsuarioSistemaController.java. Using fallback presentation compiler.[0m
jun 03, 2026 7:46:05 P. M. org.eclipse.lsp4j.jsonrpc.RemoteEndpoint handleCancellation
ADVERTENCIA: Unmatched cancel notification for request id 23
2026.06.03 19:46:04 INFO  no build target found for /home/santiago/DesarrolloDeSoftwareI/victus-caf/victus-caf-backend/src/main/java/com/victuscaf/modules/client/controller/UsuarioSistemaController.java. Using fallback presentation compiler.[0m
jun 03, 2026 7:46:05 P. M. org.eclipse.lsp4j.jsonrpc.RemoteEndpoint handleCancellation
ADVERTENCIA: Unmatched cancel notification for request id 4
2026.06.03 19:46:05 INFO  no build target found for /home/santiago/DesarrolloDeSoftwareI/victus-caf/victus-caf-backend/src/main/java/com/victuscaf/modules/client/controller/UsuarioSistemaController.java. Using fallback presentation compiler.[0m
2026.06.03 19:46:05 INFO  no build target found for /home/santiago/DesarrolloDeSoftwareI/victus-caf/victus-caf-backend/src/main/java/com/victuscaf/modules/client/controller/UsuarioSistemaController.java. Using fallback presentation compiler.[0m
2026.06.03 19:46:05 INFO  no build target found for /home/santiago/DesarrolloDeSoftwareI/victus-caf/victus-caf-backend/src/main/java/com/victuscaf/modules/client/controller/UsuarioSistemaController.java. Using fallback presentation compiler.[0m
2026.06.03 19:46:13 INFO  time: code lens generation in 7.31s[0m
2026.06.03 19:46:13 INFO  time: code lens generation in 17s[0m
2026.06.03 19:46:13 INFO  time: code lens generation in 18s[0m
2026.06.03 19:46:13 INFO  no build target found for /home/santiago/DesarrolloDeSoftwareI/victus-caf/victus-caf-backend/src/main/java/com/victuscaf/modules/client/service/ClienteService.java. Using fallback presentation compiler.[0m
2026.06.03 19:46:18 INFO  no build target found for /home/santiago/DesarrolloDeSoftwareI/victus-caf/victus-caf-backend/src/main/java/com/victuscaf/modules/client/controller/UsuarioSistemaController.java. Using fallback presentation compiler.[0m
2026.06.03 19:46:43 INFO  no build target found for /home/santiago/DesarrolloDeSoftwareI/victus-caf/victus-caf-backend/src/main/java/com/victuscaf/modules/client/repository/UsuarioRepository.java. Using fallback presentation compiler.[0m
2026.06.03 19:46:43 INFO  no build target found for /home/santiago/DesarrolloDeSoftwareI/victus-caf/victus-caf-backend/src/main/java/com/victuscaf/modules/client/repository/ParticularDiarioRepository.java. Using fallback presentation compiler.[0m
2026.06.03 19:46:43 INFO  no build target found for /home/santiago/DesarrolloDeSoftwareI/victus-caf/victus-caf-backend/src/main/java/com/victuscaf/modules/client/repository/MensajeRepository.java. Using fallback presentation compiler.[0m
2026.06.03 19:46:43 INFO  no build target found for /home/santiago/DesarrolloDeSoftwareI/victus-caf/victus-caf-backend/src/main/java/com/victuscaf/modules/client/repository/PagoRepository.java. Using fallback presentation compiler.[0m
2026.06.03 19:46:43 INFO  no build target found for /home/santiago/DesarrolloDeSoftwareI/victus-caf/victus-caf-backend/src/main/java/com/victuscaf/modules/client/repository/BeneficiarioEpsRepository.java. Using fallback presentation compiler.[0m
2026.06.03 19:46:43 INFO  no build target found for /home/santiago/DesarrolloDeSoftwareI/victus-caf/victus-caf-backend/src/main/java/com/victuscaf/modules/client/repository/FacturaEpsRepository.java. Using fallback presentation compiler.[0m
2026.06.03 19:46:43 INFO  no build target found for /home/santiago/DesarrolloDeSoftwareI/victus-caf/victus-caf-backend/src/main/java/com/victuscaf/modules/client/repository/ParticularMensualRepository.java. Using fallback presentation compiler.[0m
2026.06.03 19:46:43 INFO  no build target found for /home/santiago/DesarrolloDeSoftwareI/victus-caf/victus-caf-backend/src/main/java/com/victuscaf/modules/client/repository/RemisionRepository.java. Using fallback presentation compiler.[0m
2026.06.03 19:46:43 INFO  no build target found for /home/santiago/DesarrolloDeSoftwareI/victus-caf/victus-caf-backend/src/main/java/com/victuscaf/modules/client/repository/EvaluacionFisicaRepository.java. Using fallback presentation compiler.[0m
2026.06.03 19:46:43 INFO  no build target found for /home/santiago/DesarrolloDeSoftwareI/victus-caf/victus-caf-backend/src/main/java/com/victuscaf/modules/client/repository/EntrenadorRepository.java. Using fallback presentation compiler.[0m
2026.06.03 19:46:43 INFO  no build target found for /home/santiago/DesarrolloDeSoftwareI/victus-caf/victus-caf-backend/src/main/java/com/victuscaf/modules/client/repository/RegistroMantenimientoRepository.java. Using fallback presentation compiler.[0m
2026.06.03 19:46:44 INFO  no build target found for /home/santiago/DesarrolloDeSoftwareI/victus-caf/victus-caf-backend/src/main/java/com/victuscaf/modules/client/repository/BitacoraAccionRepository.java. Using fallback presentation compiler.[0m
2026.06.03 19:46:44 INFO  no build target found for /home/santiago/DesarrolloDeSoftwareI/victus-caf/victus-caf-backend/src/main/java/com/victuscaf/modules/client/repository/HorarioEntrenadorRepository.java. Using fallback presentation compiler.[0m
2026.06.03 19:46:44 INFO  no build target found for /home/santiago/DesarrolloDeSoftwareI/victus-caf/victus-caf-backend/src/main/java/com/victuscaf/modules/client/repository/EquipoRepository.java. Using fallback presentation compiler.[0m
2026.06.03 19:46:44 INFO  no build target found for /home/santiago/DesarrolloDeSoftwareI/victus-caf/victus-caf-backend/src/main/java/com/victuscaf/modules/client/repository/RutinaRepository.java. Using fallback presentation compiler.[0m
2026.06.03 19:46:44 INFO  no build target found for /home/santiago/DesarrolloDeSoftwareI/victus-caf/victus-caf-backend/src/main/java/com/victuscaf/modules/client/models/EstadoEquipo.java. Using fallback presentation compiler.[0m
2026.06.03 19:46:44 INFO  no build target found for /home/santiago/DesarrolloDeSoftwareI/victus-caf/victus-caf-backend/src/main/java/com/victuscaf/modules/client/models/TipoDeCliente.java. Using fallback presentation compiler.[0m
2026.06.03 19:46:44 INFO  no build target found for /home/santiago/DesarrolloDeSoftwareI/victus-caf/victus-caf-backend/src/main/java/com/victuscaf/modules/client/models/Remision.java. Using fallback presentation compiler.[0m
2026.06.03 19:46:44 INFO  no build target found for /home/santiago/DesarrolloDeSoftwareI/victus-caf/victus-caf-backend/src/main/java/com/victuscaf/modules/client/models/UsuarioSistema.java. Using fallback presentation compiler.[0m
2026.06.03 19:46:44 INFO  no build target found for /home/santiago/DesarrolloDeSoftwareI/victus-caf/victus-caf-backend/src/main/java/com/victuscaf/modules/client/models/Tarifa.java. Using fallback presentation compiler.[0m
2026.06.03 19:46:45 INFO  no build target found for /home/santiago/DesarrolloDeSoftwareI/victus-caf/victus-caf-backend/src/main/java/com/victuscaf/modules/client/models/Asistencia.java. Using fallback presentation compiler.[0m
2026.06.03 19:46:45 INFO  no build target found for /home/santiago/DesarrolloDeSoftwareI/victus-caf/victus-caf-backend/src/main/java/com/victuscaf/modules/client/models/Equipo.java. Using fallback presentation compiler.[0m
2026.06.03 19:46:45 INFO  no build target found for /home/santiago/DesarrolloDeSoftwareI/victus-caf/victus-caf-backend/src/main/java/com/victuscaf/modules/client/models/Administrador.java. Using fallback presentation compiler.[0m
2026.06.03 19:46:45 INFO  no build target found for /home/santiago/DesarrolloDeSoftwareI/victus-caf/victus-caf-backend/src/main/java/com/victuscaf/modules/client/models/EstadoMembresia.java. Using fallback presentation compiler.[0m
2026.06.03 19:46:45 INFO  no build target found for /home/santiago/DesarrolloDeSoftwareI/victus-caf/victus-caf-backend/src/main/java/com/victuscaf/modules/client/models/GastoOperativo.java. Using fallback presentation compiler.[0m
2026.06.03 19:46:45 INFO  no build target found for /home/santiago/DesarrolloDeSoftwareI/victus-caf/victus-caf-backend/src/main/java/com/victuscaf/modules/client/models/EstadoFacturaEps.java. Using fallback presentation compiler.[0m
2026.06.03 19:46:45 INFO  no build target found for /home/santiago/DesarrolloDeSoftwareI/victus-caf/victus-caf-backend/src/main/java/com/victuscaf/modules/client/models/Turno.java. Using fallback presentation compiler.[0m
2026.06.03 19:46:45 INFO  no build target found for /home/santiago/DesarrolloDeSoftwareI/victus-caf/victus-caf-backend/src/main/java/com/victuscaf/modules/client/models/TipoGasto.java. Using fallback presentation compiler.[0m
2026.06.03 19:46:45 INFO  no build target found for /home/santiago/DesarrolloDeSoftwareI/victus-caf/victus-caf-backend/src/main/java/com/victuscaf/modules/client/models/TipoDePago.java. Using fallback presentation compiler.[0m
2026.06.03 19:46:45 INFO  no build target found for /home/santiago/DesarrolloDeSoftwareI/victus-caf/victus-caf-backend/src/main/java/com/victuscaf/modules/client/models/Pago.java. Using fallback presentation compiler.[0m
2026.06.03 19:46:45 INFO  no build target found for /home/santiago/DesarrolloDeSoftwareI/victus-caf/victus-caf-backend/src/main/java/com/victuscaf/modules/client/models/MetodoDePago.java. Using fallback presentation compiler.[0m
2026.06.03 19:46:45 INFO  no build target found for /home/santiago/DesarrolloDeSoftwareI/victus-caf/victus-caf-backend/src/main/java/com/victuscaf/modules/client/models/Rol.java. Using fallback presentation compiler.[0m
2026.06.03 19:46:45 INFO  no build target found for /home/santiago/DesarrolloDeSoftwareI/victus-caf/victus-caf-backend/src/main/java/com/victuscaf/modules/client/models/EvaluacionFisica.java. Using fallback presentation compiler.[0m
2026.06.03 19:46:45 INFO  no build target found for /home/santiago/DesarrolloDeSoftwareI/victus-caf/victus-caf-backend/src/main/java/com/victuscaf/modules/client/models/BeneficiarioEps.java. Using fallback presentation compiler.[0m
2026.06.03 19:46:46 INFO  no build target found for /home/santiago/DesarrolloDeSoftwareI/victus-caf/victus-caf-backend/src/main/java/com/victuscaf/modules/client/models/Contrato.java. Using fallback presentation compiler.[0m
2026.06.03 19:46:46 INFO  no build target found for /home/santiago/DesarrolloDeSoftwareI/victus-caf/victus-caf-backend/src/main/java/com/victuscaf/modules/client/models/ParticularDiario.java. Using fallback presentation compiler.[0m
2026.06.03 19:46:46 INFO  no build target found for /home/santiago/DesarrolloDeSoftwareI/victus-caf/victus-caf-backend/src/main/java/com/victuscaf/modules/client/models/Mensaje.java. Using fallback presentation compiler.[0m
2026.06.03 19:46:46 INFO  no build target found for /home/santiago/DesarrolloDeSoftwareI/victus-caf/victus-caf-backend/src/main/java/com/victuscaf/modules/client/models/Notificacion.java. Using fallback presentation compiler.[0m
2026.06.03 19:46:46 INFO  no build target found for /home/santiago/DesarrolloDeSoftwareI/victus-caf/victus-caf-backend/src/main/java/com/victuscaf/modules/client/models/BitacoraAccion.java. Using fallback presentation compiler.[0m
2026.06.03 19:46:48 INFO  no build target found for /home/santiago/DesarrolloDeSoftwareI/victus-caf/victus-caf-backend/src/main/java/com/victuscaf/modules/client/models/MetaFisica.java. Using fallback presentation compiler.[0m
2026.06.03 19:46:48 INFO  no build target found for /home/santiago/DesarrolloDeSoftwareI/victus-caf/victus-caf-backend/src/main/java/com/victuscaf/modules/client/models/Rutina.java. Using fallback presentation compiler.[0m
2026.06.03 19:46:48 INFO  no build target found for /home/santiago/DesarrolloDeSoftwareI/victus-caf/victus-caf-backend/src/main/java/com/victuscaf/modules/client/models/Usuario.java. Using fallback presentation compiler.[0m
2026.06.03 19:46:48 INFO  no build target found for /home/santiago/DesarrolloDeSoftwareI/victus-caf/victus-caf-backend/src/main/java/com/victuscaf/modules/client/models/RegistroMantenimiento.java. Using fallback presentation compiler.[0m
2026.06.03 19:46:48 INFO  no build target found for /home/santiago/DesarrolloDeSoftwareI/victus-caf/victus-caf-backend/src/main/java/com/victuscaf/modules/client/models/EstadoPago.java. Using fallback presentation compiler.[0m
2026.06.03 19:46:48 INFO  no build target found for /home/santiago/DesarrolloDeSoftwareI/victus-caf/victus-caf-backend/src/main/java/com/victuscaf/modules/client/models/TipoAccion.java. Using fallback presentation compiler.[0m
2026.06.03 19:46:49 INFO  no build target found for /home/santiago/DesarrolloDeSoftwareI/victus-caf/victus-caf-backend/src/main/java/com/victuscaf/modules/client/models/Entrenador.java. Using fallback presentation compiler.[0m
2026.06.03 19:46:49 INFO  no build target found for /home/santiago/DesarrolloDeSoftwareI/victus-caf/victus-caf-backend/src/main/java/com/victuscaf/modules/client/models/ParticularMensual.java. Using fallback presentation compiler.[0m
2026.06.03 19:46:49 INFO  no build target found for /home/santiago/DesarrolloDeSoftwareI/victus-caf/victus-caf-backend/src/main/java/com/victuscaf/modules/client/models/EstadoContratoEps.java. Using fallback presentation compiler.[0m
2026.06.03 19:46:49 INFO  no build target found for /home/santiago/DesarrolloDeSoftwareI/victus-caf/victus-caf-backend/src/main/java/com/victuscaf/modules/client/models/HorarioEntrenador.java. Using fallback presentation compiler.[0m
2026.06.03 19:46:49 INFO  no build target found for /home/santiago/DesarrolloDeSoftwareI/victus-caf/victus-caf-backend/src/main/java/com/victuscaf/modules/client/models/FacturaEps.java. Using fallback presentation compiler.[0m
2026.06.03 19:46:50 INFO  no build target found for /home/santiago/DesarrolloDeSoftwareI/victus-caf/victus-caf-backend/src/main/java/com/victuscaf/modules/client/models/EstadoContratoParticular.java. Using fallback presentation compiler.[0m
2026.06.03 19:46:50 INFO  no build target found for /home/santiago/DesarrolloDeSoftwareI/victus-caf/victus-caf-backend/src/main/java/com/victuscaf/modules/client/models/FlujoDeCaja.java. Using fallback presentation compiler.[0m
2026.06.03 19:46:50 INFO  no build target found for /home/santiago/DesarrolloDeSoftwareI/victus-caf/victus-caf-backend/src/main/java/com/victuscaf/modules/client/models/EstadoRemision.java. Using fallback presentation compiler.[0m
2026.06.03 19:46:50 INFO  no build target found for /home/santiago/DesarrolloDeSoftwareI/victus-caf/victus-caf-backend/src/main/java/com/victuscaf/modules/client/models/TipoDeMembresia.java. Using fallback presentation compiler.[0m
2026.06.03 19:46:50 INFO  no build target found for /home/santiago/DesarrolloDeSoftwareI/victus-caf/victus-caf-backend/src/main/java/com/victuscaf/modules/client/models/Secretaria.java. Using fallback presentation compiler.[0m
2026.06.03 19:46:50 INFO  no build target found for /home/santiago/DesarrolloDeSoftwareI/victus-caf/victus-caf-backend/src/test/java/com/victuscaf/VictusCafApplicationTests.java. Using fallback presentation compiler.[0m
2026.06.03 19:46:50 INFO  no build target found for /home/santiago/DesarrolloDeSoftwareI/victus-caf/BcryptGen.java. Using fallback presentation compiler.[0m
2026.06.03 19:46:55 INFO  no build target found for /home/santiago/DesarrolloDeSoftwareI/victus-caf/victus-caf-backend/src/main/java/com/victuscaf/security/AuthController.java. Using fallback presentation compiler.[0m
2026.06.03 19:47:03 INFO  no build target found for /home/santiago/DesarrolloDeSoftwareI/victus-caf/victus-caf-backend/src/main/java/com/victuscaf/security/JwtResponse.java. Using fallback presentation compiler.[0m
2026.06.03 19:48:25 INFO  no build target found for /home/santiago/DesarrolloDeSoftwareI/victus-caf/victus-caf-backend/src/main/java/com/victuscaf/modules/client/service/ClienteService.java. Using fallback presentation compiler.[0m
2026.06.03 19:48:26 WARN  no build target for: /home/santiago/DesarrolloDeSoftwareI/victus-caf/victus-caf-backend/src/main/java/com/victuscaf/modules/client/service/ClienteService.java[0m
2026.06.03 19:48:26 INFO  no build target found for /home/santiago/DesarrolloDeSoftwareI/victus-caf/victus-caf-backend/src/main/java/com/victuscaf/modules/client/service/ClienteService.java. Using fallback presentation compiler.[0m
2026.06.03 19:48:30 WARN  no build target for: /home/santiago/DesarrolloDeSoftwareI/victus-caf/victus-caf-backend/src/main/java/com/victuscaf/modules/client/service/ClienteService.java[0m
2026.06.03 19:48:30 INFO  no build target found for /home/santiago/DesarrolloDeSoftwareI/victus-caf/victus-caf-backend/src/main/java/com/victuscaf/modules/client/service/ClienteService.java. Using fallback presentation compiler.[0m
2026.06.03 19:48:32 INFO  no build target found for /home/santiago/DesarrolloDeSoftwareI/victus-caf/victus-caf-backend/src/main/java/com/victuscaf/modules/client/service/ClienteService.java. Using fallback presentation compiler.[0m
2026.06.03 19:48:33 INFO  no build target found for /home/santiago/DesarrolloDeSoftwareI/victus-caf/victus-caf-backend/src/main/java/com/victuscaf/modules/client/service/ClienteService.java. Using fallback presentation compiler.[0m
2026.06.03 19:48:33 INFO  no build target found for /home/santiago/DesarrolloDeSoftwareI/victus-caf/victus-caf-backend/src/main/java/com/victuscaf/modules/client/controller/ClienteController.java. Using fallback presentation compiler.[0m
2026.06.03 19:48:33 INFO  no build target found for /home/santiago/DesarrolloDeSoftwareI/victus-caf/victus-caf-backend/src/main/java/com/victuscaf/modules/client/service/ClienteService.java. Using fallback presentation compiler.[0m
2026.06.03 19:49:15 WARN  no build target for: /home/santiago/DesarrolloDeSoftwareI/victus-caf/victus-caf-backend/src/main/java/com/victuscaf/security/SecurityConfig.java[0m
2026.06.03 19:49:20 WARN  no build target for: /home/santiago/DesarrolloDeSoftwareI/victus-caf/victus-caf-backend/src/main/java/com/victuscaf/security/JwtAuthTokenFilter.java[0m
2026.06.03 19:49:29 INFO  no build target found for /home/santiago/DesarrolloDeSoftwareI/victus-caf/victus-caf-backend/src/main/java/com/victuscaf/modules/client/controller/ClienteController.java. Using fallback presentation compiler.[0m
2026.06.03 19:49:29 WARN  no build target for: /home/santiago/DesarrolloDeSoftwareI/victus-caf/victus-caf-backend/src/main/java/com/victuscaf/modules/client/controller/ClienteController.java[0m
jun 03, 2026 7:49:29 P. M. org.eclipse.lsp4j.jsonrpc.RemoteEndpoint handleCancellation
ADVERTENCIA: Unmatched cancel notification for request id 40
2026.06.03 19:49:29 INFO  no build target found for /home/santiago/DesarrolloDeSoftwareI/victus-caf/victus-caf-backend/src/main/java/com/victuscaf/modules/client/controller/ClienteController.java. Using fallback presentation compiler.[0m
2026.06.03 19:49:30 INFO  no build target found for /home/santiago/DesarrolloDeSoftwareI/victus-caf/victus-caf-backend/src/main/java/com/victuscaf/modules/client/controller/ClienteController.java. Using fallback presentation compiler.[0m
2026.06.03 19:49:30 INFO  no build target found for /home/santiago/DesarrolloDeSoftwareI/victus-caf/victus-caf-backend/src/main/java/com/victuscaf/modules/client/controller/ClienteController.java. Using fallback presentation compiler.[0m
2026.06.03 19:49:30 INFO  no build target found for /home/santiago/DesarrolloDeSoftwareI/victus-caf/victus-caf-backend/src/main/java/com/victuscaf/modules/client/controller/ClienteController.java. Using fallback presentation compiler.[0m
2026.06.03 19:49:31 INFO  no build target found for /home/santiago/DesarrolloDeSoftwareI/victus-caf/victus-caf-backend/src/main/java/com/victuscaf/modules/client/controller/ClienteController.java. Using fallback presentation compiler.[0m
2026.06.03 19:49:32 INFO  no build target found for /home/santiago/DesarrolloDeSoftwareI/victus-caf/victus-caf-backend/src/main/java/com/victuscaf/modules/client/controller/ClienteController.java. Using fallback presentation compiler.[0m
2026.06.03 19:49:32 INFO  no build target found for /home/santiago/DesarrolloDeSoftwareI/victus-caf/victus-caf-backend/src/main/java/com/victuscaf/modules/client/controller/ClienteController.java. Using fallback presentation compiler.[0m
2026.06.03 19:49:33 INFO  no build target found for /home/santiago/DesarrolloDeSoftwareI/victus-caf/victus-caf-backend/src/main/java/com/victuscaf/modules/client/controller/ClienteController.java. Using fallback presentation compiler.[0m
2026.06.03 19:49:33 INFO  no build target found for /home/santiago/DesarrolloDeSoftwareI/victus-caf/victus-caf-backend/src/main/java/com/victuscaf/modules/client/controller/ClienteController.java. Using fallback presentation compiler.[0m
2026.06.03 19:49:33 INFO  no build target found for /home/santiago/DesarrolloDeSoftwareI/victus-caf/victus-caf-backend/src/main/java/com/victuscaf/modules/client/controller/ClienteController.java. Using fallback presentation compiler.[0m
2026.06.03 19:49:33 INFO  no build target found for /home/santiago/DesarrolloDeSoftwareI/victus-caf/victus-caf-backend/src/main/java/com/victuscaf/modules/client/controller/ClienteController.java. Using fallback presentation compiler.[0m
jun 03, 2026 7:49:34 P. M. org.eclipse.lsp4j.jsonrpc.RemoteEndpoint handleCancellation
ADVERTENCIA: Unmatched cancel notification for request id 55
2026.06.03 19:49:35 INFO  no build target found for /home/santiago/DesarrolloDeSoftwareI/victus-caf/victus-caf-backend/src/main/java/com/victuscaf/security/SecurityConfig.java. Using fallback presentation compiler.[0m
2026.06.03 19:49:36 INFO  no build target found for /home/santiago/DesarrolloDeSoftwareI/victus-caf/victus-caf-backend/src/main/java/com/victuscaf/modules/client/controller/ClienteController.java. Using fallback presentation compiler.[0m
2026.06.03 19:49:36 INFO  no build target found for /home/santiago/DesarrolloDeSoftwareI/victus-caf/victus-caf-backend/src/main/java/com/victuscaf/modules/client/controller/ClienteController.java. Using fallback presentation compiler.[0m
2026.06.03 19:49:36 INFO  no build target found for /home/santiago/DesarrolloDeSoftwareI/victus-caf/victus-caf-backend/src/main/java/com/victuscaf/modules/client/controller/ClienteController.java. Using fallback presentation compiler.[0m
jun 03, 2026 7:49:36 P. M. org.eclipse.lsp4j.jsonrpc.RemoteEndpoint handleCancellation
ADVERTENCIA: Unmatched cancel notification for request id 60
2026.06.03 19:49:37 INFO  no build target found for /home/santiago/DesarrolloDeSoftwareI/victus-caf/victus-caf-backend/src/main/java/com/victuscaf/modules/client/controller/ClienteController.java. Using fallback presentation compiler.[0m
2026.06.03 19:49:37 INFO  no build target found for /home/santiago/DesarrolloDeSoftwareI/victus-caf/victus-caf-backend/src/main/java/com/victuscaf/modules/client/controller/ClienteController.java. Using fallback presentation compiler.[0m
2026.06.03 19:49:39 INFO  no build target found for /home/santiago/DesarrolloDeSoftwareI/victus-caf/victus-caf-backend/src/main/java/com/victuscaf/modules/client/controller/ClienteController.java. Using fallback presentation compiler.[0m
2026.06.03 19:49:40 INFO  no build target found for /home/santiago/DesarrolloDeSoftwareI/victus-caf/victus-caf-backend/src/main/java/com/victuscaf/modules/client/controller/ClienteController.java. Using fallback presentation compiler.[0m
2026.06.03 19:52:15 INFO  no build target found for /home/santiago/DesarrolloDeSoftwareI/victus-caf/victus-caf-backend/src/main/java/com/victuscaf/security/SecurityConfig.java. Using fallback presentation compiler.[0m
2026.06.03 19:52:20 INFO  no build target found for /home/santiago/DesarrolloDeSoftwareI/victus-caf/victus-caf-backend/src/main/java/com/victuscaf/security/JwtAuthTokenFilter.java. Using fallback presentation compiler.[0m
2026.06.03 20:05:28 INFO  no build target found for /home/santiago/DesarrolloDeSoftwareI/victus-caf/victus-caf-backend/src/main/java/com/victuscaf/modules/client/service/ClienteService.java. Using fallback presentation compiler.[0m
2026.06.03 20:05:30 INFO  empty definition using pc, found symbol in pc: _empty_/ClienteDiarioDTO#numeroDeDocumento# (full report at: "/home/santiago/DesarrolloDeSoftwareI/victus-caf/.metals/.reports/metals-full/2026-06-03/r_empty-definition_19-37-34-301.md")[0m
2026.06.03 20:05:31 WARN  no build target for: /home/santiago/DesarrolloDeSoftwareI/victus-caf/victus-caf-backend/src/main/java/com/victuscaf/modules/client/dto/ClienteDiarioDTO.java[0m
2026.06.03 20:05:32 INFO  no build target found for /home/santiago/DesarrolloDeSoftwareI/victus-caf/victus-caf-backend/src/main/java/com/victuscaf/modules/client/dto/ClienteDiarioDTO.java. Using fallback presentation compiler.[0m
2026.06.03 20:08:49 WARN  no build target for: /home/santiago/DesarrolloDeSoftwareI/victus-caf/victus-caf-backend/src/main/java/com/victuscaf/modules/client/repository/ContratoRepository.java[0m
2026.06.03 20:08:51 INFO  no build target found for /home/santiago/DesarrolloDeSoftwareI/victus-caf/victus-caf-backend/src/main/java/com/victuscaf/modules/client/repository/ContratoRepository.java. Using fallback presentation compiler.[0m
2026.06.03 20:08:51 INFO  no build target found for /home/santiago/DesarrolloDeSoftwareI/victus-caf/victus-caf-backend/src/main/java/com/victuscaf/modules/client/repository/ContratoRepository.java. Using fallback presentation compiler.[0m
2026.06.03 20:08:51 INFO  Created report: Optional[file:///home/santiago/DesarrolloDeSoftwareI/victus-caf/victus-caf-backend/src/main/java/com/victuscaf/modules/client/repository/ContratoRepository.java][0m
2026.06.03 20:08:51 INFO  Created report: Optional[file:///home/santiago/DesarrolloDeSoftwareI/victus-caf/victus-caf-backend/src/main/java/com/victuscaf/modules/client/repository/ContratoRepository.java][0m
2026.06.03 20:08:51 INFO  empty definition using pc, found symbol in pc: com/victuscaf/modules/client/models/ParticularMensual# (full report at: "/home/santiago/DesarrolloDeSoftwareI/victus-caf/.metals/.reports/metals-full/2026-06-03/r_empty-definition_20-08-51-774.md")[0m
2026.06.03 20:08:51 INFO  empty definition using pc, found symbol in pc: com/victuscaf/modules/client/models/Contrato# (full report at: "/home/santiago/DesarrolloDeSoftwareI/victus-caf/.metals/.reports/metals-full/2026-06-03/r_empty-definition_20-08-51-748.md")[0m
2026.06.03 20:08:52 INFO  no build target found for /home/santiago/DesarrolloDeSoftwareI/victus-caf/victus-caf-backend/src/main/java/com/victuscaf/modules/client/repository/ContratoRepository.java. Using fallback presentation compiler.[0m
2026.06.03 20:08:57 WARN  no build target for: /home/santiago/DesarrolloDeSoftwareI/victus-caf/victus-caf-backend/src/main/java/com/victuscaf/modules/client/models/ParticularMensual.java[0m
2026.06.03 20:08:57 WARN  no build target for: /home/santiago/DesarrolloDeSoftwareI/victus-caf/victus-caf-backend/src/main/java/com/victuscaf/modules/client/models/Contrato.java[0m
2026.06.03 20:09:07 WARN  no build target for: /home/santiago/DesarrolloDeSoftwareI/victus-caf/victus-caf-backend/src/main/java/com/victuscaf/modules/client/models/BeneficiarioEps.java[0m
2026.06.03 20:09:10 WARN  no build target for: /home/santiago/DesarrolloDeSoftwareI/victus-caf/victus-caf-backend/src/main/java/com/victuscaf/modules/client/models/Remision.java[0m
2026.06.03 20:09:23 INFO  no build target found for /home/santiago/DesarrolloDeSoftwareI/victus-caf/victus-caf-backend/src/main/java/com/victuscaf/modules/client/models/ParticularMensual.java. Using fallback presentation compiler.[0m
2026.06.03 20:09:24 WARN  no build target for: /home/santiago/DesarrolloDeSoftwareI/victus-caf/victus-caf-backend/src/main/java/com/victuscaf/modules/client/models/ParticularMensual.java[0m
2026.06.03 20:09:24 INFO  no build target found for /home/santiago/DesarrolloDeSoftwareI/victus-caf/victus-caf-backend/src/main/java/com/victuscaf/modules/client/models/ParticularMensual.java. Using fallback presentation compiler.[0m
2026.06.03 20:09:37 INFO  no build target found for /home/santiago/DesarrolloDeSoftwareI/victus-caf/victus-caf-backend/src/main/java/com/victuscaf/modules/client/models/Contrato.java. Using fallback presentation compiler.[0m
2026.06.03 20:09:37 WARN  no build target for: /home/santiago/DesarrolloDeSoftwareI/victus-caf/victus-caf-backend/src/main/java/com/victuscaf/modules/client/models/Contrato.java[0m
2026.06.03 20:09:37 INFO  no build target found for /home/santiago/DesarrolloDeSoftwareI/victus-caf/victus-caf-backend/src/main/java/com/victuscaf/modules/client/models/ParticularMensual.java. Using fallback presentation compiler.[0m
2026.06.03 20:09:37 INFO  no build target found for /home/santiago/DesarrolloDeSoftwareI/victus-caf/victus-caf-backend/src/main/java/com/victuscaf/modules/client/models/Contrato.java. Using fallback presentation compiler.[0m
2026.06.03 20:09:53 WARN  no build target for: /home/santiago/DesarrolloDeSoftwareI/victus-caf/victus-caf-backend/src/main/java/com/victuscaf/modules/client/models/ParticularMensual.java[0m
2026.06.03 20:09:53 WARN  no build target for: /home/santiago/DesarrolloDeSoftwareI/victus-caf/victus-caf-backend/src/main/java/com/victuscaf/modules/client/models/Contrato.java[0m
2026.06.03 20:09:54 INFO  no build target found for /home/santiago/DesarrolloDeSoftwareI/victus-caf/victus-caf-backend/src/main/java/com/victuscaf/modules/client/models/Contrato.java. Using fallback presentation compiler.[0m
2026.06.03 20:09:54 INFO  no build target found for /home/santiago/DesarrolloDeSoftwareI/victus-caf/victus-caf-backend/src/main/java/com/victuscaf/modules/client/models/ParticularMensual.java. Using fallback presentation compiler.[0m
2026.06.03 20:10:22 INFO  no build target found for /home/santiago/DesarrolloDeSoftwareI/victus-caf/victus-caf-backend/src/main/java/com/victuscaf/modules/client/models/BeneficiarioEps.java. Using fallback presentation compiler.[0m
2026.06.03 20:10:22 WARN  no build target for: /home/santiago/DesarrolloDeSoftwareI/victus-caf/victus-caf-backend/src/main/java/com/victuscaf/modules/client/models/BeneficiarioEps.java[0m
2026.06.03 20:10:22 INFO  no build target found for /home/santiago/DesarrolloDeSoftwareI/victus-caf/victus-caf-backend/src/main/java/com/victuscaf/modules/client/models/Contrato.java. Using fallback presentation compiler.[0m
2026.06.03 20:10:22 INFO  no build target found for /home/santiago/DesarrolloDeSoftwareI/victus-caf/victus-caf-backend/src/main/java/com/victuscaf/modules/client/models/BeneficiarioEps.java. Using fallback presentation compiler.[0m
2026.06.03 20:10:23 INFO  no build target found for /home/santiago/DesarrolloDeSoftwareI/victus-caf/victus-caf-backend/src/main/java/com/victuscaf/modules/client/models/ParticularMensual.java. Using fallback presentation compiler.[0m
2026.06.03 20:10:26 WARN  no build target for: /home/santiago/DesarrolloDeSoftwareI/victus-caf/victus-caf-backend/src/main/java/com/victuscaf/modules/client/models/BeneficiarioEps.java[0m
2026.06.03 20:10:26 INFO  no build target found for /home/santiago/DesarrolloDeSoftwareI/victus-caf/victus-caf-backend/src/main/java/com/victuscaf/modules/client/models/BeneficiarioEps.java. Using fallback presentation compiler.[0m
2026.06.03 20:10:27 INFO  no build target found for /home/santiago/DesarrolloDeSoftwareI/victus-caf/victus-caf-backend/src/main/java/com/victuscaf/modules/client/models/ParticularMensual.java. Using fallback presentation compiler.[0m
2026.06.03 20:10:27 INFO  no build target found for /home/santiago/DesarrolloDeSoftwareI/victus-caf/victus-caf-backend/src/main/java/com/victuscaf/modules/client/models/Contrato.java. Using fallback presentation compiler.[0m
2026.06.03 20:10:37 INFO  no build target found for /home/santiago/DesarrolloDeSoftwareI/victus-caf/victus-caf-backend/src/main/java/com/victuscaf/modules/client/models/Remision.java. Using fallback presentation compiler.[0m
2026.06.03 20:10:37 WARN  no build target for: /home/santiago/DesarrolloDeSoftwareI/victus-caf/victus-caf-backend/src/main/java/com/victuscaf/modules/client/models/Remision.java[0m
2026.06.03 20:10:37 INFO  no build target found for /home/santiago/DesarrolloDeSoftwareI/victus-caf/victus-caf-backend/src/main/java/com/victuscaf/modules/client/models/BeneficiarioEps.java. Using fallback presentation compiler.[0m
2026.06.03 20:10:37 INFO  no build target found for /home/santiago/DesarrolloDeSoftwareI/victus-caf/victus-caf-backend/src/main/java/com/victuscaf/modules/client/models/Contrato.java. Using fallback presentation compiler.[0m
2026.06.03 20:10:37 INFO  no build target found for /home/santiago/DesarrolloDeSoftwareI/victus-caf/victus-caf-backend/src/main/java/com/victuscaf/modules/client/models/Remision.java. Using fallback presentation compiler.[0m
2026.06.03 20:10:37 INFO  no build target found for /home/santiago/DesarrolloDeSoftwareI/victus-caf/victus-caf-backend/src/main/java/com/victuscaf/modules/client/models/ParticularMensual.java. Using fallback presentation compiler.[0m
2026.06.03 20:10:41 WARN  no build target for: /home/santiago/DesarrolloDeSoftwareI/victus-caf/victus-caf-backend/src/main/java/com/victuscaf/modules/client/models/Remision.java[0m
2026.06.03 20:10:41 INFO  no build target found for /home/santiago/DesarrolloDeSoftwareI/victus-caf/victus-caf-backend/src/main/java/com/victuscaf/modules/client/models/ParticularMensual.java. Using fallback presentation compiler.[0m
2026.06.03 20:10:42 INFO  no build target found for /home/santiago/DesarrolloDeSoftwareI/victus-caf/victus-caf-backend/src/main/java/com/victuscaf/modules/client/models/Contrato.java. Using fallback presentation compiler.[0m
2026.06.03 20:10:42 INFO  no build target found for /home/santiago/DesarrolloDeSoftwareI/victus-caf/victus-caf-backend/src/main/java/com/victuscaf/modules/client/models/Remision.java. Using fallback presentation compiler.[0m
2026.06.03 20:10:42 INFO  no build target found for /home/santiago/DesarrolloDeSoftwareI/victus-caf/victus-caf-backend/src/main/java/com/victuscaf/modules/client/models/BeneficiarioEps.java. Using fallback presentation compiler.[0m
2026.06.03 20:10:47 WARN  no build target for: /home/santiago/DesarrolloDeSoftwareI/victus-caf/victus-caf-backend/src/main/java/com/victuscaf/modules/client/dto/ApiResponse.java[0m
2026.06.03 20:10:47 INFO  no build target found for /home/santiago/DesarrolloDeSoftwareI/victus-caf/victus-caf-backend/src/main/java/com/victuscaf/modules/client/dto/ApiResponse.java. Using fallback presentation compiler.[0m
2026.06.03 20:10:47 INFO  no build target found for /home/santiago/DesarrolloDeSoftwareI/victus-caf/victus-caf-backend/src/main/java/com/victuscaf/modules/client/dto/ApiResponse.java. Using fallback presentation compiler.[0m
2026.06.03 20:10:48 INFO  no build target found for /home/santiago/DesarrolloDeSoftwareI/victus-caf/victus-caf-backend/src/main/java/com/victuscaf/modules/client/dto/ApiResponse.java. Using fallback presentation compiler.[0m
jun 03, 2026 8:10:48 P. M. org.eclipse.lsp4j.jsonrpc.RemoteEndpoint handleCancellation
ADVERTENCIA: Unmatched cancel notification for request id 95
2026.06.03 20:10:47 INFO  no build target found for /home/santiago/DesarrolloDeSoftwareI/victus-caf/victus-caf-backend/src/main/java/com/victuscaf/modules/client/dto/ApiResponse.java. Using fallback presentation compiler.[0m
jun 03, 2026 8:10:49 P. M. org.eclipse.lsp4j.jsonrpc.RemoteEndpoint handleCancellation
ADVERTENCIA: Unmatched cancel notification for request id 98
2026.06.03 20:10:49 INFO  no build target found for /home/santiago/DesarrolloDeSoftwareI/victus-caf/victus-caf-backend/src/main/java/com/victuscaf/modules/client/models/ParticularMensual.java. Using fallback presentation compiler.[0m
2026.06.03 20:10:49 INFO  no build target found for /home/santiago/DesarrolloDeSoftwareI/victus-caf/victus-caf-backend/src/main/java/com/victuscaf/modules/client/models/Contrato.java. Using fallback presentation compiler.[0m
2026.06.03 20:10:49 INFO  no build target found for /home/santiago/DesarrolloDeSoftwareI/victus-caf/victus-caf-backend/src/main/java/com/victuscaf/modules/client/models/BeneficiarioEps.java. Using fallback presentation compiler.[0m
2026.06.03 20:10:49 INFO  no build target found for /home/santiago/DesarrolloDeSoftwareI/victus-caf/victus-caf-backend/src/main/java/com/victuscaf/modules/client/dto/ApiResponse.java. Using fallback presentation compiler.[0m
2026.06.03 20:10:49 INFO  no build target found for /home/santiago/DesarrolloDeSoftwareI/victus-caf/victus-caf-backend/src/main/java/com/victuscaf/modules/client/models/Remision.java. Using fallback presentation compiler.[0m
jun 03, 2026 8:10:50 P. M. org.eclipse.lsp4j.jsonrpc.RemoteEndpoint handleCancellation
ADVERTENCIA: Unmatched cancel notification for request id 99
jun 03, 2026 8:10:50 P. M. org.eclipse.lsp4j.jsonrpc.RemoteEndpoint handleCancellation
ADVERTENCIA: Unmatched cancel notification for request id 96
2026.06.03 20:10:50 INFO  no build target found for /home/santiago/DesarrolloDeSoftwareI/victus-caf/victus-caf-backend/src/main/java/com/victuscaf/modules/client/dto/ApiResponse.java. Using fallback presentation compiler.[0m
2026.06.03 20:10:50 INFO  no build target found for /home/santiago/DesarrolloDeSoftwareI/victus-caf/victus-caf-backend/src/main/java/com/victuscaf/modules/client/dto/ApiResponse.java. Using fallback presentation compiler.[0m
jun 03, 2026 8:10:51 P. M. org.eclipse.lsp4j.jsonrpc.RemoteEndpoint handleCancellation
ADVERTENCIA: Unmatched cancel notification for request id 106
jun 03, 2026 8:10:51 P. M. org.eclipse.lsp4j.jsonrpc.RemoteEndpoint handleCancellation
ADVERTENCIA: Unmatched cancel notification for request id 105
2026.06.03 20:10:52 INFO  no build target found for /home/santiago/DesarrolloDeSoftwareI/victus-caf/victus-caf-backend/src/main/java/com/victuscaf/modules/client/dto/ApiResponse.java. Using fallback presentation compiler.[0m
2026.06.03 20:10:52 INFO  no build target found for /home/santiago/DesarrolloDeSoftwareI/victus-caf/victus-caf-backend/src/main/java/com/victuscaf/modules/client/dto/ApiResponse.java. Using fallback presentation compiler.[0m
2026.06.03 20:10:53 INFO  no build target found for /home/santiago/DesarrolloDeSoftwareI/victus-caf/victus-caf-backend/src/main/java/com/victuscaf/modules/client/dto/ApiResponse.java. Using fallback presentation compiler.[0m
2026.06.03 20:10:53 INFO  no build target found for /home/santiago/DesarrolloDeSoftwareI/victus-caf/victus-caf-backend/src/main/java/com/victuscaf/modules/client/dto/ApiResponse.java. Using fallback presentation compiler.[0m
2026.06.03 20:10:55 INFO  no build target found for /home/santiago/DesarrolloDeSoftwareI/victus-caf/victus-caf-backend/src/main/java/com/victuscaf/modules/client/dto/ApiResponse.java. Using fallback presentation compiler.[0m
2026.06.03 20:10:57 INFO  no build target found for /home/santiago/DesarrolloDeSoftwareI/victus-caf/victus-caf-backend/src/main/java/com/victuscaf/modules/client/dto/ApiResponse.java. Using fallback presentation compiler.[0m
2026.06.03 20:10:57 INFO  no build target found for /home/santiago/DesarrolloDeSoftwareI/victus-caf/victus-caf-backend/src/main/java/com/victuscaf/modules/client/dto/ApiResponse.java. Using fallback presentation compiler.[0m
jun 03, 2026 8:10:57 P. M. org.eclipse.lsp4j.jsonrpc.RemoteEndpoint handleCancellation
ADVERTENCIA: Unmatched cancel notification for request id 124
2026.06.03 20:10:57 INFO  no build target found for /home/santiago/DesarrolloDeSoftwareI/victus-caf/victus-caf-backend/src/main/java/com/victuscaf/modules/client/dto/ApiResponse.java. Using fallback presentation compiler.[0m
2026.06.03 20:10:58 INFO  no build target found for /home/santiago/DesarrolloDeSoftwareI/victus-caf/victus-caf-backend/src/main/java/com/victuscaf/modules/client/dto/ApiResponse.java. Using fallback presentation compiler.[0m
2026.06.03 20:10:58 INFO  no build target found for /home/santiago/DesarrolloDeSoftwareI/victus-caf/victus-caf-backend/src/main/java/com/victuscaf/modules/client/dto/ApiResponse.java. Using fallback presentation compiler.[0m
2026.06.03 20:11:00 INFO  no build target found for /home/santiago/DesarrolloDeSoftwareI/victus-caf/victus-caf-backend/src/main/java/com/victuscaf/modules/client/dto/ApiResponse.java. Using fallback presentation compiler.[0m
2026.06.03 20:11:00 INFO  no build target found for /home/santiago/DesarrolloDeSoftwareI/victus-caf/victus-caf-backend/src/main/java/com/victuscaf/modules/client/dto/ApiResponse.java. Using fallback presentation compiler.[0m
2026.06.03 20:11:01 INFO  no build target found for /home/santiago/DesarrolloDeSoftwareI/victus-caf/victus-caf-backend/src/main/java/com/victuscaf/modules/client/dto/ApiResponse.java. Using fallback presentation compiler.[0m
2026.06.03 20:11:01 INFO  no build target found for /home/santiago/DesarrolloDeSoftwareI/victus-caf/victus-caf-backend/src/main/java/com/victuscaf/modules/client/dto/ApiResponse.java. Using fallback presentation compiler.[0m
2026.06.03 20:11:01 INFO  no build target found for /home/santiago/DesarrolloDeSoftwareI/victus-caf/victus-caf-backend/src/main/java/com/victuscaf/modules/client/dto/ApiResponse.java. Using fallback presentation compiler.[0m
2026.06.03 20:11:04 INFO  no build target found for /home/santiago/DesarrolloDeSoftwareI/victus-caf/victus-caf-backend/src/main/java/com/victuscaf/modules/client/dto/ApiResponse.java. Using fallback presentation compiler.[0m
2026.06.03 20:11:04 INFO  no build target found for /home/santiago/DesarrolloDeSoftwareI/victus-caf/victus-caf-backend/src/main/java/com/victuscaf/modules/client/dto/ApiResponse.java. Using fallback presentation compiler.[0m
2026.06.03 20:11:06 INFO  no build target found for /home/santiago/DesarrolloDeSoftwareI/victus-caf/victus-caf-backend/src/main/java/com/victuscaf/modules/client/dto/ApiResponse.java. Using fallback presentation compiler.[0m
2026.06.03 20:11:06 INFO  no build target found for /home/santiago/DesarrolloDeSoftwareI/victus-caf/victus-caf-backend/src/main/java/com/victuscaf/modules/client/dto/ApiResponse.java. Using fallback presentation compiler.[0m
2026.06.03 20:11:07 INFO  no build target found for /home/santiago/DesarrolloDeSoftwareI/victus-caf/victus-caf-backend/src/main/java/com/victuscaf/modules/client/dto/ApiResponse.java. Using fallback presentation compiler.[0m
2026.06.03 20:11:07 INFO  no build target found for /home/santiago/DesarrolloDeSoftwareI/victus-caf/victus-caf-backend/src/main/java/com/victuscaf/modules/client/dto/ApiResponse.java. Using fallback presentation compiler.[0m
jun 03, 2026 8:11:08 P. M. org.eclipse.lsp4j.jsonrpc.RemoteEndpoint handleCancellation
ADVERTENCIA: Unmatched cancel notification for request id 147
2026.06.03 20:11:07 INFO  no build target found for /home/santiago/DesarrolloDeSoftwareI/victus-caf/victus-caf-backend/src/main/java/com/victuscaf/modules/client/dto/ApiResponse.java. Using fallback presentation compiler.[0m
2026.06.03 20:11:09 INFO  no build target found for /home/santiago/DesarrolloDeSoftwareI/victus-caf/victus-caf-backend/src/main/java/com/victuscaf/modules/client/dto/ApiResponse.java. Using fallback presentation compiler.[0m
2026.06.03 20:11:09 INFO  no build target found for /home/santiago/DesarrolloDeSoftwareI/victus-caf/victus-caf-backend/src/main/java/com/victuscaf/modules/client/dto/ApiResponse.java. Using fallback presentation compiler.[0m
2026.06.03 20:11:11 INFO  no build target found for /home/santiago/DesarrolloDeSoftwareI/victus-caf/victus-caf-backend/src/main/java/com/victuscaf/modules/client/dto/ApiResponse.java. Using fallback presentation compiler.[0m
2026.06.03 20:11:11 INFO  no build target found for /home/santiago/DesarrolloDeSoftwareI/victus-caf/victus-caf-backend/src/main/java/com/victuscaf/modules/client/dto/ApiResponse.java. Using fallback presentation compiler.[0m
2026.06.03 20:11:14 INFO  no build target found for /home/santiago/DesarrolloDeSoftwareI/victus-caf/victus-caf-backend/src/main/java/com/victuscaf/modules/client/dto/ApiResponse.java. Using fallback presentation compiler.[0m
2026.06.03 20:11:16 INFO  no build target found for /home/santiago/DesarrolloDeSoftwareI/victus-caf/victus-caf-backend/src/main/java/com/victuscaf/modules/client/dto/ApiResponse.java. Using fallback presentation compiler.[0m
2026.06.03 20:11:18 INFO  no build target found for /home/santiago/DesarrolloDeSoftwareI/victus-caf/victus-caf-backend/src/main/java/com/victuscaf/modules/client/dto/ApiResponse.java. Using fallback presentation compiler.[0m
2026.06.03 20:11:19 INFO  no build target found for /home/santiago/DesarrolloDeSoftwareI/victus-caf/victus-caf-backend/src/main/java/com/victuscaf/modules/client/dto/ApiResponse.java. Using fallback presentation compiler.[0m
2026.06.03 20:11:21 INFO  no build target found for /home/santiago/DesarrolloDeSoftwareI/victus-caf/victus-caf-backend/src/main/java/com/victuscaf/modules/client/dto/ApiResponse.java. Using fallback presentation compiler.[0m
2026.06.03 20:11:21 INFO  no build target found for /home/santiago/DesarrolloDeSoftwareI/victus-caf/victus-caf-backend/src/main/java/com/victuscaf/modules/client/dto/ApiResponse.java. Using fallback presentation compiler.[0m
2026.06.03 20:11:24 INFO  no build target found for /home/santiago/DesarrolloDeSoftwareI/victus-caf/victus-caf-backend/src/main/java/com/victuscaf/modules/client/dto/ApiResponse.java. Using fallback presentation compiler.[0m
2026.06.03 20:11:25 INFO  no build target found for /home/santiago/DesarrolloDeSoftwareI/victus-caf/victus-caf-backend/src/main/java/com/victuscaf/modules/client/dto/ApiResponse.java. Using fallback presentation compiler.[0m
2026.06.03 20:11:25 INFO  no build target found for /home/santiago/DesarrolloDeSoftwareI/victus-caf/victus-caf-backend/src/main/java/com/victuscaf/modules/client/dto/ApiResponse.java. Using fallback presentation compiler.[0m
jun 03, 2026 8:11:26 P. M. org.eclipse.lsp4j.jsonrpc.RemoteEndpoint handleCancellation
ADVERTENCIA: Unmatched cancel notification for request id 164
2026.06.03 20:11:25 INFO  no build target found for /home/santiago/DesarrolloDeSoftwareI/victus-caf/victus-caf-backend/src/main/java/com/victuscaf/modules/client/dto/ApiResponse.java. Using fallback presentation compiler.[0m
2026.06.03 20:11:27 INFO  no build target found for /home/santiago/DesarrolloDeSoftwareI/victus-caf/victus-caf-backend/src/main/java/com/victuscaf/modules/client/dto/ApiResponse.java. Using fallback presentation compiler.[0m
2026.06.03 20:11:28 INFO  no build target found for /home/santiago/DesarrolloDeSoftwareI/victus-caf/victus-caf-backend/src/main/java/com/victuscaf/modules/client/dto/ApiResponse.java. Using fallback presentation compiler.[0m
2026.06.03 20:11:28 INFO  no build target found for /home/santiago/DesarrolloDeSoftwareI/victus-caf/victus-caf-backend/src/main/java/com/victuscaf/modules/client/dto/ApiResponse.java. Using fallback presentation compiler.[0m
2026.06.03 20:11:29 INFO  no build target found for /home/santiago/DesarrolloDeSoftwareI/victus-caf/victus-caf-backend/src/main/java/com/victuscaf/modules/client/dto/ApiResponse.java. Using fallback presentation compiler.[0m
2026.06.03 20:11:30 INFO  no build target found for /home/santiago/DesarrolloDeSoftwareI/victus-caf/victus-caf-backend/src/main/java/com/victuscaf/modules/client/dto/ApiResponse.java. Using fallback presentation compiler.[0m
2026.06.03 20:11:30 INFO  no build target found for /home/santiago/DesarrolloDeSoftwareI/victus-caf/victus-caf-backend/src/main/java/com/victuscaf/modules/client/dto/ApiResponse.java. Using fallback presentation compiler.[0m
2026.06.03 20:11:31 INFO  no build target found for /home/santiago/DesarrolloDeSoftwareI/victus-caf/victus-caf-backend/src/main/java/com/victuscaf/modules/client/models/BeneficiarioEps.java. Using fallback presentation compiler.[0m
2026.06.03 20:11:32 INFO  Created report: Optional[file:///home/santiago/DesarrolloDeSoftwareI/victus-caf/victus-caf-backend/src/main/java/com/victuscaf/modules/client/models/BeneficiarioEps.java][0m
2026.06.03 20:11:32 INFO  empty definition using pc, found symbol in pc: com/fasterxml/jackson/annotation/JsonManagedReference# (full report at: "/home/santiago/DesarrolloDeSoftwareI/victus-caf/.metals/.reports/metals-full/2026-06-03/r_empty-definition_20-11-32-637.md")[0m
2026.06.03 20:11:32 INFO  no build target found for /home/santiago/DesarrolloDeSoftwareI/victus-caf/victus-caf-backend/src/main/java/com/victuscaf/modules/client/models/ParticularMensual.java. Using fallback presentation compiler.[0m
2026.06.03 20:11:33 INFO  no build target found for /home/santiago/DesarrolloDeSoftwareI/victus-caf/victus-caf-backend/src/main/java/com/victuscaf/modules/client/models/Contrato.java. Using fallback presentation compiler.[0m
2026.06.03 20:11:33 INFO  no build target found for /home/santiago/DesarrolloDeSoftwareI/victus-caf/victus-caf-backend/src/main/java/com/victuscaf/modules/client/models/Contrato.java. Using fallback presentation compiler.[0m
2026.06.03 20:11:33 INFO  Created report: Optional[file:///home/santiago/DesarrolloDeSoftwareI/victus-caf/victus-caf-backend/src/main/java/com/victuscaf/modules/client/models/Contrato.java][0m
2026.06.03 20:11:33 INFO  empty definition using pc, found symbol in pc: com/fasterxml/jackson/annotation/JsonBackReference# (full report at: "/home/santiago/DesarrolloDeSoftwareI/victus-caf/.metals/.reports/metals-full/2026-06-03/r_empty-definition_20-11-33-385.md")[0m
2026.06.03 20:11:34 INFO  no build target found for /home/santiago/DesarrolloDeSoftwareI/victus-caf/victus-caf-backend/src/main/java/com/victuscaf/modules/client/dto/ApiResponse.java. Using fallback presentation compiler.[0m
2026.06.03 20:11:34 INFO  no build target found for /home/santiago/DesarrolloDeSoftwareI/victus-caf/victus-caf-backend/src/main/java/com/victuscaf/modules/client/models/BeneficiarioEps.java. Using fallback presentation compiler.[0m
2026.06.03 20:11:34 INFO  no build target found for /home/santiago/DesarrolloDeSoftwareI/victus-caf/victus-caf-backend/src/main/java/com/victuscaf/modules/client/models/Contrato.java. Using fallback presentation compiler.[0m
2026.06.03 20:11:34 INFO  no build target found for /home/santiago/DesarrolloDeSoftwareI/victus-caf/victus-caf-backend/src/main/java/com/victuscaf/modules/client/models/BeneficiarioEps.java. Using fallback presentation compiler.[0m
2026.06.03 20:11:34 INFO  no build target found for /home/santiago/DesarrolloDeSoftwareI/victus-caf/victus-caf-backend/src/main/java/com/victuscaf/modules/client/models/Remision.java. Using fallback presentation compiler.[0m
2026.06.03 20:11:34 INFO  no build target found for /home/santiago/DesarrolloDeSoftwareI/victus-caf/victus-caf-backend/src/main/java/com/victuscaf/modules/client/models/ParticularMensual.java. Using fallback presentation compiler.[0m
2026.06.03 20:11:34 INFO  no build target found for /home/santiago/DesarrolloDeSoftwareI/victus-caf/victus-caf-backend/src/main/java/com/victuscaf/modules/client/models/BeneficiarioEps.java. Using fallback presentation compiler.[0m
2026.06.03 20:11:34 INFO  empty definition using pc, found symbol in pc: com/fasterxml/jackson/annotation/JsonBackReference# (full report at: "/home/santiago/DesarrolloDeSoftwareI/victus-caf/.metals/.reports/metals-full/2026-06-03/r_empty-definition_20-11-33-385.md")[0m
2026.06.03 20:11:34 INFO  empty definition using pc, found symbol in pc: com/fasterxml/jackson/annotation/JsonManagedReference# (full report at: "/home/santiago/DesarrolloDeSoftwareI/victus-caf/.metals/.reports/metals-full/2026-06-03/r_empty-definition_20-11-32-637.md")[0m
2026.06.03 20:11:37 INFO  no build target found for /home/santiago/DesarrolloDeSoftwareI/victus-caf/victus-caf-backend/src/main/java/com/victuscaf/modules/client/dto/ApiResponse.java. Using fallback presentation compiler.[0m
2026.06.03 20:11:37 INFO  no build target found for /home/santiago/DesarrolloDeSoftwareI/victus-caf/victus-caf-backend/src/main/java/com/victuscaf/modules/client/dto/ApiResponse.java. Using fallback presentation compiler.[0m
2026.06.03 20:11:38 INFO  no build target found for /home/santiago/DesarrolloDeSoftwareI/victus-caf/victus-caf-backend/src/main/java/com/victuscaf/modules/client/dto/ApiResponse.java. Using fallback presentation compiler.[0m
2026.06.03 20:11:39 INFO  no build target found for /home/santiago/DesarrolloDeSoftwareI/victus-caf/victus-caf-backend/src/main/java/com/victuscaf/modules/client/dto/ApiResponse.java. Using fallback presentation compiler.[0m
2026.06.03 20:11:39 INFO  no build target found for /home/santiago/DesarrolloDeSoftwareI/victus-caf/victus-caf-backend/src/main/java/com/victuscaf/modules/client/dto/ApiResponse.java. Using fallback presentation compiler.[0m
2026.06.03 20:11:40 INFO  no build target found for /home/santiago/DesarrolloDeSoftwareI/victus-caf/victus-caf-backend/src/main/java/com/victuscaf/modules/client/dto/ApiResponse.java. Using fallback presentation compiler.[0m
2026.06.03 20:11:40 INFO  no build target found for /home/santiago/DesarrolloDeSoftwareI/victus-caf/victus-caf-backend/src/main/java/com/victuscaf/modules/client/dto/ApiResponse.java. Using fallback presentation compiler.[0m
2026.06.03 20:11:42 INFO  no build target found for /home/santiago/DesarrolloDeSoftwareI/victus-caf/victus-caf-backend/src/main/java/com/victuscaf/modules/client/dto/ApiResponse.java. Using fallback presentation compiler.[0m
2026.06.03 20:11:42 INFO  no build target found for /home/santiago/DesarrolloDeSoftwareI/victus-caf/victus-caf-backend/src/main/java/com/victuscaf/modules/client/dto/ApiResponse.java. Using fallback presentation compiler.[0m
2026.06.03 20:11:43 INFO  no build target found for /home/santiago/DesarrolloDeSoftwareI/victus-caf/victus-caf-backend/src/main/java/com/victuscaf/modules/client/models/BeneficiarioEps.java. Using fallback presentation compiler.[0m
2026.06.03 20:11:43 INFO  no build target found for /home/santiago/DesarrolloDeSoftwareI/victus-caf/victus-caf-backend/src/main/java/com/victuscaf/modules/client/models/Contrato.java. Using fallback presentation compiler.[0m
2026.06.03 20:11:43 INFO  no build target found for /home/santiago/DesarrolloDeSoftwareI/victus-caf/victus-caf-backend/src/main/java/com/victuscaf/modules/client/models/ParticularMensual.java. Using fallback presentation compiler.[0m
2026.06.03 20:11:43 INFO  no build target found for /home/santiago/DesarrolloDeSoftwareI/victus-caf/victus-caf-backend/src/main/java/com/victuscaf/modules/client/dto/ApiResponse.java. Using fallback presentation compiler.[0m
2026.06.03 20:11:43 INFO  no build target found for /home/santiago/DesarrolloDeSoftwareI/victus-caf/victus-caf-backend/src/main/java/com/victuscaf/modules/client/models/Remision.java. Using fallback presentation compiler.[0m
2026.06.03 20:11:45 INFO  no build target found for /home/santiago/DesarrolloDeSoftwareI/victus-caf/victus-caf-backend/src/main/java/com/victuscaf/modules/client/dto/ApiResponse.java. Using fallback presentation compiler.[0m
2026.06.03 20:11:45 INFO  no build target found for /home/santiago/DesarrolloDeSoftwareI/victus-caf/victus-caf-backend/src/main/java/com/victuscaf/modules/client/dto/ApiResponse.java. Using fallback presentation compiler.[0m
2026.06.03 20:11:48 INFO  no build target found for /home/santiago/DesarrolloDeSoftwareI/victus-caf/victus-caf-backend/src/main/java/com/victuscaf/modules/client/dto/ApiResponse.java. Using fallback presentation compiler.[0m
2026.06.03 20:11:50 INFO  no build target found for /home/santiago/DesarrolloDeSoftwareI/victus-caf/victus-caf-backend/src/main/java/com/victuscaf/modules/client/dto/ApiResponse.java. Using fallback presentation compiler.[0m
2026.06.03 20:11:51 INFO  no build target found for /home/santiago/DesarrolloDeSoftwareI/victus-caf/victus-caf-backend/src/main/java/com/victuscaf/modules/client/dto/ApiResponse.java. Using fallback presentation compiler.[0m
2026.06.03 20:11:51 INFO  no build target found for /home/santiago/DesarrolloDeSoftwareI/victus-caf/victus-caf-backend/src/main/java/com/victuscaf/modules/client/dto/ApiResponse.java. Using fallback presentation compiler.[0m
2026.06.03 20:11:54 INFO  no build target found for /home/santiago/DesarrolloDeSoftwareI/victus-caf/victus-caf-backend/src/main/java/com/victuscaf/modules/client/dto/ApiResponse.java. Using fallback presentation compiler.[0m
2026.06.03 20:11:54 INFO  no build target found for /home/santiago/DesarrolloDeSoftwareI/victus-caf/victus-caf-backend/src/main/java/com/victuscaf/modules/client/dto/ApiResponse.java. Using fallback presentation compiler.[0m
2026.06.03 20:11:56 INFO  no build target found for /home/santiago/DesarrolloDeSoftwareI/victus-caf/victus-caf-backend/src/main/java/com/victuscaf/modules/client/dto/ApiResponse.java. Using fallback presentation compiler.[0m
2026.06.03 20:11:56 INFO  no build target found for /home/santiago/DesarrolloDeSoftwareI/victus-caf/victus-caf-backend/src/main/java/com/victuscaf/modules/client/dto/ApiResponse.java. Using fallback presentation compiler.[0m
2026.06.03 20:11:59 INFO  no build target found for /home/santiago/DesarrolloDeSoftwareI/victus-caf/victus-caf-backend/src/main/java/com/victuscaf/modules/client/dto/ApiResponse.java. Using fallback presentation compiler.[0m
2026.06.03 20:11:59 INFO  no build target found for /home/santiago/DesarrolloDeSoftwareI/victus-caf/victus-caf-backend/src/main/java/com/victuscaf/modules/client/dto/ApiResponse.java. Using fallback presentation compiler.[0m
2026.06.03 20:12:01 INFO  no build target found for /home/santiago/DesarrolloDeSoftwareI/victus-caf/victus-caf-backend/src/main/java/com/victuscaf/modules/client/dto/ApiResponse.java. Using fallback presentation compiler.[0m
2026.06.03 20:12:01 INFO  no build target found for /home/santiago/DesarrolloDeSoftwareI/victus-caf/victus-caf-backend/src/main/java/com/victuscaf/modules/client/dto/ApiResponse.java. Using fallback presentation compiler.[0m
2026.06.03 20:12:04 INFO  no build target found for /home/santiago/DesarrolloDeSoftwareI/victus-caf/victus-caf-backend/src/main/java/com/victuscaf/modules/client/dto/ApiResponse.java. Using fallback presentation compiler.[0m
2026.06.03 20:12:04 INFO  no build target found for /home/santiago/DesarrolloDeSoftwareI/victus-caf/victus-caf-backend/src/main/java/com/victuscaf/modules/client/dto/ApiResponse.java. Using fallback presentation compiler.[0m
2026.06.03 20:12:07 INFO  no build target found for /home/santiago/DesarrolloDeSoftwareI/victus-caf/victus-caf-backend/src/main/java/com/victuscaf/modules/client/dto/ApiResponse.java. Using fallback presentation compiler.[0m
2026.06.03 20:12:07 INFO  no build target found for /home/santiago/DesarrolloDeSoftwareI/victus-caf/victus-caf-backend/src/main/java/com/victuscaf/modules/client/dto/ApiResponse.java. Using fallback presentation compiler.[0m
2026.06.03 20:12:09 INFO  no build target found for /home/santiago/DesarrolloDeSoftwareI/victus-caf/victus-caf-backend/src/main/java/com/victuscaf/modules/client/dto/ApiResponse.java. Using fallback presentation compiler.[0m
2026.06.03 20:12:09 INFO  no build target found for /home/santiago/DesarrolloDeSoftwareI/victus-caf/victus-caf-backend/src/main/java/com/victuscaf/modules/client/dto/ApiResponse.java. Using fallback presentation compiler.[0m
2026.06.03 20:12:12 INFO  no build target found for /home/santiago/DesarrolloDeSoftwareI/victus-caf/victus-caf-backend/src/main/java/com/victuscaf/modules/client/dto/ApiResponse.java. Using fallback presentation compiler.[0m
2026.06.03 20:12:14 INFO  no build target found for /home/santiago/DesarrolloDeSoftwareI/victus-caf/victus-caf-backend/src/main/java/com/victuscaf/modules/client/dto/ApiResponse.java. Using fallback presentation compiler.[0m
2026.06.03 20:12:15 INFO  no build target found for /home/santiago/DesarrolloDeSoftwareI/victus-caf/victus-caf-backend/src/main/java/com/victuscaf/modules/client/dto/ApiResponse.java. Using fallback presentation compiler.[0m
2026.06.03 20:12:15 INFO  no build target found for /home/santiago/DesarrolloDeSoftwareI/victus-caf/victus-caf-backend/src/main/java/com/victuscaf/modules/client/dto/ApiResponse.java. Using fallback presentation compiler.[0m
2026.06.03 20:12:17 INFO  no build target found for /home/santiago/DesarrolloDeSoftwareI/victus-caf/victus-caf-backend/src/main/java/com/victuscaf/modules/client/dto/ApiResponse.java. Using fallback presentation compiler.[0m
2026.06.03 20:12:18 INFO  no build target found for /home/santiago/DesarrolloDeSoftwareI/victus-caf/victus-caf-backend/src/main/java/com/victuscaf/modules/client/dto/ApiResponse.java. Using fallback presentation compiler.[0m
2026.06.03 20:12:18 INFO  no build target found for /home/santiago/DesarrolloDeSoftwareI/victus-caf/victus-caf-backend/src/main/java/com/victuscaf/modules/client/dto/ApiResponse.java. Using fallback presentation compiler.[0m
2026.06.03 20:12:20 INFO  no build target found for /home/santiago/DesarrolloDeSoftwareI/victus-caf/victus-caf-backend/src/main/java/com/victuscaf/modules/client/dto/ApiResponse.java. Using fallback presentation compiler.[0m
2026.06.03 20:12:21 INFO  no build target found for /home/santiago/DesarrolloDeSoftwareI/victus-caf/victus-caf-backend/src/main/java/com/victuscaf/modules/client/dto/ApiResponse.java. Using fallback presentation compiler.[0m
2026.06.03 20:12:21 INFO  no build target found for /home/santiago/DesarrolloDeSoftwareI/victus-caf/victus-caf-backend/src/main/java/com/victuscaf/modules/client/dto/ApiResponse.java. Using fallback presentation compiler.[0m
2026.06.03 20:12:23 INFO  no build target found for /home/santiago/DesarrolloDeSoftwareI/victus-caf/victus-caf-backend/src/main/java/com/victuscaf/modules/client/dto/ApiResponse.java. Using fallback presentation compiler.[0m
2026.06.03 20:12:23 INFO  no build target found for /home/santiago/DesarrolloDeSoftwareI/victus-caf/victus-caf-backend/src/main/java/com/victuscaf/modules/client/dto/ApiResponse.java. Using fallback presentation compiler.[0m
2026.06.03 20:12:26 INFO  no build target found for /home/santiago/DesarrolloDeSoftwareI/victus-caf/victus-caf-backend/src/main/java/com/victuscaf/modules/client/dto/ApiResponse.java. Using fallback presentation compiler.[0m
2026.06.03 20:12:26 INFO  no build target found for /home/santiago/DesarrolloDeSoftwareI/victus-caf/victus-caf-backend/src/main/java/com/victuscaf/modules/client/dto/ApiResponse.java. Using fallback presentation compiler.[0m
2026.06.03 20:12:28 INFO  no build target found for /home/santiago/DesarrolloDeSoftwareI/victus-caf/victus-caf-backend/src/main/java/com/victuscaf/modules/client/dto/ApiResponse.java. Using fallback presentation compiler.[0m
2026.06.03 20:12:28 INFO  no build target found for /home/santiago/DesarrolloDeSoftwareI/victus-caf/victus-caf-backend/src/main/java/com/victuscaf/modules/client/dto/ApiResponse.java. Using fallback presentation compiler.[0m
2026.06.03 20:12:31 INFO  no build target found for /home/santiago/DesarrolloDeSoftwareI/victus-caf/victus-caf-backend/src/main/java/com/victuscaf/modules/client/dto/ApiResponse.java. Using fallback presentation compiler.[0m
2026.06.03 20:12:31 INFO  no build target found for /home/santiago/DesarrolloDeSoftwareI/victus-caf/victus-caf-backend/src/main/java/com/victuscaf/modules/client/dto/ApiResponse.java. Using fallback presentation compiler.[0m
2026.06.03 20:12:33 INFO  no build target found for /home/santiago/DesarrolloDeSoftwareI/victus-caf/victus-caf-backend/src/main/java/com/victuscaf/modules/client/dto/ApiResponse.java. Using fallback presentation compiler.[0m
2026.06.03 20:12:33 INFO  no build target found for /home/santiago/DesarrolloDeSoftwareI/victus-caf/victus-caf-backend/src/main/java/com/victuscaf/modules/client/dto/ApiResponse.java. Using fallback presentation compiler.[0m
2026.06.03 20:12:36 INFO  no build target found for /home/santiago/DesarrolloDeSoftwareI/victus-caf/victus-caf-backend/src/main/java/com/victuscaf/modules/client/dto/ApiResponse.java. Using fallback presentation compiler.[0m
2026.06.03 20:12:38 INFO  no build target found for /home/santiago/DesarrolloDeSoftwareI/victus-caf/victus-caf-backend/src/main/java/com/victuscaf/modules/client/dto/ApiResponse.java. Using fallback presentation compiler.[0m
2026.06.03 20:12:39 INFO  no build target found for /home/santiago/DesarrolloDeSoftwareI/victus-caf/victus-caf-backend/src/main/java/com/victuscaf/modules/client/dto/ApiResponse.java. Using fallback presentation compiler.[0m
2026.06.03 20:12:39 INFO  no build target found for /home/santiago/DesarrolloDeSoftwareI/victus-caf/victus-caf-backend/src/main/java/com/victuscaf/modules/client/dto/ApiResponse.java. Using fallback presentation compiler.[0m
2026.06.03 20:12:41 INFO  no build target found for /home/santiago/DesarrolloDeSoftwareI/victus-caf/victus-caf-backend/src/main/java/com/victuscaf/modules/client/dto/ApiResponse.java. Using fallback presentation compiler.[0m
2026.06.03 20:12:41 INFO  no build target found for /home/santiago/DesarrolloDeSoftwareI/victus-caf/victus-caf-backend/src/main/java/com/victuscaf/modules/client/dto/ApiResponse.java. Using fallback presentation compiler.[0m
2026.06.03 20:12:42 INFO  no build target found for /home/santiago/DesarrolloDeSoftwareI/victus-caf/victus-caf-backend/src/main/java/com/victuscaf/modules/client/dto/ApiResponse.java. Using fallback presentation compiler.[0m
2026.06.03 20:12:42 INFO  no build target found for /home/santiago/DesarrolloDeSoftwareI/victus-caf/victus-caf-backend/src/main/java/com/victuscaf/modules/client/dto/ApiResponse.java. Using fallback presentation compiler.[0m
2026.06.03 20:12:44 INFO  no build target found for /home/santiago/DesarrolloDeSoftwareI/victus-caf/victus-caf-backend/src/main/java/com/victuscaf/modules/client/dto/ApiResponse.java. Using fallback presentation compiler.[0m
2026.06.03 20:12:44 INFO  no build target found for /home/santiago/DesarrolloDeSoftwareI/victus-caf/victus-caf-backend/src/main/java/com/victuscaf/modules/client/dto/ApiResponse.java. Using fallback presentation compiler.[0m
2026.06.03 20:12:46 INFO  no build target found for /home/santiago/DesarrolloDeSoftwareI/victus-caf/victus-caf-backend/src/main/java/com/victuscaf/modules/client/dto/ApiResponse.java. Using fallback presentation compiler.[0m
2026.06.03 20:12:46 INFO  no build target found for /home/santiago/DesarrolloDeSoftwareI/victus-caf/victus-caf-backend/src/main/java/com/victuscaf/modules/client/dto/ApiResponse.java. Using fallback presentation compiler.[0m
2026.06.03 20:12:47 INFO  no build target found for /home/santiago/DesarrolloDeSoftwareI/victus-caf/victus-caf-backend/src/main/java/com/victuscaf/modules/client/dto/ApiResponse.java. Using fallback presentation compiler.[0m
2026.06.03 20:12:47 INFO  no build target found for /home/santiago/DesarrolloDeSoftwareI/victus-caf/victus-caf-backend/src/main/java/com/victuscaf/modules/client/dto/ApiResponse.java. Using fallback presentation compiler.[0m
2026.06.03 20:12:49 INFO  no build target found for /home/santiago/DesarrolloDeSoftwareI/victus-caf/victus-caf-backend/src/main/java/com/victuscaf/modules/client/dto/ApiResponse.java. Using fallback presentation compiler.[0m
2026.06.03 20:12:49 INFO  no build target found for /home/santiago/DesarrolloDeSoftwareI/victus-caf/victus-caf-backend/src/main/java/com/victuscaf/modules/client/dto/ApiResponse.java. Using fallback presentation compiler.[0m
2026.06.03 20:12:50 INFO  no build target found for /home/santiago/DesarrolloDeSoftwareI/victus-caf/victus-caf-backend/src/main/java/com/victuscaf/modules/client/dto/ApiResponse.java. Using fallback presentation compiler.[0m
2026.06.03 20:12:50 INFO  no build target found for /home/santiago/DesarrolloDeSoftwareI/victus-caf/victus-caf-backend/src/main/java/com/victuscaf/modules/client/dto/ApiResponse.java. Using fallback presentation compiler.[0m
2026.06.03 20:12:52 INFO  no build target found for /home/santiago/DesarrolloDeSoftwareI/victus-caf/victus-caf-backend/src/main/java/com/victuscaf/modules/client/dto/ApiResponse.java. Using fallback presentation compiler.[0m
2026.06.03 20:12:52 INFO  no build target found for /home/santiago/DesarrolloDeSoftwareI/victus-caf/victus-caf-backend/src/main/java/com/victuscaf/modules/client/dto/ApiResponse.java. Using fallback presentation compiler.[0m
2026.06.03 20:12:55 INFO  no build target found for /home/santiago/DesarrolloDeSoftwareI/victus-caf/victus-caf-backend/src/main/java/com/victuscaf/modules/client/dto/ApiResponse.java. Using fallback presentation compiler.[0m
2026.06.03 20:12:55 INFO  no build target found for /home/santiago/DesarrolloDeSoftwareI/victus-caf/victus-caf-backend/src/main/java/com/victuscaf/modules/client/dto/ApiResponse.java. Using fallback presentation compiler.[0m
2026.06.03 20:12:56 INFO  no build target found for /home/santiago/DesarrolloDeSoftwareI/victus-caf/victus-caf-backend/src/main/java/com/victuscaf/modules/client/dto/ApiResponse.java. Using fallback presentation compiler.[0m
2026.06.03 20:12:57 INFO  no build target found for /home/santiago/DesarrolloDeSoftwareI/victus-caf/victus-caf-backend/src/main/java/com/victuscaf/modules/client/dto/ApiResponse.java. Using fallback presentation compiler.[0m
2026.06.03 20:12:58 INFO  no build target found for /home/santiago/DesarrolloDeSoftwareI/victus-caf/victus-caf-backend/src/main/java/com/victuscaf/modules/client/dto/ApiResponse.java. Using fallback presentation compiler.[0m
2026.06.03 20:12:59 INFO  no build target found for /home/santiago/DesarrolloDeSoftwareI/victus-caf/victus-caf-backend/src/main/java/com/victuscaf/modules/client/dto/ApiResponse.java. Using fallback presentation compiler.[0m
2026.06.03 20:12:59 INFO  no build target found for /home/santiago/DesarrolloDeSoftwareI/victus-caf/victus-caf-backend/src/main/java/com/victuscaf/modules/client/dto/ApiResponse.java. Using fallback presentation compiler.[0m
2026.06.03 20:13:01 INFO  no build target found for /home/santiago/DesarrolloDeSoftwareI/victus-caf/victus-caf-backend/src/main/java/com/victuscaf/modules/client/dto/ApiResponse.java. Using fallback presentation compiler.[0m
2026.06.03 20:13:01 INFO  no build target found for /home/santiago/DesarrolloDeSoftwareI/victus-caf/victus-caf-backend/src/main/java/com/victuscaf/modules/client/dto/ApiResponse.java. Using fallback presentation compiler.[0m
2026.06.03 20:13:03 INFO  no build target found for /home/santiago/DesarrolloDeSoftwareI/victus-caf/victus-caf-backend/src/main/java/com/victuscaf/modules/client/dto/ApiResponse.java. Using fallback presentation compiler.[0m
2026.06.03 20:13:03 INFO  no build target found for /home/santiago/DesarrolloDeSoftwareI/victus-caf/victus-caf-backend/src/main/java/com/victuscaf/modules/client/dto/ApiResponse.java. Using fallback presentation compiler.[0m
2026.06.03 20:13:05 INFO  no build target found for /home/santiago/DesarrolloDeSoftwareI/victus-caf/victus-caf-backend/src/main/java/com/victuscaf/modules/client/dto/ApiResponse.java. Using fallback presentation compiler.[0m
2026.06.03 20:13:05 INFO  no build target found for /home/santiago/DesarrolloDeSoftwareI/victus-caf/victus-caf-backend/src/main/java/com/victuscaf/modules/client/dto/ApiResponse.java. Using fallback presentation compiler.[0m
2026.06.03 20:13:07 INFO  no build target found for /home/santiago/DesarrolloDeSoftwareI/victus-caf/victus-caf-backend/src/main/java/com/victuscaf/modules/client/dto/ApiResponse.java. Using fallback presentation compiler.[0m
2026.06.03 20:13:08 INFO  no build target found for /home/santiago/DesarrolloDeSoftwareI/victus-caf/victus-caf-backend/src/main/java/com/victuscaf/modules/client/dto/ApiResponse.java. Using fallback presentation compiler.[0m
2026.06.03 20:13:08 INFO  no build target found for /home/santiago/DesarrolloDeSoftwareI/victus-caf/victus-caf-backend/src/main/java/com/victuscaf/modules/client/dto/ApiResponse.java. Using fallback presentation compiler.[0m
2026.06.03 20:13:11 INFO  no build target found for /home/santiago/DesarrolloDeSoftwareI/victus-caf/victus-caf-backend/src/main/java/com/victuscaf/modules/client/dto/ApiResponse.java. Using fallback presentation compiler.[0m
2026.06.03 20:13:11 INFO  no build target found for /home/santiago/DesarrolloDeSoftwareI/victus-caf/victus-caf-backend/src/main/java/com/victuscaf/modules/client/dto/ApiResponse.java. Using fallback presentation compiler.[0m
2026.06.03 20:13:13 INFO  no build target found for /home/santiago/DesarrolloDeSoftwareI/victus-caf/victus-caf-backend/src/main/java/com/victuscaf/modules/client/dto/ApiResponse.java. Using fallback presentation compiler.[0m
2026.06.03 20:13:13 INFO  no build target found for /home/santiago/DesarrolloDeSoftwareI/victus-caf/victus-caf-backend/src/main/java/com/victuscaf/modules/client/dto/ApiResponse.java. Using fallback presentation compiler.[0m
2026.06.03 20:13:15 INFO  no build target found for /home/santiago/DesarrolloDeSoftwareI/victus-caf/victus-caf-backend/src/main/java/com/victuscaf/modules/client/dto/ApiResponse.java. Using fallback presentation compiler.[0m
2026.06.03 20:13:15 INFO  no build target found for /home/santiago/DesarrolloDeSoftwareI/victus-caf/victus-caf-backend/src/main/java/com/victuscaf/modules/client/dto/ApiResponse.java. Using fallback presentation compiler.[0m
2026.06.03 20:13:15 INFO  no build target found for /home/santiago/DesarrolloDeSoftwareI/victus-caf/victus-caf-backend/src/main/java/com/victuscaf/modules/client/dto/ApiResponse.java. Using fallback presentation compiler.[0m
2026.06.03 20:13:19 INFO  no build target found for /home/santiago/DesarrolloDeSoftwareI/victus-caf/victus-caf-backend/src/main/java/com/victuscaf/modules/client/dto/ApiResponse.java. Using fallback presentation compiler.[0m
2026.06.03 20:13:19 INFO  no build target found for /home/santiago/DesarrolloDeSoftwareI/victus-caf/victus-caf-backend/src/main/java/com/victuscaf/modules/client/dto/ApiResponse.java. Using fallback presentation compiler.[0m
2026.06.03 20:13:20 INFO  no build target found for /home/santiago/DesarrolloDeSoftwareI/victus-caf/victus-caf-backend/src/main/java/com/victuscaf/modules/client/dto/ApiResponse.java. Using fallback presentation compiler.[0m
2026.06.03 20:13:20 INFO  no build target found for /home/santiago/DesarrolloDeSoftwareI/victus-caf/victus-caf-backend/src/main/java/com/victuscaf/modules/client/dto/ApiResponse.java. Using fallback presentation compiler.[0m
2026.06.03 20:13:22 INFO  no build target found for /home/santiago/DesarrolloDeSoftwareI/victus-caf/victus-caf-backend/src/main/java/com/victuscaf/modules/client/dto/ApiResponse.java. Using fallback presentation compiler.[0m
2026.06.03 20:13:23 INFO  no build target found for /home/santiago/DesarrolloDeSoftwareI/victus-caf/victus-caf-backend/src/main/java/com/victuscaf/modules/client/dto/ApiResponse.java. Using fallback presentation compiler.[0m
2026.06.03 20:13:23 INFO  no build target found for /home/santiago/DesarrolloDeSoftwareI/victus-caf/victus-caf-backend/src/main/java/com/victuscaf/modules/client/dto/ApiResponse.java. Using fallback presentation compiler.[0m
2026.06.03 20:13:24 INFO  no build target found for /home/santiago/DesarrolloDeSoftwareI/victus-caf/victus-caf-backend/src/main/java/com/victuscaf/modules/client/dto/ApiResponse.java. Using fallback presentation compiler.[0m
2026.06.03 20:13:24 INFO  no build target found for /home/santiago/DesarrolloDeSoftwareI/victus-caf/victus-caf-backend/src/main/java/com/victuscaf/modules/client/dto/ApiResponse.java. Using fallback presentation compiler.[0m
2026.06.03 20:13:26 INFO  no build target found for /home/santiago/DesarrolloDeSoftwareI/victus-caf/victus-caf-backend/src/main/java/com/victuscaf/modules/client/dto/ApiResponse.java. Using fallback presentation compiler.[0m
2026.06.03 20:13:26 INFO  no build target found for /home/santiago/DesarrolloDeSoftwareI/victus-caf/victus-caf-backend/src/main/java/com/victuscaf/modules/client/dto/ApiResponse.java. Using fallback presentation compiler.[0m
2026.06.03 20:13:27 INFO  no build target found for /home/santiago/DesarrolloDeSoftwareI/victus-caf/victus-caf-backend/src/main/java/com/victuscaf/modules/client/dto/ApiResponse.java. Using fallback presentation compiler.[0m
2026.06.03 20:13:27 INFO  no build target found for /home/santiago/DesarrolloDeSoftwareI/victus-caf/victus-caf-backend/src/main/java/com/victuscaf/modules/client/dto/ApiResponse.java. Using fallback presentation compiler.[0m
2026.06.03 20:13:29 INFO  no build target found for /home/santiago/DesarrolloDeSoftwareI/victus-caf/victus-caf-backend/src/main/java/com/victuscaf/modules/client/dto/ApiResponse.java. Using fallback presentation compiler.[0m
2026.06.03 20:13:29 INFO  no build target found for /home/santiago/DesarrolloDeSoftwareI/victus-caf/victus-caf-backend/src/main/java/com/victuscaf/modules/client/dto/ApiResponse.java. Using fallback presentation compiler.[0m
2026.06.03 20:13:31 INFO  no build target found for /home/santiago/DesarrolloDeSoftwareI/victus-caf/victus-caf-backend/src/main/java/com/victuscaf/modules/client/dto/ApiResponse.java. Using fallback presentation compiler.[0m
2026.06.03 20:13:31 INFO  no build target found for /home/santiago/DesarrolloDeSoftwareI/victus-caf/victus-caf-backend/src/main/java/com/victuscaf/modules/client/dto/ApiResponse.java. Using fallback presentation compiler.[0m
2026.06.03 20:13:32 INFO  no build target found for /home/santiago/DesarrolloDeSoftwareI/victus-caf/victus-caf-backend/src/main/java/com/victuscaf/modules/client/dto/ApiResponse.java. Using fallback presentation compiler.[0m
2026.06.03 20:13:32 INFO  no build target found for /home/santiago/DesarrolloDeSoftwareI/victus-caf/victus-caf-backend/src/main/java/com/victuscaf/modules/client/dto/ApiResponse.java. Using fallback presentation compiler.[0m
2026.06.03 20:13:34 INFO  no build target found for /home/santiago/DesarrolloDeSoftwareI/victus-caf/victus-caf-backend/src/main/java/com/victuscaf/modules/client/dto/ApiResponse.java. Using fallback presentation compiler.[0m
2026.06.03 20:13:34 INFO  no build target found for /home/santiago/DesarrolloDeSoftwareI/victus-caf/victus-caf-backend/src/main/java/com/victuscaf/modules/client/dto/ApiResponse.java. Using fallback presentation compiler.[0m
2026.06.03 20:13:36 INFO  no build target found for /home/santiago/DesarrolloDeSoftwareI/victus-caf/victus-caf-backend/src/main/java/com/victuscaf/modules/client/dto/ApiResponse.java. Using fallback presentation compiler.[0m
2026.06.03 20:13:36 INFO  no build target found for /home/santiago/DesarrolloDeSoftwareI/victus-caf/victus-caf-backend/src/main/java/com/victuscaf/modules/client/dto/ApiResponse.java. Using fallback presentation compiler.[0m
2026.06.03 20:13:38 INFO  no build target found for /home/santiago/DesarrolloDeSoftwareI/victus-caf/victus-caf-backend/src/main/java/com/victuscaf/modules/client/dto/ApiResponse.java. Using fallback presentation compiler.[0m
2026.06.03 20:13:38 INFO  no build target found for /home/santiago/DesarrolloDeSoftwareI/victus-caf/victus-caf-backend/src/main/java/com/victuscaf/modules/client/dto/ApiResponse.java. Using fallback presentation compiler.[0m
2026.06.03 20:13:41 INFO  no build target found for /home/santiago/DesarrolloDeSoftwareI/victus-caf/victus-caf-backend/src/main/java/com/victuscaf/modules/client/dto/ApiResponse.java. Using fallback presentation compiler.[0m
2026.06.03 20:13:41 INFO  no build target found for /home/santiago/DesarrolloDeSoftwareI/victus-caf/victus-caf-backend/src/main/java/com/victuscaf/modules/client/dto/ApiResponse.java. Using fallback presentation compiler.[0m
2026.06.03 20:13:43 INFO  no build target found for /home/santiago/DesarrolloDeSoftwareI/victus-caf/victus-caf-backend/src/main/java/com/victuscaf/modules/client/dto/ApiResponse.java. Using fallback presentation compiler.[0m
2026.06.03 20:13:43 INFO  no build target found for /home/santiago/DesarrolloDeSoftwareI/victus-caf/victus-caf-backend/src/main/java/com/victuscaf/modules/client/dto/ApiResponse.java. Using fallback presentation compiler.[0m
2026.06.03 20:13:46 INFO  no build target found for /home/santiago/DesarrolloDeSoftwareI/victus-caf/victus-caf-backend/src/main/java/com/victuscaf/modules/client/dto/ApiResponse.java. Using fallback presentation compiler.[0m
2026.06.03 20:13:46 INFO  no build target found for /home/santiago/DesarrolloDeSoftwareI/victus-caf/victus-caf-backend/src/main/java/com/victuscaf/modules/client/dto/ApiResponse.java. Using fallback presentation compiler.[0m
2026.06.03 20:13:49 INFO  no build target found for /home/santiago/DesarrolloDeSoftwareI/victus-caf/victus-caf-backend/src/main/java/com/victuscaf/modules/client/dto/ApiResponse.java. Using fallback presentation compiler.[0m
2026.06.03 20:13:50 INFO  no build target found for /home/santiago/DesarrolloDeSoftwareI/victus-caf/victus-caf-backend/src/main/java/com/victuscaf/modules/client/dto/ApiResponse.java. Using fallback presentation compiler.[0m
2026.06.03 20:13:51 INFO  no build target found for /home/santiago/DesarrolloDeSoftwareI/victus-caf/victus-caf-backend/src/main/java/com/victuscaf/modules/client/dto/ApiResponse.java. Using fallback presentation compiler.[0m
2026.06.03 20:13:51 INFO  no build target found for /home/santiago/DesarrolloDeSoftwareI/victus-caf/victus-caf-backend/src/main/java/com/victuscaf/modules/client/dto/ApiResponse.java. Using fallback presentation compiler.[0m
2026.06.03 20:13:54 INFO  no build target found for /home/santiago/DesarrolloDeSoftwareI/victus-caf/victus-caf-backend/src/main/java/com/victuscaf/modules/client/dto/ApiResponse.java. Using fallback presentation compiler.[0m
2026.06.03 20:13:55 INFO  no build target found for /home/santiago/DesarrolloDeSoftwareI/victus-caf/victus-caf-backend/src/main/java/com/victuscaf/modules/client/dto/ApiResponse.java. Using fallback presentation compiler.[0m
2026.06.03 20:13:56 INFO  no build target found for /home/santiago/DesarrolloDeSoftwareI/victus-caf/victus-caf-backend/src/main/java/com/victuscaf/modules/client/dto/ApiResponse.java. Using fallback presentation compiler.[0m
2026.06.03 20:13:56 INFO  no build target found for /home/santiago/DesarrolloDeSoftwareI/victus-caf/victus-caf-backend/src/main/java/com/victuscaf/modules/client/dto/ApiResponse.java. Using fallback presentation compiler.[0m
2026.06.03 20:13:59 INFO  no build target found for /home/santiago/DesarrolloDeSoftwareI/victus-caf/victus-caf-backend/src/main/java/com/victuscaf/modules/client/dto/ApiResponse.java. Using fallback presentation compiler.[0m
2026.06.03 20:13:59 INFO  no build target found for /home/santiago/DesarrolloDeSoftwareI/victus-caf/victus-caf-backend/src/main/java/com/victuscaf/modules/client/dto/ApiResponse.java. Using fallback presentation compiler.[0m
2026.06.03 20:14:02 INFO  no build target found for /home/santiago/DesarrolloDeSoftwareI/victus-caf/victus-caf-backend/src/main/java/com/victuscaf/modules/client/dto/ApiResponse.java. Using fallback presentation compiler.[0m
2026.06.03 20:14:02 INFO  no build target found for /home/santiago/DesarrolloDeSoftwareI/victus-caf/victus-caf-backend/src/main/java/com/victuscaf/modules/client/dto/ApiResponse.java. Using fallback presentation compiler.[0m
2026.06.03 20:14:04 INFO  no build target found for /home/santiago/DesarrolloDeSoftwareI/victus-caf/victus-caf-backend/src/main/java/com/victuscaf/modules/client/dto/ApiResponse.java. Using fallback presentation compiler.[0m
2026.06.03 20:14:04 INFO  no build target found for /home/santiago/DesarrolloDeSoftwareI/victus-caf/victus-caf-backend/src/main/java/com/victuscaf/modules/client/dto/ApiResponse.java. Using fallback presentation compiler.[0m
2026.06.03 20:14:07 INFO  no build target found for /home/santiago/DesarrolloDeSoftwareI/victus-caf/victus-caf-backend/src/main/java/com/victuscaf/modules/client/dto/ApiResponse.java. Using fallback presentation compiler.[0m
2026.06.03 20:14:07 INFO  no build target found for /home/santiago/DesarrolloDeSoftwareI/victus-caf/victus-caf-backend/src/main/java/com/victuscaf/modules/client/dto/ApiResponse.java. Using fallback presentation compiler.[0m
2026.06.03 20:14:10 INFO  no build target found for /home/santiago/DesarrolloDeSoftwareI/victus-caf/victus-caf-backend/src/main/java/com/victuscaf/modules/client/dto/ApiResponse.java. Using fallback presentation compiler.[0m
2026.06.03 20:14:10 INFO  no build target found for /home/santiago/DesarrolloDeSoftwareI/victus-caf/victus-caf-backend/src/main/java/com/victuscaf/modules/client/dto/ApiResponse.java. Using fallback presentation compiler.[0m
2026.06.03 20:14:12 INFO  no build target found for /home/santiago/DesarrolloDeSoftwareI/victus-caf/victus-caf-backend/src/main/java/com/victuscaf/modules/client/dto/ApiResponse.java. Using fallback presentation compiler.[0m
2026.06.03 20:14:12 INFO  no build target found for /home/santiago/DesarrolloDeSoftwareI/victus-caf/victus-caf-backend/src/main/java/com/victuscaf/modules/client/dto/ApiResponse.java. Using fallback presentation compiler.[0m
2026.06.03 20:14:15 INFO  no build target found for /home/santiago/DesarrolloDeSoftwareI/victus-caf/victus-caf-backend/src/main/java/com/victuscaf/modules/client/dto/ApiResponse.java. Using fallback presentation compiler.[0m
2026.06.03 20:14:15 INFO  no build target found for /home/santiago/DesarrolloDeSoftwareI/victus-caf/victus-caf-backend/src/main/java/com/victuscaf/modules/client/dto/ApiResponse.java. Using fallback presentation compiler.[0m
2026.06.03 20:14:18 INFO  no build target found for /home/santiago/DesarrolloDeSoftwareI/victus-caf/victus-caf-backend/src/main/java/com/victuscaf/modules/client/dto/ApiResponse.java. Using fallback presentation compiler.[0m
2026.06.03 20:14:18 INFO  no build target found for /home/santiago/DesarrolloDeSoftwareI/victus-caf/victus-caf-backend/src/main/java/com/victuscaf/modules/client/dto/ApiResponse.java. Using fallback presentation compiler.[0m
2026.06.03 20:14:20 INFO  no build target found for /home/santiago/DesarrolloDeSoftwareI/victus-caf/victus-caf-backend/src/main/java/com/victuscaf/modules/client/dto/ApiResponse.java. Using fallback presentation compiler.[0m
2026.06.03 20:14:20 INFO  no build target found for /home/santiago/DesarrolloDeSoftwareI/victus-caf/victus-caf-backend/src/main/java/com/victuscaf/modules/client/dto/ApiResponse.java. Using fallback presentation compiler.[0m
2026.06.03 20:14:23 INFO  no build target found for /home/santiago/DesarrolloDeSoftwareI/victus-caf/victus-caf-backend/src/main/java/com/victuscaf/modules/client/dto/ApiResponse.java. Using fallback presentation compiler.[0m
2026.06.03 20:14:23 INFO  no build target found for /home/santiago/DesarrolloDeSoftwareI/victus-caf/victus-caf-backend/src/main/java/com/victuscaf/modules/client/dto/ApiResponse.java. Using fallback presentation compiler.[0m
2026.06.03 20:14:25 INFO  no build target found for /home/santiago/DesarrolloDeSoftwareI/victus-caf/victus-caf-backend/src/main/java/com/victuscaf/modules/client/dto/ApiResponse.java. Using fallback presentation compiler.[0m
2026.06.03 20:14:25 INFO  no build target found for /home/santiago/DesarrolloDeSoftwareI/victus-caf/victus-caf-backend/src/main/java/com/victuscaf/modules/client/dto/ApiResponse.java. Using fallback presentation compiler.[0m
2026.06.03 20:14:28 INFO  no build target found for /home/santiago/DesarrolloDeSoftwareI/victus-caf/victus-caf-backend/src/main/java/com/victuscaf/modules/client/dto/ApiResponse.java. Using fallback presentation compiler.[0m
2026.06.03 20:14:30 INFO  no build target found for /home/santiago/DesarrolloDeSoftwareI/victus-caf/victus-caf-backend/src/main/java/com/victuscaf/modules/client/dto/ApiResponse.java. Using fallback presentation compiler.[0m
2026.06.03 20:14:31 INFO  no build target found for /home/santiago/DesarrolloDeSoftwareI/victus-caf/victus-caf-backend/src/main/java/com/victuscaf/modules/client/dto/ApiResponse.java. Using fallback presentation compiler.[0m
2026.06.03 20:14:31 INFO  no build target found for /home/santiago/DesarrolloDeSoftwareI/victus-caf/victus-caf-backend/src/main/java/com/victuscaf/modules/client/dto/ApiResponse.java. Using fallback presentation compiler.[0m
2026.06.03 20:14:33 INFO  no build target found for /home/santiago/DesarrolloDeSoftwareI/victus-caf/victus-caf-backend/src/main/java/com/victuscaf/modules/client/dto/ApiResponse.java. Using fallback presentation compiler.[0m
2026.06.03 20:14:33 INFO  no build target found for /home/santiago/DesarrolloDeSoftwareI/victus-caf/victus-caf-backend/src/main/java/com/victuscaf/modules/client/dto/ApiResponse.java. Using fallback presentation compiler.[0m
2026.06.03 20:14:35 INFO  no build target found for /home/santiago/DesarrolloDeSoftwareI/victus-caf/victus-caf-backend/src/main/java/com/victuscaf/modules/client/dto/ApiResponse.java. Using fallback presentation compiler.[0m
2026.06.03 20:14:35 INFO  no build target found for /home/santiago/DesarrolloDeSoftwareI/victus-caf/victus-caf-backend/src/main/java/com/victuscaf/modules/client/dto/ApiResponse.java. Using fallback presentation compiler.[0m
2026.06.03 20:14:36 INFO  no build target found for /home/santiago/DesarrolloDeSoftwareI/victus-caf/victus-caf-backend/src/main/java/com/victuscaf/modules/client/dto/ApiResponse.java. Using fallback presentation compiler.[0m
jun 03, 2026 8:14:36 P. M. org.eclipse.lsp4j.jsonrpc.RemoteEndpoint handleCancellation
ADVERTENCIA: Unmatched cancel notification for request id 357
2026.06.03 20:14:36 INFO  no build target found for /home/santiago/DesarrolloDeSoftwareI/victus-caf/victus-caf-backend/src/main/java/com/victuscaf/modules/client/dto/ApiResponse.java. Using fallback presentation compiler.[0m
2026.06.03 20:15:27 INFO  Shutting down server[0m
2026.06.03 20:15:27 INFO  Memory monitor stopped[0m
2026.06.03 20:15:27 INFO  shutting down Metals[0m
2026.06.03 20:15:27 INFO  Exiting server[0m
2026.06.03 20:17:20 INFO  Started: Metals version 1.6.7 in folders '/home/santiago/DesarrolloDeSoftwareI/victus-caf' for client Code - OSS 1.121.0.[0m
2026.06.03 20:17:20 INFO  Memory monitor started[0m
2026.06.03 20:17:25 WARN  Using H2 2.4.240 which is newer than the version Flyway has been verified with. The latest verified version of H2 is 2.3.232.[0m
2026.06.03 20:17:30 INFO  skipping build import with status 'Started'[0m
2026.06.03 20:17:30 WARN  no build target for: /home/santiago/DesarrolloDeSoftwareI/victus-caf/victus-caf-backend/src/main/java/com/victuscaf/modules/client/models/TipoAccion.java[0m
2026.06.03 20:17:30 WARN  no build target for: /home/santiago/DesarrolloDeSoftwareI/victus-caf/victus-caf-backend/src/main/java/com/victuscaf/modules/client/models/EstadoRemision.java[0m
2026.06.03 20:17:30 WARN  no build target for: /home/santiago/DesarrolloDeSoftwareI/victus-caf/victus-caf-backend/src/main/java/com/victuscaf/modules/client/models/EstadoPago.java[0m
2026.06.03 20:17:30 WARN  no build target for: /home/santiago/DesarrolloDeSoftwareI/victus-caf/victus-caf-backend/src/main/java/com/victuscaf/modules/client/models/MetaFisica.java[0m
2026.06.03 20:17:30 WARN  no build target for: /home/santiago/DesarrolloDeSoftwareI/victus-caf/victus-caf-backend/src/main/java/com/victuscaf/modules/client/models/FlujoDeCaja.java[0m
2026.06.03 20:17:30 WARN  no build target for: /home/santiago/DesarrolloDeSoftwareI/victus-caf/victus-caf-backend/src/main/java/com/victuscaf/modules/client/models/EstadoContratoParticular.java[0m
2026.06.03 20:17:30 WARN  no build target for: /home/santiago/DesarrolloDeSoftwareI/victus-caf/victus-caf-backend/src/main/java/com/victuscaf/modules/client/models/HorarioEntrenador.java[0m
2026.06.03 20:17:30 WARN  no build target for: /home/santiago/DesarrolloDeSoftwareI/victus-caf/victus-caf-backend/src/main/java/com/victuscaf/modules/client/models/TipoDeMembresia.java[0m
2026.06.03 20:17:30 WARN  no build target for: /home/santiago/DesarrolloDeSoftwareI/victus-caf/victus-caf-backend/src/main/java/com/victuscaf/modules/client/models/Entrenador.java[0m
2026.06.03 20:17:30 WARN  no build target for: /home/santiago/DesarrolloDeSoftwareI/victus-caf/victus-caf-backend/src/main/java/com/victuscaf/modules/client/models/Secretaria.java[0m
2026.06.03 20:17:30 WARN  no build target for: /home/santiago/DesarrolloDeSoftwareI/victus-caf/victus-caf-backend/src/test/java/com/victuscaf/VictusCafApplicationTests.java[0m
2026.06.03 20:17:30 WARN  no build target for: /home/santiago/DesarrolloDeSoftwareI/victus-caf/victus-caf-backend/src/main/java/com/victuscaf/modules/client/models/EstadoContratoEps.java[0m
2026.06.03 20:17:30 WARN  no build target for: /home/santiago/DesarrolloDeSoftwareI/victus-caf/victus-caf-backend/src/main/java/com/victuscaf/modules/client/models/Mensaje.java[0m
2026.06.03 20:17:30 WARN  no build target for: /home/santiago/DesarrolloDeSoftwareI/victus-caf/victus-caf-backend/src/main/java/com/victuscaf/modules/client/models/ParticularDiario.java[0m
2026.06.03 20:17:30 WARN  no build target for: /home/santiago/DesarrolloDeSoftwareI/victus-caf/victus-caf-backend/src/main/java/com/victuscaf/modules/client/models/Usuario.java[0m
2026.06.03 20:17:30 WARN  no build target for: /home/santiago/DesarrolloDeSoftwareI/victus-caf/victus-caf-backend/src/main/java/com/victuscaf/modules/client/models/Rol.java[0m
2026.06.03 20:17:30 WARN  no build target for: /home/santiago/DesarrolloDeSoftwareI/victus-caf/BcryptGen.java[0m
2026.06.03 20:17:30 WARN  no build target for: /home/santiago/DesarrolloDeSoftwareI/victus-caf/victus-caf-backend/src/main/java/com/victuscaf/modules/client/models/RegistroMantenimiento.java[0m
2026.06.03 20:17:30 WARN  no build target for: /home/santiago/DesarrolloDeSoftwareI/victus-caf/victus-caf-backend/src/main/java/com/victuscaf/modules/client/models/Notificacion.java[0m
2026.06.03 20:17:30 WARN  no build target for: /home/santiago/DesarrolloDeSoftwareI/victus-caf/victus-caf-backend/src/main/java/com/victuscaf/modules/client/models/EvaluacionFisica.java[0m
2026.06.03 20:17:30 WARN  no build target for: /home/santiago/DesarrolloDeSoftwareI/victus-caf/victus-caf-backend/src/main/java/com/victuscaf/modules/client/models/EstadoFacturaEps.java[0m
2026.06.03 20:17:30 WARN  no build target for: /home/santiago/DesarrolloDeSoftwareI/victus-caf/victus-caf-backend/src/main/java/com/victuscaf/modules/client/models/Rutina.java[0m
2026.06.03 20:17:30 WARN  no build target for: /home/santiago/DesarrolloDeSoftwareI/victus-caf/victus-caf-backend/src/main/java/com/victuscaf/modules/client/models/FacturaEps.java[0m
2026.06.03 20:17:30 WARN  no build target for: /home/santiago/DesarrolloDeSoftwareI/victus-caf/victus-caf-backend/src/main/java/com/victuscaf/modules/client/repository/EvaluacionFisicaRepository.java[0m
2026.06.03 20:17:30 WARN  no build target for: /home/santiago/DesarrolloDeSoftwareI/victus-caf/victus-caf-backend/src/main/java/com/victuscaf/modules/client/repository/RegistroMantenimientoRepository.java[0m
2026.06.03 20:17:30 WARN  no build target for: /home/santiago/DesarrolloDeSoftwareI/victus-caf/victus-caf-backend/src/main/java/com/victuscaf/modules/client/repository/UsuarioRepository.java[0m
2026.06.03 20:17:30 WARN  no build target for: /home/santiago/DesarrolloDeSoftwareI/victus-caf/victus-caf-backend/src/main/java/com/victuscaf/modules/client/models/UsuarioSistema.java[0m
2026.06.03 20:17:30 WARN  no build target for: /home/santiago/DesarrolloDeSoftwareI/victus-caf/victus-caf-backend/src/main/java/com/victuscaf/modules/client/repository/HorarioEntrenadorRepository.java[0m
2026.06.03 20:17:30 WARN  no build target for: /home/santiago/DesarrolloDeSoftwareI/victus-caf/victus-caf-backend/src/main/java/com/victuscaf/modules/client/models/TipoDePago.java[0m
2026.06.03 20:17:30 WARN  no build target for: /home/santiago/DesarrolloDeSoftwareI/victus-caf/victus-caf-backend/src/main/java/com/victuscaf/modules/client/models/Pago.java[0m
2026.06.03 20:17:30 WARN  no build target for: /home/santiago/DesarrolloDeSoftwareI/victus-caf/victus-caf-backend/src/main/java/com/victuscaf/modules/client/repository/BeneficiarioEpsRepository.java[0m
2026.06.03 20:17:30 WARN  no build target for: /home/santiago/DesarrolloDeSoftwareI/victus-caf/victus-caf-backend/src/main/java/com/victuscaf/modules/client/repository/MensajeRepository.java[0m
2026.06.03 20:17:30 WARN  no build target for: /home/santiago/DesarrolloDeSoftwareI/victus-caf/victus-caf-backend/src/main/java/com/victuscaf/modules/client/models/BitacoraAccion.java[0m
2026.06.03 20:17:30 WARN  no build target for: /home/santiago/DesarrolloDeSoftwareI/victus-caf/victus-caf-backend/src/main/java/com/victuscaf/modules/client/repository/ParticularDiarioRepository.java[0m
2026.06.03 20:17:30 WARN  no build target for: /home/santiago/DesarrolloDeSoftwareI/victus-caf/victus-caf-backend/src/main/java/com/victuscaf/modules/client/models/Turno.java[0m
2026.06.03 20:17:30 WARN  no build target for: /home/santiago/DesarrolloDeSoftwareI/victus-caf/victus-caf-backend/src/main/java/com/victuscaf/modules/client/repository/RemisionRepository.java[0m
2026.06.03 20:17:30 WARN  no build target for: /home/santiago/DesarrolloDeSoftwareI/victus-caf/victus-caf-backend/src/main/java/com/victuscaf/modules/client/models/MetodoDePago.java[0m
2026.06.03 20:17:30 WARN  no build target for: /home/santiago/DesarrolloDeSoftwareI/victus-caf/victus-caf-backend/src/main/java/com/victuscaf/modules/client/models/Tarifa.java[0m
2026.06.03 20:17:30 WARN  no build target for: /home/santiago/DesarrolloDeSoftwareI/victus-caf/victus-caf-backend/src/main/java/com/victuscaf/modules/client/models/Equipo.java[0m
2026.06.03 20:17:30 WARN  no build target for: /home/santiago/DesarrolloDeSoftwareI/victus-caf/victus-caf-backend/src/main/java/com/victuscaf/modules/client/repository/PagoRepository.java[0m
2026.06.03 20:17:30 WARN  no build target for: /home/santiago/DesarrolloDeSoftwareI/victus-caf/victus-caf-backend/src/main/java/com/victuscaf/modules/client/models/EstadoMembresia.java[0m
2026.06.03 20:17:30 WARN  no build target for: /home/santiago/DesarrolloDeSoftwareI/victus-caf/victus-caf-backend/src/main/java/com/victuscaf/modules/client/repository/ParticularMensualRepository.java[0m
2026.06.03 20:17:30 WARN  no build target for: /home/santiago/DesarrolloDeSoftwareI/victus-caf/victus-caf-backend/src/main/java/com/victuscaf/modules/client/models/Asistencia.java[0m
2026.06.03 20:17:30 WARN  no build target for: /home/santiago/DesarrolloDeSoftwareI/victus-caf/victus-caf-backend/src/main/java/com/victuscaf/modules/client/repository/FacturaEpsRepository.java[0m
2026.06.03 20:17:30 WARN  no build target for: /home/santiago/DesarrolloDeSoftwareI/victus-caf/victus-caf-backend/src/main/java/com/victuscaf/modules/client/repository/RutinaRepository.java[0m
2026.06.03 20:17:30 WARN  no build target for: /home/santiago/DesarrolloDeSoftwareI/victus-caf/victus-caf-backend/src/main/java/com/victuscaf/modules/client/repository/EquipoRepository.java[0m
2026.06.03 20:17:31 WARN  no build target for: /home/santiago/DesarrolloDeSoftwareI/victus-caf/victus-caf-backend/src/main/java/com/victuscaf/modules/client/models/TipoGasto.java[0m
2026.06.03 20:17:31 WARN  no build target for: /home/santiago/DesarrolloDeSoftwareI/victus-caf/victus-caf-backend/src/main/java/com/victuscaf/modules/client/service/ClienteService.java[0m
2026.06.03 20:17:31 WARN  no build target for: /home/santiago/DesarrolloDeSoftwareI/victus-caf/victus-caf-backend/src/main/java/com/victuscaf/modules/client/models/GastoOperativo.java[0m
2026.06.03 20:17:31 WARN  no build target for: /home/santiago/DesarrolloDeSoftwareI/victus-caf/victus-caf-backend/src/main/java/com/victuscaf/modules/client/models/Contrato.java[0m
2026.06.03 20:17:31 WARN  no build target for: /home/santiago/DesarrolloDeSoftwareI/victus-caf/victus-caf-backend/src/main/java/com/victuscaf/modules/client/models/ParticularMensual.java[0m
2026.06.03 20:17:31 WARN  no build target for: /home/santiago/DesarrolloDeSoftwareI/victus-caf/victus-caf-backend/src/main/java/com/victuscaf/modules/client/models/BeneficiarioEps.java[0m
2026.06.03 20:17:31 WARN  no build target for: /home/santiago/DesarrolloDeSoftwareI/victus-caf/victus-caf-backend/src/main/java/com/victuscaf/modules/client/models/Remision.java[0m
2026.06.03 20:17:31 WARN  no build target for: /home/santiago/DesarrolloDeSoftwareI/victus-caf/victus-caf-backend/src/main/java/com/victuscaf/modules/client/repository/MetaFisicaRepository.java[0m
2026.06.03 20:17:30 WARN  no build target for: /home/santiago/DesarrolloDeSoftwareI/victus-caf/victus-caf-backend/src/main/java/com/victuscaf/modules/client/controller/ClienteController.java[0m
2026.06.03 20:17:31 WARN  no build target for: /home/santiago/DesarrolloDeSoftwareI/victus-caf/victus-caf-backend/src/main/java/com/victuscaf/modules/client/models/EstadoEquipo.java[0m
2026.06.03 20:17:31 WARN  no build target for: /home/santiago/DesarrolloDeSoftwareI/victus-caf/victus-caf-backend/src/main/java/com/victuscaf/modules/client/repository/BitacoraAccionRepository.java[0m
2026.06.03 20:17:31 WARN  no build target for: /home/santiago/DesarrolloDeSoftwareI/victus-caf/victus-caf-backend/src/main/java/com/victuscaf/modules/client/models/Administrador.java[0m
2026.06.03 20:17:31 WARN  no build target for: /home/santiago/DesarrolloDeSoftwareI/victus-caf/victus-caf-backend/src/main/java/com/victuscaf/modules/client/repository/EntrenadorRepository.java[0m
2026.06.03 20:17:31 WARN  no build target for: /home/santiago/DesarrolloDeSoftwareI/victus-caf/victus-caf-backend/src/main/java/com/victuscaf/modules/client/models/TipoDeCliente.java[0m
2026.06.03 20:17:40 INFO  restarted 0 presentation compilers[0m
2026.06.03 20:19:41 INFO  no build target found for /home/santiago/DesarrolloDeSoftwareI/victus-caf/victus-caf-backend/src/main/java/com/victuscaf/modules/client/controller/ClienteController.java. Using fallback presentation compiler.[0m
2026.06.03 20:19:42 INFO  no build target found for /home/santiago/DesarrolloDeSoftwareI/victus-caf/victus-caf-backend/src/main/java/com/victuscaf/modules/client/models/Contrato.java. Using fallback presentation compiler.[0m
2026.06.03 20:19:42 INFO  no build target found for /home/santiago/DesarrolloDeSoftwareI/victus-caf/victus-caf-backend/src/main/java/com/victuscaf/modules/client/models/Remision.java. Using fallback presentation compiler.[0m
2026.06.03 20:19:43 WARN  no build target for: /home/santiago/DesarrolloDeSoftwareI/victus-caf/victus-caf-backend/src/main/java/com/victuscaf/modules/client/repository/ContratoRepository.java[0m
2026.06.03 20:19:44 INFO  no build target found for /home/santiago/DesarrolloDeSoftwareI/victus-caf/victus-caf-backend/src/main/java/com/victuscaf/modules/client/repository/ContratoRepository.java. Using fallback presentation compiler.[0m
2026.06.03 20:19:44 INFO  no build target found for /home/santiago/DesarrolloDeSoftwareI/victus-caf/victus-caf-backend/src/main/java/com/victuscaf/modules/client/repository/ContratoRepository.java. Using fallback presentation compiler.[0m
2026.06.03 20:19:44 INFO  no build target found for /home/santiago/DesarrolloDeSoftwareI/victus-caf/victus-caf-backend/src/main/java/com/victuscaf/modules/client/repository/ParticularMensualRepository.java. Using fallback presentation compiler.[0m
2026.06.03 20:19:45 INFO  no build target found for /home/santiago/DesarrolloDeSoftwareI/victus-caf/victus-caf-backend/src/main/java/com/victuscaf/modules/client/repository/UsuarioRepository.java. Using fallback presentation compiler.[0m
2026.06.03 20:19:46 INFO  no build target found for /home/santiago/DesarrolloDeSoftwareI/victus-caf/victus-caf-backend/src/main/java/com/victuscaf/modules/client/service/ClienteService.java. Using fallback presentation compiler.[0m
2026.06.03 20:19:47 WARN  no build target for: /home/santiago/DesarrolloDeSoftwareI/victus-caf/victus-caf-backend/src/main/java/com/victuscaf/security/JwtAuthTokenFilter.java[0m
2026.06.03 20:19:47 INFO  no build target found for /home/santiago/DesarrolloDeSoftwareI/victus-caf/victus-caf-backend/src/main/java/com/victuscaf/security/JwtAuthTokenFilter.java. Using fallback presentation compiler.[0m
2026.06.03 20:19:48 INFO  no build target found for /home/santiago/DesarrolloDeSoftwareI/victus-caf/victus-caf-backend/src/main/java/com/victuscaf/security/JwtAuthTokenFilter.java. Using fallback presentation compiler.[0m
2026.06.03 20:19:49 INFO  no build target found for /home/santiago/DesarrolloDeSoftwareI/victus-caf/victus-caf-backend/src/main/java/com/victuscaf/modules/client/repository/MetaFisicaRepository.java. Using fallback presentation compiler.[0m
2026.06.03 20:19:49 INFO  no build target found for /home/santiago/DesarrolloDeSoftwareI/victus-caf/victus-caf-backend/src/main/java/com/victuscaf/modules/client/repository/UsuarioRepository.java. Using fallback presentation compiler.[0m
2026.06.03 20:19:49 INFO  no build target found for /home/santiago/DesarrolloDeSoftwareI/victus-caf/victus-caf-backend/src/main/java/com/victuscaf/modules/client/repository/ParticularDiarioRepository.java. Using fallback presentation compiler.[0m
2026.06.03 20:19:49 INFO  no build target found for /home/santiago/DesarrolloDeSoftwareI/victus-caf/victus-caf-backend/src/main/java/com/victuscaf/modules/client/repository/MensajeRepository.java. Using fallback presentation compiler.[0m
2026.06.03 20:19:49 INFO  no build target found for /home/santiago/DesarrolloDeSoftwareI/victus-caf/victus-caf-backend/src/main/java/com/victuscaf/modules/client/repository/PagoRepository.java. Using fallback presentation compiler.[0m
2026.06.03 20:19:49 INFO  no build target found for /home/santiago/DesarrolloDeSoftwareI/victus-caf/victus-caf-backend/src/main/java/com/victuscaf/modules/client/repository/BeneficiarioEpsRepository.java. Using fallback presentation compiler.[0m
2026.06.03 20:19:49 INFO  no build target found for /home/santiago/DesarrolloDeSoftwareI/victus-caf/victus-caf-backend/src/main/java/com/victuscaf/modules/client/repository/FacturaEpsRepository.java. Using fallback presentation compiler.[0m
2026.06.03 20:19:49 INFO  no build target found for /home/santiago/DesarrolloDeSoftwareI/victus-caf/victus-caf-backend/src/main/java/com/victuscaf/modules/client/repository/ParticularMensualRepository.java. Using fallback presentation compiler.[0m
2026.06.03 20:19:50 INFO  no build target found for /home/santiago/DesarrolloDeSoftwareI/victus-caf/victus-caf-backend/src/main/java/com/victuscaf/modules/client/repository/RemisionRepository.java. Using fallback presentation compiler.[0m
2026.06.03 20:19:50 INFO  no build target found for /home/santiago/DesarrolloDeSoftwareI/victus-caf/victus-caf-backend/src/main/java/com/victuscaf/modules/client/repository/EvaluacionFisicaRepository.java. Using fallback presentation compiler.[0m
2026.06.03 20:19:50 INFO  no build target found for /home/santiago/DesarrolloDeSoftwareI/victus-caf/victus-caf-backend/src/main/java/com/victuscaf/modules/client/repository/EntrenadorRepository.java. Using fallback presentation compiler.[0m
2026.06.03 20:19:50 INFO  no build target found for /home/santiago/DesarrolloDeSoftwareI/victus-caf/victus-caf-backend/src/main/java/com/victuscaf/modules/client/repository/RegistroMantenimientoRepository.java. Using fallback presentation compiler.[0m
2026.06.03 20:19:50 INFO  no build target found for /home/santiago/DesarrolloDeSoftwareI/victus-caf/victus-caf-backend/src/main/java/com/victuscaf/modules/client/repository/BitacoraAccionRepository.java. Using fallback presentation compiler.[0m
2026.06.03 20:19:50 INFO  no build target found for /home/santiago/DesarrolloDeSoftwareI/victus-caf/victus-caf-backend/src/main/java/com/victuscaf/modules/client/repository/HorarioEntrenadorRepository.java. Using fallback presentation compiler.[0m
2026.06.03 20:19:50 INFO  no build target found for /home/santiago/DesarrolloDeSoftwareI/victus-caf/victus-caf-backend/src/main/java/com/victuscaf/modules/client/repository/EquipoRepository.java. Using fallback presentation compiler.[0m
2026.06.03 20:19:50 INFO  no build target found for /home/santiago/DesarrolloDeSoftwareI/victus-caf/victus-caf-backend/src/main/java/com/victuscaf/modules/client/repository/RutinaRepository.java. Using fallback presentation compiler.[0m
2026.06.03 20:19:50 INFO  no build target found for /home/santiago/DesarrolloDeSoftwareI/victus-caf/victus-caf-backend/src/main/java/com/victuscaf/modules/client/models/EstadoEquipo.java. Using fallback presentation compiler.[0m
2026.06.03 20:19:52 INFO  no build target found for /home/santiago/DesarrolloDeSoftwareI/victus-caf/victus-caf-backend/src/main/java/com/victuscaf/modules/client/models/TipoDeCliente.java. Using fallback presentation compiler.[0m
2026.06.03 20:19:52 INFO  no build target found for /home/santiago/DesarrolloDeSoftwareI/victus-caf/victus-caf-backend/src/main/java/com/victuscaf/modules/client/models/UsuarioSistema.java. Using fallback presentation compiler.[0m
2026.06.03 20:19:52 INFO  no build target found for /home/santiago/DesarrolloDeSoftwareI/victus-caf/victus-caf-backend/src/main/java/com/victuscaf/modules/client/models/Tarifa.java. Using fallback presentation compiler.[0m
2026.06.03 20:19:52 INFO  no build target found for /home/santiago/DesarrolloDeSoftwareI/victus-caf/victus-caf-backend/src/main/java/com/victuscaf/modules/client/models/Asistencia.java. Using fallback presentation compiler.[0m
2026.06.03 20:19:52 INFO  no build target found for /home/santiago/DesarrolloDeSoftwareI/victus-caf/victus-caf-backend/src/main/java/com/victuscaf/modules/client/models/Equipo.java. Using fallback presentation compiler.[0m
2026.06.03 20:19:52 INFO  no build target found for /home/santiago/DesarrolloDeSoftwareI/victus-caf/victus-caf-backend/src/main/java/com/victuscaf/modules/client/models/Administrador.java. Using fallback presentation compiler.[0m
2026.06.03 20:19:53 INFO  no build target found for /home/santiago/DesarrolloDeSoftwareI/victus-caf/victus-caf-backend/src/main/java/com/victuscaf/modules/client/models/EstadoMembresia.java. Using fallback presentation compiler.[0m
2026.06.03 20:19:53 INFO  no build target found for /home/santiago/DesarrolloDeSoftwareI/victus-caf/victus-caf-backend/src/main/java/com/victuscaf/modules/client/models/GastoOperativo.java. Using fallback presentation compiler.[0m
2026.06.03 20:19:53 INFO  no build target found for /home/santiago/DesarrolloDeSoftwareI/victus-caf/victus-caf-backend/src/main/java/com/victuscaf/modules/client/models/EstadoFacturaEps.java. Using fallback presentation compiler.[0m
2026.06.03 20:19:53 INFO  no build target found for /home/santiago/DesarrolloDeSoftwareI/victus-caf/victus-caf-backend/src/main/java/com/victuscaf/modules/client/models/Turno.java. Using fallback presentation compiler.[0m
2026.06.03 20:19:53 INFO  no build target found for /home/santiago/DesarrolloDeSoftwareI/victus-caf/victus-caf-backend/src/main/java/com/victuscaf/modules/client/models/TipoGasto.java. Using fallback presentation compiler.[0m
2026.06.03 20:19:53 INFO  no build target found for /home/santiago/DesarrolloDeSoftwareI/victus-caf/victus-caf-backend/src/main/java/com/victuscaf/modules/client/models/TipoDePago.java. Using fallback presentation compiler.[0m
2026.06.03 20:19:53 INFO  no build target found for /home/santiago/DesarrolloDeSoftwareI/victus-caf/victus-caf-backend/src/main/java/com/victuscaf/modules/client/models/Pago.java. Using fallback presentation compiler.[0m
2026.06.03 20:19:53 INFO  no build target found for /home/santiago/DesarrolloDeSoftwareI/victus-caf/victus-caf-backend/src/main/java/com/victuscaf/modules/client/models/MetodoDePago.java. Using fallback presentation compiler.[0m
2026.06.03 20:19:53 INFO  no build target found for /home/santiago/DesarrolloDeSoftwareI/victus-caf/victus-caf-backend/src/main/java/com/victuscaf/modules/client/models/Rol.java. Using fallback presentation compiler.[0m
2026.06.03 20:19:54 INFO  no build target found for /home/santiago/DesarrolloDeSoftwareI/victus-caf/victus-caf-backend/src/main/java/com/victuscaf/modules/client/models/EvaluacionFisica.java. Using fallback presentation compiler.[0m
2026.06.03 20:19:54 INFO  no build target found for /home/santiago/DesarrolloDeSoftwareI/victus-caf/victus-caf-backend/src/main/java/com/victuscaf/modules/client/models/ParticularDiario.java. Using fallback presentation compiler.[0m
2026.06.03 20:19:54 INFO  no build target found for /home/santiago/DesarrolloDeSoftwareI/victus-caf/victus-caf-backend/src/main/java/com/victuscaf/modules/client/models/Mensaje.java. Using fallback presentation compiler.[0m
2026.06.03 20:19:54 INFO  no build target found for /home/santiago/DesarrolloDeSoftwareI/victus-caf/victus-caf-backend/src/main/java/com/victuscaf/modules/client/models/Notificacion.java. Using fallback presentation compiler.[0m
2026.06.03 20:19:54 INFO  no build target found for /home/santiago/DesarrolloDeSoftwareI/victus-caf/victus-caf-backend/src/main/java/com/victuscaf/modules/client/models/BitacoraAccion.java. Using fallback presentation compiler.[0m
2026.06.03 20:19:54 INFO  no build target found for /home/santiago/DesarrolloDeSoftwareI/victus-caf/victus-caf-backend/src/main/java/com/victuscaf/modules/client/models/MetaFisica.java. Using fallback presentation compiler.[0m
2026.06.03 20:19:54 INFO  no build target found for /home/santiago/DesarrolloDeSoftwareI/victus-caf/victus-caf-backend/src/main/java/com/victuscaf/modules/client/models/Rutina.java. Using fallback presentation compiler.[0m
2026.06.03 20:19:54 INFO  no build target found for /home/santiago/DesarrolloDeSoftwareI/victus-caf/victus-caf-backend/src/main/java/com/victuscaf/modules/client/models/Usuario.java. Using fallback presentation compiler.[0m
2026.06.03 20:19:54 INFO  no build target found for /home/santiago/DesarrolloDeSoftwareI/victus-caf/victus-caf-backend/src/main/java/com/victuscaf/modules/client/models/RegistroMantenimiento.java. Using fallback presentation compiler.[0m
2026.06.03 20:19:54 INFO  no build target found for /home/santiago/DesarrolloDeSoftwareI/victus-caf/victus-caf-backend/src/main/java/com/victuscaf/modules/client/models/EstadoPago.java. Using fallback presentation compiler.[0m
2026.06.03 20:19:55 INFO  no build target found for /home/santiago/DesarrolloDeSoftwareI/victus-caf/victus-caf-backend/src/main/java/com/victuscaf/modules/client/models/TipoAccion.java. Using fallback presentation compiler.[0m
2026.06.03 20:19:55 INFO  no build target found for /home/santiago/DesarrolloDeSoftwareI/victus-caf/victus-caf-backend/src/main/java/com/victuscaf/modules/client/models/Entrenador.java. Using fallback presentation compiler.[0m
2026.06.03 20:19:55 INFO  no build target found for /home/santiago/DesarrolloDeSoftwareI/victus-caf/victus-caf-backend/src/main/java/com/victuscaf/modules/client/models/EstadoContratoEps.java. Using fallback presentation compiler.[0m
2026.06.03 20:19:55 INFO  no build target found for /home/santiago/DesarrolloDeSoftwareI/victus-caf/victus-caf-backend/src/main/java/com/victuscaf/modules/client/models/HorarioEntrenador.java. Using fallback presentation compiler.[0m
2026.06.03 20:19:55 INFO  no build target found for /home/santiago/DesarrolloDeSoftwareI/victus-caf/victus-caf-backend/src/main/java/com/victuscaf/modules/client/models/FacturaEps.java. Using fallback presentation compiler.[0m
2026.06.03 20:19:55 INFO  no build target found for /home/santiago/DesarrolloDeSoftwareI/victus-caf/victus-caf-backend/src/main/java/com/victuscaf/modules/client/models/EstadoContratoParticular.java. Using fallback presentation compiler.[0m
2026.06.03 20:19:55 INFO  no build target found for /home/santiago/DesarrolloDeSoftwareI/victus-caf/victus-caf-backend/src/main/java/com/victuscaf/modules/client/models/FlujoDeCaja.java. Using fallback presentation compiler.[0m
2026.06.03 20:19:55 INFO  no build target found for /home/santiago/DesarrolloDeSoftwareI/victus-caf/victus-caf-backend/src/main/java/com/victuscaf/modules/client/models/EstadoRemision.java. Using fallback presentation compiler.[0m
2026.06.03 20:19:55 INFO  no build target found for /home/santiago/DesarrolloDeSoftwareI/victus-caf/victus-caf-backend/src/main/java/com/victuscaf/modules/client/models/TipoDeMembresia.java. Using fallback presentation compiler.[0m
2026.06.03 20:19:55 INFO  no build target found for /home/santiago/DesarrolloDeSoftwareI/victus-caf/victus-caf-backend/src/main/java/com/victuscaf/modules/client/models/Secretaria.java. Using fallback presentation compiler.[0m
2026.06.03 20:19:55 INFO  no build target found for /home/santiago/DesarrolloDeSoftwareI/victus-caf/BcryptGen.java. Using fallback presentation compiler.[0m
2026.06.03 20:19:55 INFO  no build target found for /home/santiago/DesarrolloDeSoftwareI/victus-caf/victus-caf-backend/src/test/java/com/victuscaf/VictusCafApplicationTests.java. Using fallback presentation compiler.[0m
2026.06.03 20:22:00 INFO  no build target found for /home/santiago/DesarrolloDeSoftwareI/victus-caf/victus-caf-backend/src/main/java/com/victuscaf/modules/client/controller/ClienteController.java. Using fallback presentation compiler.[0m
2026.06.03 20:22:01 WARN  Using H2 2.4.240 which is newer than the version Flyway has been verified with. The latest verified version of H2 is 2.3.232.[0m
2026.06.03 20:22:03 INFO  no build target found for /lombok/package-info.java. Using fallback presentation compiler.[0m
2026.06.03 20:23:04 INFO  Shutting down server[0m
2026.06.03 20:23:04 INFO  Memory monitor stopped[0m
2026.06.03 20:23:04 INFO  shutting down Metals[0m
2026.06.03 20:23:05 INFO  Exiting server[0m
2026.06.03 20:26:22 INFO  Started: Metals version 1.6.7 in folders '/home/santiago/DesarrolloDeSoftwareI/victus-caf' for client Code - OSS 1.121.0.[0m
2026.06.03 20:26:22 INFO  Memory monitor started[0m
2026.06.03 20:26:27 WARN  Using H2 2.4.240 which is newer than the version Flyway has been verified with. The latest verified version of H2 is 2.3.232.[0m
2026.06.03 20:26:32 WARN  no build target for: /home/santiago/DesarrolloDeSoftwareI/victus-caf/victus-caf-backend/src/main/java/com/victuscaf/modules/client/models/Entrenador.java[0m
2026.06.03 20:26:32 WARN  no build target for: /home/santiago/DesarrolloDeSoftwareI/victus-caf/victus-caf-backend/src/main/java/com/victuscaf/modules/client/models/EstadoContratoParticular.java[0m
2026.06.03 20:26:32 WARN  no build target for: /home/santiago/DesarrolloDeSoftwareI/victus-caf/victus-caf-backend/src/main/java/com/victuscaf/modules/client/models/TipoAccion.java[0m
2026.06.03 20:26:32 WARN  no build target for: /home/santiago/DesarrolloDeSoftwareI/victus-caf/victus-caf-backend/src/main/java/com/victuscaf/modules/client/models/Usuario.java[0m
2026.06.03 20:26:32 WARN  no build target for: /home/santiago/DesarrolloDeSoftwareI/victus-caf/victus-caf-backend/src/main/java/com/victuscaf/modules/client/models/ParticularMensual.java[0m
2026.06.03 20:26:32 WARN  no build target for: /home/santiago/DesarrolloDeSoftwareI/victus-caf/victus-caf-backend/src/main/java/com/victuscaf/modules/client/models/Mensaje.java[0m
2026.06.03 20:26:32 WARN  no build target for: /home/santiago/DesarrolloDeSoftwareI/victus-caf/victus-caf-backend/src/test/java/com/victuscaf/VictusCafApplicationTests.java[0m
2026.06.03 20:26:32 WARN  no build target for: /home/santiago/DesarrolloDeSoftwareI/victus-caf/victus-caf-backend/src/main/java/com/victuscaf/modules/client/models/TipoDeMembresia.java[0m
2026.06.03 20:26:32 WARN  no build target for: /home/santiago/DesarrolloDeSoftwareI/victus-caf/victus-caf-backend/src/main/java/com/victuscaf/modules/client/models/Notificacion.java[0m
2026.06.03 20:26:32 WARN  no build target for: /home/santiago/DesarrolloDeSoftwareI/victus-caf/victus-caf-backend/src/main/java/com/victuscaf/modules/client/models/EstadoPago.java[0m
2026.06.03 20:26:32 WARN  no build target for: /home/santiago/DesarrolloDeSoftwareI/victus-caf/victus-caf-backend/src/main/java/com/victuscaf/modules/client/models/RegistroMantenimiento.java[0m
2026.06.03 20:26:32 WARN  no build target for: /home/santiago/DesarrolloDeSoftwareI/victus-caf/victus-caf-backend/src/main/java/com/victuscaf/modules/client/models/EstadoContratoEps.java[0m
2026.06.03 20:26:32 WARN  no build target for: /home/santiago/DesarrolloDeSoftwareI/victus-caf/victus-caf-backend/src/main/java/com/victuscaf/modules/client/models/Rol.java[0m
2026.06.03 20:26:32 WARN  no build target for: /home/santiago/DesarrolloDeSoftwareI/victus-caf/victus-caf-backend/src/main/java/com/victuscaf/modules/client/models/MetaFisica.java[0m
2026.06.03 20:26:32 WARN  no build target for: /home/santiago/DesarrolloDeSoftwareI/victus-caf/victus-caf-backend/src/main/java/com/victuscaf/modules/client/models/BitacoraAccion.java[0m
2026.06.03 20:26:32 WARN  no build target for: /home/santiago/DesarrolloDeSoftwareI/victus-caf/victus-caf-backend/src/main/java/com/victuscaf/modules/client/models/Equipo.java[0m
2026.06.03 20:26:32 WARN  no build target for: /home/santiago/DesarrolloDeSoftwareI/victus-caf/victus-caf-backend/src/main/java/com/victuscaf/modules/client/models/HorarioEntrenador.java[0m
2026.06.03 20:26:32 WARN  no build target for: /home/santiago/DesarrolloDeSoftwareI/victus-caf/victus-caf-backend/src/main/java/com/victuscaf/modules/client/models/EstadoRemision.java[0m
2026.06.03 20:26:32 WARN  no build target for: /home/santiago/DesarrolloDeSoftwareI/victus-caf/victus-caf-backend/src/main/java/com/victuscaf/modules/client/models/Secretaria.java[0m
2026.06.03 20:26:32 WARN  no build target for: /home/santiago/DesarrolloDeSoftwareI/victus-caf/victus-caf-backend/src/main/java/com/victuscaf/modules/client/models/Administrador.java[0m
2026.06.03 20:26:32 WARN  no build target for: /home/santiago/DesarrolloDeSoftwareI/victus-caf/victus-caf-backend/src/main/java/com/victuscaf/modules/client/models/GastoOperativo.java[0m
2026.06.03 20:26:32 WARN  no build target for: /home/santiago/DesarrolloDeSoftwareI/victus-caf/victus-caf-backend/src/main/java/com/victuscaf/modules/client/models/Asistencia.java[0m
2026.06.03 20:26:32 WARN  no build target for: /home/santiago/DesarrolloDeSoftwareI/victus-caf/victus-caf-backend/src/main/java/com/victuscaf/modules/client/models/ParticularDiario.java[0m
2026.06.03 20:26:32 WARN  no build target for: /home/santiago/DesarrolloDeSoftwareI/victus-caf/victus-caf-backend/src/main/java/com/victuscaf/modules/client/models/Tarifa.java[0m
2026.06.03 20:26:32 WARN  no build target for: /home/santiago/DesarrolloDeSoftwareI/victus-caf/victus-caf-backend/src/main/java/com/victuscaf/modules/client/models/TipoGasto.java[0m
2026.06.03 20:26:32 WARN  no build target for: /home/santiago/DesarrolloDeSoftwareI/victus-caf/victus-caf-backend/src/main/java/com/victuscaf/modules/client/models/EstadoMembresia.java[0m
2026.06.03 20:26:32 WARN  no build target for: /home/santiago/DesarrolloDeSoftwareI/victus-caf/victus-caf-backend/src/main/java/com/victuscaf/modules/client/models/Pago.java[0m
2026.06.03 20:26:32 WARN  no build target for: /home/santiago/DesarrolloDeSoftwareI/victus-caf/victus-caf-backend/src/main/java/com/victuscaf/modules/client/models/BeneficiarioEps.java[0m
2026.06.03 20:26:32 WARN  no build target for: /home/santiago/DesarrolloDeSoftwareI/victus-caf/victus-caf-backend/src/main/java/com/victuscaf/modules/client/repository/EquipoRepository.java[0m
2026.06.03 20:26:32 WARN  no build target for: /home/santiago/DesarrolloDeSoftwareI/victus-caf/victus-caf-backend/src/main/java/com/victuscaf/modules/client/repository/BeneficiarioEpsRepository.java[0m
2026.06.03 20:26:32 WARN  no build target for: /home/santiago/DesarrolloDeSoftwareI/victus-caf/victus-caf-backend/src/main/java/com/victuscaf/modules/client/repository/HorarioEntrenadorRepository.java[0m
2026.06.03 20:26:32 WARN  no build target for: /home/santiago/DesarrolloDeSoftwareI/victus-caf/victus-caf-backend/src/main/java/com/victuscaf/modules/client/models/EstadoEquipo.java[0m
2026.06.03 20:26:32 WARN  no build target for: /home/santiago/DesarrolloDeSoftwareI/victus-caf/victus-caf-backend/src/main/java/com/victuscaf/modules/client/models/Rutina.java[0m
2026.06.03 20:26:32 WARN  no build target for: /home/santiago/DesarrolloDeSoftwareI/victus-caf/victus-caf-backend/src/main/java/com/victuscaf/modules/client/models/EvaluacionFisica.java[0m
2026.06.03 20:26:32 WARN  no build target for: /home/santiago/DesarrolloDeSoftwareI/victus-caf/victus-caf-backend/src/main/java/com/victuscaf/modules/client/repository/RegistroMantenimientoRepository.java[0m
2026.06.03 20:26:32 WARN  no build target for: /home/santiago/DesarrolloDeSoftwareI/victus-caf/victus-caf-backend/src/main/java/com/victuscaf/modules/client/models/MetodoDePago.java[0m
2026.06.03 20:26:32 WARN  no build target for: /home/santiago/DesarrolloDeSoftwareI/victus-caf/victus-caf-backend/src/main/java/com/victuscaf/modules/client/models/FacturaEps.java[0m
2026.06.03 20:26:32 WARN  no build target for: /home/santiago/DesarrolloDeSoftwareI/victus-caf/victus-caf-backend/src/main/java/com/victuscaf/modules/client/models/TipoDeCliente.java[0m
2026.06.03 20:26:32 WARN  no build target for: /home/santiago/DesarrolloDeSoftwareI/victus-caf/victus-caf-backend/src/main/java/com/victuscaf/modules/client/repository/BitacoraAccionRepository.java[0m
2026.06.03 20:26:32 WARN  no build target for: /home/santiago/DesarrolloDeSoftwareI/victus-caf/victus-caf-backend/src/main/java/com/victuscaf/modules/client/models/FlujoDeCaja.java[0m
2026.06.03 20:26:32 WARN  no build target for: /home/santiago/DesarrolloDeSoftwareI/victus-caf/victus-caf-backend/src/main/java/com/victuscaf/modules/client/models/Turno.java[0m
2026.06.03 20:26:32 WARN  no build target for: /home/santiago/DesarrolloDeSoftwareI/victus-caf/victus-caf-backend/src/main/java/com/victuscaf/modules/client/models/EstadoFacturaEps.java[0m
2026.06.03 20:26:32 WARN  no build target for: /home/santiago/DesarrolloDeSoftwareI/victus-caf/victus-caf-backend/src/main/java/com/victuscaf/modules/client/models/TipoDePago.java[0m
2026.06.03 20:26:32 WARN  no build target for: /home/santiago/DesarrolloDeSoftwareI/victus-caf/victus-caf-backend/src/main/java/com/victuscaf/modules/client/models/Contrato.java[0m
2026.06.03 20:26:32 WARN  no build target for: /home/santiago/DesarrolloDeSoftwareI/victus-caf/victus-caf-backend/src/main/java/com/victuscaf/modules/client/repository/ParticularMensualRepository.java[0m
2026.06.03 20:26:32 WARN  no build target for: /home/santiago/DesarrolloDeSoftwareI/victus-caf/victus-caf-backend/src/main/java/com/victuscaf/modules/client/repository/EvaluacionFisicaRepository.java[0m
2026.06.03 20:26:32 WARN  no build target for: /home/santiago/DesarrolloDeSoftwareI/victus-caf/victus-caf-backend/src/main/java/com/victuscaf/modules/client/repository/FacturaEpsRepository.java[0m
2026.06.03 20:26:32 WARN  no build target for: /home/santiago/DesarrolloDeSoftwareI/victus-caf/victus-caf-backend/src/main/java/com/victuscaf/modules/client/repository/EntrenadorRepository.java[0m
2026.06.03 20:26:32 WARN  no build target for: /home/santiago/DesarrolloDeSoftwareI/victus-caf/victus-caf-backend/src/main/java/com/victuscaf/modules/client/repository/RemisionRepository.java[0m
2026.06.03 20:26:32 WARN  no build target for: /home/santiago/DesarrolloDeSoftwareI/victus-caf/victus-caf-backend/src/main/java/com/victuscaf/modules/client/repository/PagoRepository.java[0m
2026.06.03 20:26:32 WARN  no build target for: /home/santiago/DesarrolloDeSoftwareI/victus-caf/victus-caf-backend/src/main/java/com/victuscaf/modules/client/repository/ParticularDiarioRepository.java[0m
2026.06.03 20:26:32 WARN  no build target for: /home/santiago/DesarrolloDeSoftwareI/victus-caf/victus-caf-backend/src/main/java/com/victuscaf/modules/client/repository/SecretariaRepository.java[0m
2026.06.03 20:26:32 WARN  no build target for: /home/santiago/DesarrolloDeSoftwareI/victus-caf/victus-caf-backend/src/main/java/com/victuscaf/modules/client/repository/MetaFisicaRepository.java[0m
2026.06.03 20:26:32 WARN  no build target for: /home/santiago/DesarrolloDeSoftwareI/victus-caf/victus-caf-backend/src/main/java/com/victuscaf/modules/client/repository/RutinaRepository.java[0m
2026.06.03 20:26:32 WARN  no build target for: /home/santiago/DesarrolloDeSoftwareI/victus-caf/victus-caf-backend/src/main/java/com/victuscaf/security/SecurityConfig.java[0m
2026.06.03 20:26:32 WARN  no build target for: /home/santiago/DesarrolloDeSoftwareI/victus-caf/victus-caf-backend/src/main/java/com/victuscaf/modules/client/repository/MensajeRepository.java[0m
2026.06.03 20:26:32 WARN  no build target for: /home/santiago/DesarrolloDeSoftwareI/victus-caf/victus-caf-backend/src/main/java/com/victuscaf/modules/client/repository/UsuarioRepository.java[0m
2026.06.03 20:26:32 WARN  no build target for: /home/santiago/DesarrolloDeSoftwareI/victus-caf/victus-caf-backend/src/main/java/com/victuscaf/modules/client/models/Remision.java[0m
2026.06.03 20:26:32 WARN  no build target for: /home/santiago/DesarrolloDeSoftwareI/victus-caf/victus-caf-backend/src/main/java/com/victuscaf/modules/client/models/UsuarioSistema.java[0m
2026.06.03 20:27:53 WARN  no build target for: /home/santiago/DesarrolloDeSoftwareI/victus-caf/victus-caf-backend/src/main/java/com/victuscaf/modules/client/dto/RegistroIngresoDTO.java[0m
2026.06.03 20:27:53 INFO  no build target found for /home/santiago/DesarrolloDeSoftwareI/victus-caf/victus-caf-backend/src/main/java/com/victuscaf/modules/client/repository/SecretariaRepository.java. Using fallback presentation compiler.[0m
2026.06.03 20:27:53 INFO  no build target found for /home/santiago/DesarrolloDeSoftwareI/victus-caf/victus-caf-backend/src/main/java/com/victuscaf/modules/client/repository/MetaFisicaRepository.java. Using fallback presentation compiler.[0m
2026.06.03 20:27:53 INFO  no build target found for /home/santiago/DesarrolloDeSoftwareI/victus-caf/victus-caf-backend/src/main/java/com/victuscaf/modules/client/repository/UsuarioRepository.java. Using fallback presentation compiler.[0m
2026.06.03 20:27:53 INFO  no build target found for /home/santiago/DesarrolloDeSoftwareI/victus-caf/victus-caf-backend/src/main/java/com/victuscaf/modules/client/repository/ParticularDiarioRepository.java. Using fallback presentation compiler.[0m
2026.06.03 20:27:53 INFO  no build target found for /home/santiago/DesarrolloDeSoftwareI/victus-caf/victus-caf-backend/src/main/java/com/victuscaf/modules/client/repository/MensajeRepository.java. Using fallback presentation compiler.[0m
2026.06.03 20:27:53 INFO  no build target found for /home/santiago/DesarrolloDeSoftwareI/victus-caf/victus-caf-backend/src/main/java/com/victuscaf/modules/client/repository/PagoRepository.java. Using fallback presentation compiler.[0m
2026.06.03 20:27:53 INFO  no build target found for /home/santiago/DesarrolloDeSoftwareI/victus-caf/victus-caf-backend/src/main/java/com/victuscaf/modules/client/repository/BeneficiarioEpsRepository.java. Using fallback presentation compiler.[0m
2026.06.03 20:27:53 INFO  no build target found for /home/santiago/DesarrolloDeSoftwareI/victus-caf/victus-caf-backend/src/main/java/com/victuscaf/modules/client/repository/FacturaEpsRepository.java. Using fallback presentation compiler.[0m
2026.06.03 20:27:53 INFO  no build target found for /home/santiago/DesarrolloDeSoftwareI/victus-caf/victus-caf-backend/src/main/java/com/victuscaf/modules/client/repository/ParticularMensualRepository.java. Using fallback presentation compiler.[0m
2026.06.03 20:27:53 INFO  no build target found for /home/santiago/DesarrolloDeSoftwareI/victus-caf/victus-caf-backend/src/main/java/com/victuscaf/modules/client/repository/RemisionRepository.java. Using fallback presentation compiler.[0m
2026.06.03 20:27:54 WARN  no build target for: /home/santiago/DesarrolloDeSoftwareI/victus-caf/victus-caf-backend/src/main/java/com/victuscaf/modules/client/controller/AccesoController.java[0m
2026.06.03 20:29:02 INFO  no build target found for /home/santiago/DesarrolloDeSoftwareI/victus-caf/victus-caf-backend/src/main/java/com/victuscaf/modules/client/models/Secretaria.java. Using fallback presentation compiler.[0m
2026.06.03 20:29:02 INFO  no build target found for /home/santiago/DesarrolloDeSoftwareI/victus-caf/victus-caf-backend/src/main/java/com/victuscaf/modules/client/controller/AccesoController.java. Using fallback presentation compiler.[0m
2026.06.03 20:29:02 INFO  no build target found for /home/santiago/DesarrolloDeSoftwareI/victus-caf/victus-caf-backend/src/main/java/com/victuscaf/modules/client/controller/AccesoController.java. Using fallback presentation compiler.[0m
2026.06.03 20:29:05 INFO  Created report: Optional[file:///home/santiago/DesarrolloDeSoftwareI/victus-caf/victus-caf-backend/src/main/java/com/victuscaf/modules/client/controller/AccesoController.java][0m
2026.06.03 20:29:05 INFO  Created report: Optional[file:///home/santiago/DesarrolloDeSoftwareI/victus-caf/victus-caf-backend/src/main/java/com/victuscaf/modules/client/controller/AccesoController.java][0m
2026.06.03 20:29:05 INFO  empty definition using pc, found symbol in pc: com/victuscaf/modules/client/dto/RegistroIngresoDTO# (full report at: "/home/santiago/DesarrolloDeSoftwareI/victus-caf/.metals/.reports/metals-full/2026-06-03/r_empty-definition_20-29-05-328.md")[0m
2026.06.03 20:29:05 INFO  empty definition using pc, found symbol in pc: com/victuscaf/modules/client/models/Asistencia# (full report at: "/home/santiago/DesarrolloDeSoftwareI/victus-caf/.metals/.reports/metals-full/2026-06-03/r_empty-definition_20-29-05-305.md")[0m
2026.06.03 20:29:05 INFO  no build target found for /home/santiago/DesarrolloDeSoftwareI/victus-caf/victus-caf-backend/src/main/java/com/victuscaf/modules/client/controller/AccesoController.java. Using fallback presentation compiler.[0m
2026.06.03 20:29:07 INFO  no build target found for /home/santiago/DesarrolloDeSoftwareI/victus-caf/victus-caf-backend/src/main/java/com/victuscaf/modules/client/repository/EvaluacionFisicaRepository.java. Using fallback presentation compiler.[0m
2026.06.03 20:29:07 INFO  no build target found for /home/santiago/DesarrolloDeSoftwareI/victus-caf/victus-caf-backend/src/main/java/com/victuscaf/modules/client/repository/EntrenadorRepository.java. Using fallback presentation compiler.[0m
2026.06.03 20:29:07 INFO  no build target found for /home/santiago/DesarrolloDeSoftwareI/victus-caf/victus-caf-backend/src/main/java/com/victuscaf/modules/client/repository/RegistroMantenimientoRepository.java. Using fallback presentation compiler.[0m
2026.06.03 20:29:07 INFO  no build target found for /home/santiago/DesarrolloDeSoftwareI/victus-caf/victus-caf-backend/src/main/java/com/victuscaf/modules/client/repository/BitacoraAccionRepository.java. Using fallback presentation compiler.[0m
2026.06.03 20:29:07 INFO  no build target found for /home/santiago/DesarrolloDeSoftwareI/victus-caf/victus-caf-backend/src/main/java/com/victuscaf/modules/client/repository/HorarioEntrenadorRepository.java. Using fallback presentation compiler.[0m
2026.06.03 20:29:07 INFO  no build target found for /home/santiago/DesarrolloDeSoftwareI/victus-caf/victus-caf-backend/src/main/java/com/victuscaf/modules/client/repository/EquipoRepository.java. Using fallback presentation compiler.[0m
2026.06.03 20:29:07 INFO  no build target found for /home/santiago/DesarrolloDeSoftwareI/victus-caf/victus-caf-backend/src/main/java/com/victuscaf/modules/client/repository/RutinaRepository.java. Using fallback presentation compiler.[0m
2026.06.03 20:29:07 INFO  no build target found for /home/santiago/DesarrolloDeSoftwareI/victus-caf/victus-caf-backend/src/main/java/com/victuscaf/modules/client/models/EstadoEquipo.java. Using fallback presentation compiler.[0m
2026.06.03 20:29:07 INFO  no build target found for /home/santiago/DesarrolloDeSoftwareI/victus-caf/victus-caf-backend/src/main/java/com/victuscaf/modules/client/models/TipoDeCliente.java. Using fallback presentation compiler.[0m
2026.06.03 20:29:07 INFO  no build target found for /home/santiago/DesarrolloDeSoftwareI/victus-caf/victus-caf-backend/src/main/java/com/victuscaf/modules/client/models/Remision.java. Using fallback presentation compiler.[0m
2026.06.03 20:29:08 INFO  no build target found for /home/santiago/DesarrolloDeSoftwareI/victus-caf/victus-caf-backend/src/main/java/com/victuscaf/modules/client/models/UsuarioSistema.java. Using fallback presentation compiler.[0m
2026.06.03 20:29:08 INFO  no build target found for /home/santiago/DesarrolloDeSoftwareI/victus-caf/victus-caf-backend/src/main/java/com/victuscaf/modules/client/models/Tarifa.java. Using fallback presentation compiler.[0m
2026.06.03 20:29:08 INFO  no build target found for /home/santiago/DesarrolloDeSoftwareI/victus-caf/victus-caf-backend/src/main/java/com/victuscaf/modules/client/models/Asistencia.java. Using fallback presentation compiler.[0m
2026.06.03 20:29:08 INFO  no build target found for /home/santiago/DesarrolloDeSoftwareI/victus-caf/victus-caf-backend/src/main/java/com/victuscaf/modules/client/models/Equipo.java. Using fallback presentation compiler.[0m
2026.06.03 20:29:08 INFO  no build target found for /home/santiago/DesarrolloDeSoftwareI/victus-caf/victus-caf-backend/src/main/java/com/victuscaf/modules/client/models/Administrador.java. Using fallback presentation compiler.[0m
2026.06.03 20:29:08 INFO  no build target found for /home/santiago/DesarrolloDeSoftwareI/victus-caf/victus-caf-backend/src/main/java/com/victuscaf/modules/client/models/EstadoMembresia.java. Using fallback presentation compiler.[0m
2026.06.03 20:29:08 INFO  no build target found for /home/santiago/DesarrolloDeSoftwareI/victus-caf/victus-caf-backend/src/main/java/com/victuscaf/modules/client/models/GastoOperativo.java. Using fallback presentation compiler.[0m
2026.06.03 20:29:08 INFO  no build target found for /home/santiago/DesarrolloDeSoftwareI/victus-caf/victus-caf-backend/src/main/java/com/victuscaf/modules/client/models/EstadoFacturaEps.java. Using fallback presentation compiler.[0m
2026.06.03 20:29:08 INFO  no build target found for /home/santiago/DesarrolloDeSoftwareI/victus-caf/victus-caf-backend/src/main/java/com/victuscaf/modules/client/models/Turno.java. Using fallback presentation compiler.[0m
2026.06.03 20:29:08 INFO  no build target found for /home/santiago/DesarrolloDeSoftwareI/victus-caf/victus-caf-backend/src/main/java/com/victuscaf/modules/client/models/TipoGasto.java. Using fallback presentation compiler.[0m
2026.06.03 20:29:09 INFO  no build target found for /home/santiago/DesarrolloDeSoftwareI/victus-caf/victus-caf-backend/src/main/java/com/victuscaf/modules/client/models/TipoDePago.java. Using fallback presentation compiler.[0m
2026.06.03 20:29:09 INFO  no build target found for /home/santiago/DesarrolloDeSoftwareI/victus-caf/victus-caf-backend/src/main/java/com/victuscaf/modules/client/models/Pago.java. Using fallback presentation compiler.[0m
2026.06.03 20:29:09 INFO  no build target found for /home/santiago/DesarrolloDeSoftwareI/victus-caf/victus-caf-backend/src/main/java/com/victuscaf/modules/client/models/MetodoDePago.java. Using fallback presentation compiler.[0m
2026.06.03 20:29:09 INFO  no build target found for /home/santiago/DesarrolloDeSoftwareI/victus-caf/victus-caf-backend/src/main/java/com/victuscaf/modules/client/models/Rol.java. Using fallback presentation compiler.[0m
2026.06.03 20:29:09 INFO  no build target found for /home/santiago/DesarrolloDeSoftwareI/victus-caf/victus-caf-backend/src/main/java/com/victuscaf/modules/client/models/EvaluacionFisica.java. Using fallback presentation compiler.[0m
2026.06.03 20:29:09 INFO  no build target found for /home/santiago/DesarrolloDeSoftwareI/victus-caf/victus-caf-backend/src/main/java/com/victuscaf/modules/client/models/BeneficiarioEps.java. Using fallback presentation compiler.[0m
2026.06.03 20:29:09 INFO  no build target found for /home/santiago/DesarrolloDeSoftwareI/victus-caf/victus-caf-backend/src/main/java/com/victuscaf/modules/client/models/Contrato.java. Using fallback presentation compiler.[0m
2026.06.03 20:29:09 INFO  no build target found for /home/santiago/DesarrolloDeSoftwareI/victus-caf/victus-caf-backend/src/main/java/com/victuscaf/modules/client/models/ParticularDiario.java. Using fallback presentation compiler.[0m
2026.06.03 20:29:09 INFO  no build target found for /home/santiago/DesarrolloDeSoftwareI/victus-caf/victus-caf-backend/src/main/java/com/victuscaf/modules/client/models/Mensaje.java. Using fallback presentation compiler.[0m
2026.06.03 20:29:10 INFO  no build target found for /home/santiago/DesarrolloDeSoftwareI/victus-caf/victus-caf-backend/src/main/java/com/victuscaf/modules/client/models/Notificacion.java. Using fallback presentation compiler.[0m
2026.06.03 20:29:10 INFO  no build target found for /home/santiago/DesarrolloDeSoftwareI/victus-caf/victus-caf-backend/src/main/java/com/victuscaf/modules/client/models/BitacoraAccion.java. Using fallback presentation compiler.[0m
2026.06.03 20:29:10 INFO  no build target found for /home/santiago/DesarrolloDeSoftwareI/victus-caf/victus-caf-backend/src/main/java/com/victuscaf/modules/client/models/MetaFisica.java. Using fallback presentation compiler.[0m
2026.06.03 20:29:10 INFO  no build target found for /home/santiago/DesarrolloDeSoftwareI/victus-caf/victus-caf-backend/src/main/java/com/victuscaf/modules/client/models/Rutina.java. Using fallback presentation compiler.[0m
2026.06.03 20:29:10 INFO  no build target found for /home/santiago/DesarrolloDeSoftwareI/victus-caf/victus-caf-backend/src/main/java/com/victuscaf/modules/client/models/Usuario.java. Using fallback presentation compiler.[0m
2026.06.03 20:29:10 INFO  no build target found for /home/santiago/DesarrolloDeSoftwareI/victus-caf/victus-caf-backend/src/main/java/com/victuscaf/modules/client/models/RegistroMantenimiento.java. Using fallback presentation compiler.[0m
2026.06.03 20:29:10 INFO  no build target found for /home/santiago/DesarrolloDeSoftwareI/victus-caf/victus-caf-backend/src/main/java/com/victuscaf/modules/client/models/EstadoPago.java. Using fallback presentation compiler.[0m
2026.06.03 20:29:10 INFO  no build target found for /home/santiago/DesarrolloDeSoftwareI/victus-caf/victus-caf-backend/src/main/java/com/victuscaf/modules/client/models/TipoAccion.java. Using fallback presentation compiler.[0m
2026.06.03 20:29:12 INFO  no build target found for /home/santiago/DesarrolloDeSoftwareI/victus-caf/victus-caf-backend/src/main/java/com/victuscaf/modules/client/models/Entrenador.java. Using fallback presentation compiler.[0m
2026.06.03 20:29:12 INFO  no build target found for /home/santiago/DesarrolloDeSoftwareI/victus-caf/victus-caf-backend/src/main/java/com/victuscaf/modules/client/models/ParticularMensual.java. Using fallback presentation compiler.[0m
2026.06.03 20:29:12 INFO  no build target found for /home/santiago/DesarrolloDeSoftwareI/victus-caf/victus-caf-backend/src/main/java/com/victuscaf/modules/client/models/EstadoContratoEps.java. Using fallback presentation compiler.[0m
2026.06.03 20:29:12 INFO  no build target found for /home/santiago/DesarrolloDeSoftwareI/victus-caf/victus-caf-backend/src/main/java/com/victuscaf/modules/client/models/HorarioEntrenador.java. Using fallback presentation compiler.[0m
2026.06.03 20:29:12 INFO  no build target found for /home/santiago/DesarrolloDeSoftwareI/victus-caf/victus-caf-backend/src/main/java/com/victuscaf/modules/client/models/FacturaEps.java. Using fallback presentation compiler.[0m
2026.06.03 20:29:12 INFO  no build target found for /home/santiago/DesarrolloDeSoftwareI/victus-caf/victus-caf-backend/src/main/java/com/victuscaf/modules/client/models/EstadoContratoParticular.java. Using fallback presentation compiler.[0m
2026.06.03 20:29:12 INFO  no build target found for /home/santiago/DesarrolloDeSoftwareI/victus-caf/victus-caf-backend/src/main/java/com/victuscaf/modules/client/models/FlujoDeCaja.java. Using fallback presentation compiler.[0m
2026.06.03 20:29:12 INFO  no build target found for /home/santiago/DesarrolloDeSoftwareI/victus-caf/victus-caf-backend/src/main/java/com/victuscaf/modules/client/models/EstadoRemision.java. Using fallback presentation compiler.[0m
2026.06.03 20:29:12 INFO  no build target found for /home/santiago/DesarrolloDeSoftwareI/victus-caf/victus-caf-backend/src/main/java/com/victuscaf/modules/client/models/TipoDeMembresia.java. Using fallback presentation compiler.[0m
2026.06.03 20:29:13 INFO  no build target found for /home/santiago/DesarrolloDeSoftwareI/victus-caf/victus-caf-backend/src/main/java/com/victuscaf/modules/client/models/Secretaria.java. Using fallback presentation compiler.[0m
2026.06.03 20:29:13 INFO  no build target found for /home/santiago/DesarrolloDeSoftwareI/victus-caf/victus-caf-backend/src/test/java/com/victuscaf/VictusCafApplicationTests.java. Using fallback presentation compiler.[0m
